Country Name,Country Code,Series,Series Code,2010 [YR2010],2011 [YR2011],2012 [YR2012],2013 [YR2013],2014 [YR2014],2015 [YR2015],2016 [YR2016],2017 [YR2017],2018 [YR2018],2019 [YR2019],2020 [YR2020],2021 [YR2021],2022 [YR2022],2023 [YR2023],2024 [YR2024]
Afghanistan,AFG,"Teachers in primary education, both sexes (number)",SE.PRM.TCHR,118858,121593,129093,130957,..,142880,140529,132347,134145,..,..,..,..,..,..
Afghanistan,AFG,"Teachers in secondary education, both sexes (number)",SE.SEC.TCHR,..,..,..,..,..,82926,84619,87956,92139,..,..,..,..,..,..
Afghanistan,AFG,"Teachers in pre-primary education, both sexes (number)",SE.PRE.TCHR,..,..,..,..,..,..,..,..,..,..,..,..,..,..,..
Afghanistan,AFG,"Adult literacy rate, population 15+ years, both sexes (%)",SE.ADT.LITR.ZS,..,31.44885,..,..,..,..,..,..,43.01972,..,..,..,..,..,..
Afghanistan,AFG,"Government expenditure on pre-primary education, US$ (millions)",UIS.X.US.02.FSGOV,0,0,0,0,..,0,0,0,..,..,..,..,..,..,..
Afghanistan,AFG,"Government expenditure on primary education, US$ (millions)",UIS.X.US.1.FSGOV,342.82052,382.00443,307.90921,426.22167,447.41375,367.46377,354.52316,362.16755,..,..,..,..,..,..,..
Afghanistan,AFG,"Government expenditure on secondary education, US$ (millions)",UIS.X.US.2T3.FSGOV,147.27517,164.10852,132.27733,183.10417,192.20826,157.86188,178.75878,182.38186,..,..,..,..,..,..,..
Afghanistan,AFG,"Enrolment in pre-primary education, both sexes (number)",SE.PRE.ENRL,..,..,..,..,..,..,..,..,..,..,..,..,..,..,..
Afghanistan,AFG,"Enrolment in secondary education, both sexes (number)",SE.SEC.ENRL,2044157,2208963,2415884,2538420,2602734,2651459,2725421,2899453,3063889,..,..,..,..,..,..
Afghanistan,AFG,"Enrolment in primary education, both sexes (number)",SE.PRM.ENRL,5279326,5291624,5767543,5986268,6217756,6199329,6265011,6350404,6544906,..,..,..,..,..,..
Albania,ALB,"Teachers in primary education, both sexes (number)",SE.PRM.TCHR,11409,10854,10605,10402,10343,10119,9867,9743,9723,9778,..,..,..,..,..
Albania,ALB,"Teachers in secondary education, both sexes (number)",SE.SEC.TCHR,24082,23298,23452,23471,23314,23329,24082,24165,24008,23937,..,..,..,..,..
Albania,ALB,"Teachers in pre-primary education, both sexes (number)",SE.PRE.TCHR,4144,4047,4349,4498,4462,4496,4667,4644,4740,4820,..,..,..,..,..
Albania,ALB,"Adult literacy rate, population 15+ years, both sexes (%)",SE.ADT.LITR.ZS,..,96.8453,97.24697,..,..,..,..,..,98.14115,..,..,..,..,..,..
Albania,ALB,"Government expenditure on pre-primary education, US$ (millions)",UIS.X.US.02.FSGOV,..,..,..,..,..,..,..,..,..,..,..,..,..,..,..
Albania,ALB,"Government expenditure on primary education, US$ (millions)",UIS.X.US.1.FSGOV,..,..,..,..,..,222.22898,..,270.89171,..,..,..,..,..,..,..
Albania,ALB,"Government expenditure on secondary education, US$ (millions)",UIS.X.US.2T3.FSGOV,..,..,..,89.67605,..,84.48703,119.22367,101.39454,..,..,..,..,..,..,..
Albania,ALB,"Enrolment in pre-primary education, both sexes (number)",SE.PRE.ENRL,74914,76389,80488,81865,81448,82494,82623,81194,81026,78942,..,..,..,..,..
Albania,ALB,"Enrolment in secondary education, both sexes (number)",SE.SEC.ENRL,355871,355158,349269,346365,333291,315079,294315,280378,268872,256072,..,..,..,..,..
Albania,ALB,"Enrolment in primary education, both sexes (number)",SE.PRM.ENRL,224781,215660,206617,198897,195720,188371,179564,174836,170861,167104,..,..,..,..,..
Algeria,DZA,"Teachers in primary education, both sexes (number)",SE.PRM.TCHR,141994,144537,149036,155144,159115,164684,169931,176809,182153,222838,..,..,..,..,..
Algeria,DZA,"Teachers in secondary education, both sexes (number)",SE.SEC.TCHR,..,..,..,..,..,..,..,..,..,..,..,..,..,..,..
Algeria,DZA,"Teachers in pre-primary education, both sexes (number)",SE.PRE.TCHR,19383,19323,..,..,..,..,..,..,..,18397,..,..,..,..,..
Algeria,DZA,"Adult literacy rate, population 15+ years, both sexes (%)",SE.ADT.LITR.ZS,..,..,..,..,..,..,..,..,81.40784,..,..,..,..,..,..
Algeria,DZA,"Government expenditure on pre-primary education, US$ (millions)",UIS.X.US.02.FSGOV,..,..,..,..,..,..,..,..,..,..,..,..,..,..,..
Algeria,DZA,"Government expenditure on primary education, US$ (millions)",UIS.X.US.1.FSGOV,..,..,..,..,..,..,..,..,..,..,..,..,..,..,..
Algeria,DZA,"Government expenditure on secondary education, US$ (millions)",UIS.X.US.2T3.FSGOV,..,..,..,..,..,..,..,..,..,..,..,..,..,..,..
Algeria,DZA,"Enrolment in pre-primary education, both sexes (number)",SE.PRE.ENRL,500165,490035,..,..,..,..,..,..,..,..,..,..,..,..,..
Algeria,DZA,"Enrolment in secondary education, both sexes (number)",SE.SEC.ENRL,4616226,4572513,..,..,..,..,..,..,..,..,..,..,..,..,..
Algeria,DZA,"Enrolment in primary education, both sexes (number)",SE.PRM.ENRL,3312440,3363236,3451588,3608812,3765307,3925429,4118362,4283207,4429994,4516571,..,..,..,..,..
American Samoa,ASM,"Teachers in primary education, both sexes (number)",SE.PRM.TCHR,..,..,..,..,..,..,..,..,..,..,..,..,..,..,..
American Samoa,ASM,"Teachers in secondary education, both sexes (number)",SE.SEC.TCHR,..,..,..,..,..,..,..,..,..,..,..,..,..,..,..
American Samoa,ASM,"Teachers in pre-primary education, both sexes (number)",SE.PRE.TCHR,..,..,..,..,..,..,..,..,..,..,..,..,..,..,..
American Samoa,ASM,"Adult literacy rate, population 15+ years, both sexes (%)",SE.ADT.LITR.ZS,..,..,..,..,..,..,..,..,..,..,..,..,..,..,..
American Samoa,ASM,"Government expenditure on pre-primary education, US$ (millions)",UIS.X.US.02.FSGOV,..,..,..,..,..,..,..,..,..,..,..,..,..,..,..
American Samoa,ASM,"Government expenditure on primary education, US$ (millions)",UIS.X.US.1.FSGOV,..,..,..,..,..,..,..,..,..,..,..,..,..,..,..
American Samoa,ASM,"Government expenditure on secondary education, US$ (millions)",UIS.X.US.2T3.FSGOV,..,..,..,..,..,..,..,..,..,..,..,..,..,..,..
American Samoa,ASM,"Enrolment in pre-primary education, both sexes (number)",SE.PRE.ENRL,..,..,..,..,..,..,..,..,..,..,..,..,..,..,..
American Samoa,ASM,"Enrolment in secondary education, both sexes (number)",SE.SEC.ENRL,..,..,..,..,..,..,..,..,..,..,..,..,..,..,..
American Samoa,ASM,"Enrolment in primary education, both sexes (number)",SE.PRM.ENRL,..,..,..,..,..,..,..,..,..,..,..,..,..,..,..
Andorra,AND,"Teachers in primary education, both sexes (number)",SE.PRM.TCHR,453,433,431,436,427,419,422,406,412,411,..,..,..,..,..
Andorra,AND,"Teachers in secondary education, both sexes (number)",SE.SEC.TCHR,..,..,..,543,499,544,557,546,563,566,..,..,..,..,..
Andorra,AND,"Teachers in pre-primary education, both sexes (number)",SE.PRE.TCHR,187,179,178,172,179,181,171,163,166,169,..,..,..,..,..
Andorra,AND,"Adult literacy rate, population 15+ years, both sexes (%)",SE.ADT.LITR.ZS,..,..,..,..,..,..,..,..,..,..,..,..,..,..,..
Andorra,AND,"Government expenditure on pre-primary education, US$ (millions)",UIS.X.US.02.FSGOV,15.00276,15.67712,..,14.5694,13.89234,12.06139,11.91705,11.4973,12.41961,11.75549,..,..,..,..,..
Andorra,AND,"Government expenditure on primary education, US$ (millions)",UIS.X.US.1.FSGOV,29.67335,31.23054,..,25.72771,22.41963,20.20312,20.16358,21.28038,22.38212,21.42019,..,..,..,..,..
Andorra,AND,"Government expenditure on secondary education, US$ (millions)",UIS.X.US.2T3.FSGOV,21.49835,23.15545,..,28.21173,20.62573,22.80015,22.47632,23.90225,26.44299,25.21855,..,..,..,..,..
Andorra,AND,"Enrolment in pre-primary education, both sexes (number)",SE.PRE.ENRL,2411,2380,2435,2423,2453,2427,2340,2263,2204,2123,..,..,..,..,..
Andorra,AND,"Enrolment in secondary education, both sexes (number)",SE.SEC.ENRL,4059,4159,4208,4239,4319,4395,4425,4492,4513,4567,..,..,..,..,..
Andorra,AND,"Enrolment in primary education, both sexes (number)",SE.PRM.ENRL,4367,4263,4130,4068,4065,4164,4248,4263,4325,4322,..,..,..,..,..
Angola,AGO,"Teachers in primary education, both sexes (number)",SE.PRM.TCHR,93734,118158,..,..,..,112352,95827,..,..,..,..,..,..,..,..
Angola,AGO,"Teachers in secondary education, both sexes (number)",SE.SEC.TCHR,..,32279,..,..,..,72859,75997,..,..,..,..,..,..,..,..
Angola,AGO,"Teachers in pre-primary education, both sexes (number)",SE.PRE.TCHR,18032,18894,..,..,..,..,12440,..,..,..,..,..,..,..,..
Angola,AGO,"Adult literacy rate, population 15+ years, both sexes (%)",SE.ADT.LITR.ZS,..,..,..,..,66.03011,..,..,..,..,..,..,..,..,..,..
Angola,AGO,"Government expenditure on pre-primary education, US$ (millions)",UIS.X.US.02.FSGOV,..,..,..,..,..,..,..,..,..,..,..,..,..,..,..
Angola,AGO,"Government expenditure on primary education, US$ (millions)",UIS.X.US.1.FSGOV,..,..,..,..,..,..,..,..,..,..,..,..,..,..,..
Angola,AGO,"Government expenditure on secondary education, US$ (millions)",UIS.X.US.2T3.FSGOV,..,..,..,..,..,..,..,..,..,..,..,..,..,..,..
Angola,AGO,"Enrolment in pre-primary education, both sexes (number)",SE.PRE.ENRL,668358,595938,..,..,..,..,784381,..,..,..,..,..,..,..,..
Angola,AGO,"Enrolment in secondary education, both sexes (number)",SE.SEC.ENRL,850334,884982,..,..,..,..,2034150,..,..,..,..,..,..,..,..
Angola,AGO,"Enrolment in primary education, both sexes (number)",SE.PRM.ENRL,4273006,5026803,..,..,..,5620915,..,..,..,..,..,..,..,..,..
Anguilla,AIA,"Teachers in primary education, both sexes (number)",SE.PRM.TCHR,112,111,..,..,..,..,..,..,..,..,..,..,..,..,..
Anguilla,AIA,"Teachers in secondary education, both sexes (number)",SE.SEC.TCHR,..,124,..,..,..,..,..,..,..,..,..,..,..,..,..
Anguilla,AIA,"Teachers in pre-primary education, both sexes (number)",SE.PRE.TCHR,44,31,..,..,..,..,..,..,..,..,..,..,..,..,..
Anguilla,AIA,"Adult literacy rate, population 15+ years, both sexes (%)",SE.ADT.LITR.ZS,..,..,..,..,..,..,..,..,..,..,..,..,..,..,..
Anguilla,AIA,"Government expenditure on pre-primary education, US$ (millions)",UIS.X.US.02.FSGOV,..,..,..,..,..,..,..,..,..,..,..,..,..,..,..
Anguilla,AIA,"Government expenditure on primary education, US$ (millions)",UIS.X.US.1.FSGOV,..,..,..,..,..,..,..,..,..,..,..,..,..,..,..
Anguilla,AIA,"Government expenditure on secondary education, US$ (millions)",UIS.X.US.2T3.FSGOV,..,..,..,..,..,..,..,..,..,..,..,..,..,..,..
Anguilla,AIA,"Enrolment in pre-primary education, both sexes (number)",SE.PRE.ENRL,..,..,..,..,..,..,..,..,..,..,..,..,..,..,..
Anguilla,AIA,"Enrolment in secondary education, both sexes (number)",SE.SEC.ENRL,..,..,..,..,..,..,..,..,..,..,..,..,..,..,..
Anguilla,AIA,"Enrolment in primary education, both sexes (number)",SE.PRM.ENRL,..,..,..,..,..,..,..,..,..,..,..,..,..,..,..
Antigua and Barbuda,ATG,"Teachers in primary education, both sexes (number)",SE.PRM.TCHR,747,748,755,..,714,703,..,825,816,..,..,..,..,..,..
Antigua and Barbuda,ATG,"Teachers in secondary education, both sexes (number)",SE.SEC.TCHR,694,706,723,..,674,701,..,813,845,..,..,..,..,..,..
Antigua and Barbuda,ATG,"Teachers in pre-primary education, both sexes (number)",SE.PRE.TCHR,267,286,124,..,..,360,..,..,..,..,..,..,..,..,..
Antigua and Barbuda,ATG,"Adult literacy rate, population 15+ years, both sexes (%)",SE.ADT.LITR.ZS,..,98.95,..,..,..,98.95,..,..,..,..,..,..,..,..,..
Antigua and Barbuda,ATG,"Government expenditure on pre-primary education, US$ (millions)",UIS.X.US.02.FSGOV,..,..,..,..,..,..,..,..,..,..,..,..,..,..,..
Antigua and Barbuda,ATG,"Government expenditure on primary education, US$ (millions)",UIS.X.US.1.FSGOV,..,..,..,..,..,..,..,..,..,..,..,..,..,..,..
Antigua and Barbuda,ATG,"Government expenditure on secondary education, US$ (millions)",UIS.X.US.2T3.FSGOV,..,10.60458,..,..,..,..,..,..,..,..,..,..,..,..,..
Antigua and Barbuda,ATG,"Enrolment in pre-primary education, both sexes (number)",SE.PRE.ENRL,2512,2438,2596,..,2182,..,..,2075,2050,..,..,..,..,..,..
Antigua and Barbuda,ATG,"Enrolment in secondary education, both sexes (number)",SE.SEC.ENRL,8436,8449,8383,..,8077,8048,..,7839,7856,..,..,..,..,..,..
Antigua and Barbuda,ATG,"Enrolment in primary education, both sexes (number)",SE.PRM.ENRL,11254,10855,10453,..,10172,10077,..,9946,10123,..,..,..,..,..,..
Arab World,ARB,"Teachers in primary education, both sexes (number)",SE.PRM.TCHR,1986583.295,2068075.11,2231272.235,2266854.62,2315002.987,2313492.499,2302263.162,2299196.088,2333230.682,2401307.199,..,..,..,..,..
Arab World,ARB,"Teachers in secondary education, both sexes (number)",SE.SEC.TCHR,2080794.532,2167015.011,2206901.813,2187146.522,2152338.782,2184856.971,2188675.673,2198224.719,2243967.935,2217199.833,..,..,..,..,..
Arab World,ARB,"Teachers in pre-primary education, both sexes (number)",SE.PRE.TCHR,207256.6534,222923.0828,235666.5188,239806.3529,263346.5801,265831.3444,269036.2698,275272.9899,272065.1124,277373.5975,..,..,..,..,..
Arab World,ARB,"Adult literacy rate, population 15+ years, both sexes (%)",SE.ADT.LITR.ZS,69.24863,71.06061,74.43569,74.04358,75.71389,73.49939,74.8408,75.76682,72.86909,73.11425,..,..,..,..,..
Arab World,ARB,"Government expenditure on pre-primary education, US$ (millions)",UIS.X.US.02.FSGOV,..,..,..,..,..,..,..,..,..,..,..,..,..,..,..
Arab World,ARB,"Government expenditure on primary education, US$ (millions)",UIS.X.US.1.FSGOV,..,..,..,..,..,..,..,..,..,..,..,..,..,..,..
Arab World,ARB,"Government expenditure on secondary education, US$ (millions)",UIS.X.US.2T3.FSGOV,..,..,..,..,..,..,..,..,..,..,..,..,..,..,..
Arab World,ARB,"Enrolment in pre-primary education, both sexes (number)",SE.PRE.ENRL,4197441.113,4279593.73,4482142.327,4616803.338,5156677.02,5350298.129,5457124.528,5641577.453,5752573.742,5984438.134,..,..,..,..,..
Arab World,ARB,"Enrolment in secondary education, both sexes (number)",SE.SEC.ENRL,30198068.55,31339577.77,31811284.48,31251053.27,30941941.59,31393656.48,31651475.84,32151230.7,32878547.78,33673382.1,..,..,..,..,..
Arab World,ARB,"Enrolment in primary education, both sexes (number)",SE.PRM.ENRL,41836868.07,42111397.04,43447614.05,43561851.85,44953898.81,45545022.82,46378905.57,47415468.42,48540490.7,49874711.32,..,..,..,..,..
Argentina,ARG,"Teachers in primary education, both sexes (number)",SE.PRM.TCHR,..,..,..,..,..,..,..,..,..,..,..,..,..,..,..
Argentina,ARG,"Teachers in secondary education, both sexes (number)",SE.SEC.TCHR,..,..,..,..,..,..,..,..,..,..,..,..,..,..,..
Argentina,ARG,"Teachers in pre-primary education, both sexes (number)",SE.PRE.TCHR,..,..,..,..,..,..,..,..,..,..,..,..,..,..,..
Argentina,ARG,"Adult literacy rate, population 15+ years, both sexes (%)",SE.ADT.LITR.ZS,98.95497,99.10833,99.10523,99.12195,98.99389,99.17996,99.12501,..,99.00387,..,..,..,..,..,..
Argentina,ARG,"Government expenditure on pre-primary education, US$ (millions)",UIS.X.US.02.FSGOV,1581.47552,2279.4582,2283.05562,2462.64623,2273.8937,2779.26976,2665.81936,3084.25842,..,..,..,..,..,..,..
Argentina,ARG,"Government expenditure on primary education, US$ (millions)",UIS.X.US.1.FSGOV,7029.0937,8966.87823,9281.22164,9013.13548,8482.54125,10320.21764,9298.23808,10389.34103,..,..,..,..,..,..,..
Argentina,ARG,"Government expenditure on secondary education, US$ (millions)",UIS.X.US.2T3.FSGOV,8431.51864,11351.94719,11802.86944,12462.93002,11704.21136,14199.18716,12656.56425,13880.52459,..,..,..,..,..,..,..
Argentina,ARG,"Enrolment in pre-primary education, both sexes (number)",SE.PRE.ENRL,1484207,1487105,1527075,1566810,1597990,1638369,1664915,1694680,..,..,..,..,..,..,..
Argentina,ARG,"Enrolment in secondary education, both sexes (number)",SE.SEC.ENRL,4213136,4279426,4346391,4406046,4450741,4501734,4583002,4612663,..,..,..,..,..,..,..
Argentina,ARG,"Enrolment in primary education, both sexes (number)",SE.PRM.ENRL,4947105,4911776,4871157,4791544,4780105,4784446,4775782,4753843,..,..,..,..,..,..,..
Armenia,ARM,"Teachers in primary education, both sexes (number)",SE.PRM.TCHR,..,..,..,..,..,..,..,..,9950,7215,..,..,..,..,..
Armenia,ARM,"Teachers in secondary education, both sexes (number)",SE.SEC.TCHR,..,..,..,..,..,..,..,..,29311,25093,..,..,..,..,..
Armenia,ARM,"Teachers in pre-primary education, both sexes (number)",SE.PRE.TCHR,5476,6152,6761,6925,6797,7442,7602,7793,7848,8176,..,..,..,..,..
Armenia,ARM,"Adult literacy rate, population 15+ years, both sexes (%)",SE.ADT.LITR.ZS,..,99.74441,..,..,..,..,..,99.73607,..,..,..,..,..,..,..
Armenia,ARM,"Government expenditure on pre-primary education, US$ (millions)",UIS.X.US.02.FSGOV,..,28.70808,29.83197,32.28568,..,34.8268,34.65438,37.44478,..,..,..,..,..,..,..
Armenia,ARM,"Government expenditure on primary education, US$ (millions)",UIS.X.US.1.FSGOV,..,..,54.9913,59.27427,..,57.32614,60.11148,60.46789,..,..,..,..,..,..,..
Armenia,ARM,"Government expenditure on secondary education, US$ (millions)",UIS.X.US.2T3.FSGOV,..,..,149.12618,144.07129,142.08794,..,148.56234,146.29886,..,..,..,..,..,..,..
Armenia,ARM,"Enrolment in pre-primary education, both sexes (number)",SE.PRE.ENRL,53877,58316,63542,59591,61086,64959,65025,65421,49214,50747,..,..,..,..,..
Armenia,ARM,"Enrolment in secondary education, both sexes (number)",SE.SEC.ENRL,305765,255835,..,252428,244543,240291,..,..,234983,248972,..,..,..,..,..
Armenia,ARM,"Enrolment in primary education, both sexes (number)",SE.PRM.ENRL,101819,136716,138470,140638,142517,144549,148481,152134,153415,154409,..,..,..,..,..
Aruba,ABW,"Teachers in primary education, both sexes (number)",SE.PRM.TCHR,586,604,601,..,..,..,..,..,..,..,..,..,..,..,..
Aruba,ABW,"Teachers in secondary education, both sexes (number)",SE.SEC.TCHR,532,528,555,..,..,..,..,..,..,..,..,..,..,..,..
Aruba,ABW,"Teachers in pre-primary education, both sexes (number)",SE.PRE.TCHR,144,147,147,..,..,..,..,..,..,..,..,..,..,..,..
Aruba,ABW,"Adult literacy rate, population 15+ years, both sexes (%)",SE.ADT.LITR.ZS,96.82264,..,..,..,..,..,..,..,97.80742,..,..,..,..,..,..
Aruba,ABW,"Government expenditure on pre-primary education, US$ (millions)",UIS.X.US.02.FSGOV,..,..,9.28759,9.57044,9.50275,8.99554,9.32648,..,..,..,..,..,..,..,..
Aruba,ABW,"Government expenditure on primary education, US$ (millions)",UIS.X.US.1.FSGOV,..,..,40.38238,42.59836,42.81187,41.59405,45.09899,..,..,..,..,..,..,..,..
Aruba,ABW,"Government expenditure on secondary education, US$ (millions)",UIS.X.US.2T3.FSGOV,..,..,51.95495,55.31264,56.22549,53.52016,54.47024,..,..,..,..,..,..,..,..
Aruba,ABW,"Enrolment in pre-primary education, both sexes (number)",SE.PRE.ENRL,2809,2782,2874,2822,2811,..,..,..,..,..,..,..,..,..,..
Aruba,ABW,"Enrolment in secondary education, both sexes (number)",SE.SEC.ENRL,7342,7378,8377,..,..,..,..,..,..,..,..,..,..,..,..
Aruba,ABW,"Enrolment in primary education, both sexes (number)",SE.PRM.ENRL,9858,9112,8888,9803,9816,..,..,..,..,..,..,..,..,..,..
Australia,AUS,"Teachers in primary education, both sexes (number)",SE.PRM.TCHR,..,..,..,..,..,..,..,..,..,..,..,..,..,..,..
Australia,AUS,"Teachers in secondary education, both sexes (number)",SE.SEC.TCHR,..,..,..,..,..,..,..,..,..,..,..,..,..,..,..
Australia,AUS,"Teachers in pre-primary education, both sexes (number)",SE.PRE.TCHR,..,..,..,..,..,..,..,..,..,..,..,..,..,..,..
Australia,AUS,"Adult literacy rate, population 15+ years, both sexes (%)",SE.ADT.LITR.ZS,..,..,..,..,..,..,..,..,..,..,..,..,..,..,..
Australia,AUS,"Government expenditure on pre-primary education, US$ (millions)",UIS.X.US.02.FSGOV,742.0946,1545.98734,1885.21138,2254.82713,2180.86019,2340.32164,2809.79764,3065.22126,..,..,..,..,..,..,..
Australia,AUS,"Government expenditure on primary education, US$ (millions)",UIS.X.US.1.FSGOV,23413.46125,25494.23912,25701.63126,27052.50846,24727.49839,22818.67548,21044.40239,22664.92726,..,..,..,..,..,..,..
Australia,AUS,"Government expenditure on secondary education, US$ (millions)",UIS.X.US.2T3.FSGOV,23401.91349,25933.39212,26545.64446,27255.52478,24527.83898,21914.85703,19950.57505,22014.25427,..,..,..,..,..,..,..
Australia,AUS,"Enrolment in pre-primary education, both sexes (number)",SE.PRE.ENRL,218387,273564,320254,334387,357052,393403,533825,528373,533835,..,..,..,..,..,..
Australia,AUS,"Enrolment in secondary education, both sexes (number)",SE.SEC.ENRL,..,..,..,..,..,2709319,2662318,2650486,2379962,..,..,..,..,..,..
Australia,AUS,"Enrolment in primary education, both sexes (number)",SE.PRM.ENRL,2015017,2042081,2083119,2127730,2168531,2140571,2179689,2216779,2247875,..,..,..,..,..,..
Austria,AUT,"Teachers in primary education, both sexes (number)",SE.PRM.TCHR,29743,29957,30204,30565.95453,30533.42368,30972.43411,31933.2246,33438.03126,..,..,..,..,..,..,..
Austria,AUT,"Teachers in secondary education, both sexes (number)",SE.SEC.TCHR,74576,74754,74426,73036,72563.65,72162.28,72960.55908,73673.57,..,..,..,..,..,..,..
Austria,AUT,"Teachers in pre-primary education, both sexes (number)",SE.PRE.TCHR,19353,19941,20603,20322.53682,20438.67205,21487.22099,22590.00148,22172.63721,..,..,..,..,..,..,..
Austria,AUT,"Adult literacy rate, population 15+ years, both sexes (%)",SE.ADT.LITR.ZS,..,..,..,..,..,..,..,..,..,..,..,..,..,..,..
Austria,AUT,"Government expenditure on pre-primary education, US$ (millions)",UIS.X.US.02.FSGOV,2307.20261,2465.87868,1862.23721,2003.09665,2111.49962,1836.48154,1971.59864,2112.66948,..,..,..,..,..,..,..
Austria,AUT,"Government expenditure on primary education, US$ (millions)",UIS.X.US.1.FSGOV,3827.42803,4121.50227,3475.76442,3889.16612,3923.96321,3451.79528,3598.19439,3789.00969,..,..,..,..,..,..,..
Austria,AUT,"Government expenditure on secondary education, US$ (millions)",UIS.X.US.2T3.FSGOV,9909.8897,10936.50643,9248.31142,9830.25697,9718.89727,8308.12695,8589.71082,8845.30889,..,..,..,..,..,..,..
Austria,AUT,"Enrolment in pre-primary education, both sexes (number)",SE.PRE.ENRL,240230,239597,245529,237336.5,239904,245251,251839.5,255874.8333,257226.5,..,..,..,..,..,..
Austria,AUT,"Enrolment in secondary education, both sexes (number)",SE.SEC.ENRL,743709,723523,709910,706501.6083,697388.4167,691071.252,687126.0273,687361.7599,687386.106,..,..,..,..,..,..
Austria,AUT,"Enrolment in primary education, both sexes (number)",SE.PRM.ENRL,328015,326351,326955,327187,327246.8333,327816.8333,329031.5,334933.1667,339021.8333,..,..,..,..,..,..
Azerbaijan,AZE,"Teachers in primary education, both sexes (number)",SE.PRM.TCHR,43610,43242,41221,41012,41012,40830,37516,39293,41164,40946,..,..,..,..,..
Azerbaijan,AZE,"Teachers in secondary education, both sexes (number)",SE.SEC.TCHR,..,..,..,..,..,..,130300,127300,124211,123393,..,..,..,..,..
Azerbaijan,AZE,"Teachers in pre-primary education, both sexes (number)",SE.PRE.TCHR,10044,10514,10920,10996,9805,10137,10757,..,11173,11231,..,..,..,..,..
Azerbaijan,AZE,"Adult literacy rate, population 15+ years, both sexes (%)",SE.ADT.LITR.ZS,99.77114,99.77863,99.77577,99.78936,99.78899,99.78806,99.79006,99.79123,..,..,..,..,..,..,..
Azerbaijan,AZE,"Government expenditure on pre-primary education, US$ (millions)",UIS.X.US.02.FSGOV,103.72792,111.73977,..,..,..,148.55827,115.3317,114.15756,102.05006,..,..,..,..,..,..
Azerbaijan,AZE,"Government expenditure on primary education, US$ (millions)",UIS.X.US.1.FSGOV,..,..,..,..,..,..,..,..,..,..,..,..,..,..,..
Azerbaijan,AZE,"Government expenditure on secondary education, US$ (millions)",UIS.X.US.2T3.FSGOV,..,..,..,..,..,..,..,..,..,..,..,..,..,..,..
Azerbaijan,AZE,"Enrolment in pre-primary education, both sexes (number)",SE.PRE.ENRL,93039,97520,98502,109424,107130,116352,115888,186022,203011,207008,..,..,..,..,..
Azerbaijan,AZE,"Enrolment in pre-primary education, both sexes (number)",SE.PRE.ENRL,93039,97520,98502,109424,107130,116352,115888,186022,203011,207008,..,..,..,..,..
Azerbaijan,AZE,"Enrolment in secondary education, both sexes (number)",SE.SEC.ENRL,..,..,..,..,..,..,..,..,945226,967454,..,..,..,..,..
Azerbaijan,AZE,"Enrolment in primary education, both sexes (number)",SE.PRM.ENRL,481551,482773,491479,498237,517708,551118,580980,607391,635153,645392,..,..,..,..,..
"Bahamas, The",BHS,"Teachers in primary education, both sexes (number)",SE.PRM.TCHR,2402,1996,1634,1803,1743,1555,1611,1555,1517,..,..,..,..,..,..
"Bahamas, The",BHS,"Teachers in secondary education, both sexes (number)",SE.SEC.TCHR,2837,2974,2309,2433,2534,2185,2414,2185,2154,..,..,..,..,..,..
"Bahamas, The",BHS,"Teachers in pre-primary education, both sexes (number)",SE.PRE.TCHR,..,73,147,266,217,213,161,213,174,..,..,..,..,..,..
"Bahamas, The",BHS,"Adult literacy rate, population 15+ years, both sexes (%)",SE.ADT.LITR.ZS,..,..,..,..,..,..,..,..,..,..,..,..,..,..,..
"Bahamas, The",BHS,"Government expenditure on pre-primary education, US$ (millions)",UIS.X.US.02.FSGOV,..,..,..,..,..,..,..,..,..,..,..,..,..,..,..
"Bahamas, The",BHS,"Government expenditure on primary education, US$ (millions)",UIS.X.US.1.FSGOV,..,..,..,..,..,..,..,..,..,..,..,..,..,..,..
"Bahamas, The",BHS,"Government expenditure on secondary education, US$ (millions)",UIS.X.US.2T3.FSGOV,..,..,..,..,..,..,..,..,..,..,..,..,..,..,..
"Bahamas, The",BHS,"Enrolment in pre-primary education, both sexes (number)",SE.PRE.ENRL,..,4526,5039,3716,4593,3397,3650,3869,3594,..,..,..,..,..,..
"Bahamas, The",BHS,"Enrolment in secondary education, both sexes (number)",SE.SEC.ENRL,34406,32973,33351,29939,31681,25766,28384,30740,26884,..,..,..,..,..,..
"Bahamas, The",BHS,"Enrolment in primary education, both sexes (number)",SE.PRM.ENRL,33977,36347,34283,31520,31705,32719,30655,..,29504,..,..,..,..,..,..
Bahrain,BHR,"Teachers in primary education, both sexes (number)",SE.PRM.TCHR,..,7679,8117,8413,8896,9219,9303,9332,9551,9460,..,..,..,..,..
Bahrain,BHR,"Teachers in secondary education, both sexes (number)",SE.SEC.TCHR,..,7881,8646,8894,9138,9374,9770,9632,9671,9784,..,..,..,..,..
Bahrain,BHR,"Teachers in pre-primary education, both sexes (number)",SE.PRE.TCHR,1683,1730,1856,2072,2160,2214,2374,2474,2401,2452,..,..,..,..,..
Bahrain,BHR,"Adult literacy rate, population 15+ years, both sexes (%)",SE.ADT.LITR.ZS,90.9774,..,..,..,..,..,97.06668,97.40389,97.46419,..,..,..,..,..,..
Bahrain,BHR,"Government expenditure on pre-primary education, US$ (millions)",UIS.X.US.02.FSGOV,0,0,..,..,..,..,..,..,..,..,..,..,..,..,..
Bahrain,BHR,"Government expenditure on primary education, US$ (millions)",UIS.X.US.1.FSGOV,..,..,..,258.48768,267.72424,273.94407,..,..,..,..,..,..,..,..,..
Bahrain,BHR,"Government expenditure on secondary education, US$ (millions)",UIS.X.US.2T3.FSGOV,..,..,..,349.81361,354.79561,367.26916,..,..,..,..,..,..,..,..,..
Bahrain,BHR,"Enrolment in pre-primary education, both sexes (number)",SE.PRE.ENRL,26107,27080,27891,30285,32868,33186,33996,34055,34585,34355,..,..,..,..,..
Bahrain,BHR,"Enrolment in secondary education, both sexes (number)",SE.SEC.ENRL,79919,81857,83141,88866,90092,92454,95666,97733,99026,102003,..,..,..,..,..
Bahrain,BHR,"Enrolment in primary education, both sexes (number)",SE.PRM.ENRL,..,93038,95524,99702,103806,108154,112179,113470,113878,115819,..,..,..,..,..
Bangladesh,BGD,"Teachers in primary education, both sexes (number)",SE.PRM.TCHR,395281,458389,..,..,..,527798,548201,574001,576887,..,..,..,..,..,..
Bangladesh,BGD,"Teachers in secondary education, both sexes (number)",SE.SEC.TCHR,400052,376914,378049,378209,..,..,436223.9744,450665.8182,452193,406716,..,..,..,..,..
Bangladesh,BGD,"Teachers in pre-primary education, both sexes (number)",SE.PRE.TCHR,..,..,..,..,..,..,..,..,..,..,..,..,..,..,..
Bangladesh,BGD,"Adult literacy rate, population 15+ years, both sexes (%)",SE.ADT.LITR.ZS,..,58.76918,57.86075,61.01554,61.0933,65.13733,72.75872,72.89297,73.9122,74.68446,..,..,..,..,..
Bangladesh,BGD,"Government expenditure on pre-primary education, US$ (millions)",UIS.X.US.02.FSGOV,0,0,0,..,..,..,..,..,..,..,..,..,..,..,..
Bangladesh,BGD,"Government expenditure on primary education, US$ (millions)",UIS.X.US.1.FSGOV,..,1158.89108,1248.22154,..,..,..,..,..,..,..,..,..,..,..,..
Bangladesh,BGD,"Government expenditure on secondary education, US$ (millions)",UIS.X.US.2T3.FSGOV,999.81977,1011.5718,1094.19719,..,..,..,2187.1023,..,..,2291.32184,..,..,..,..,..
Bangladesh,BGD,"Enrolment in pre-primary education, both sexes (number)",SE.PRE.ENRL,1233593,2375955,..,2961031,..,2864877,3129535,3667851,3578384,..,..,..,..,..,..
Bangladesh,BGD,"Enrolment in secondary education, both sexes (number)",SE.SEC.ENRL,11334055,11542964,12187154,13314077,..,14566771,15787818,15314757,15869820,15710974,..,..,..,..,..
Bangladesh,BGD,"Enrolment in primary education, both sexes (number)",SE.PRM.ENRL,16987106,..,..,..,..,..,..,17251350,17338100,..,..,..,..,..,..
Barbados,BRB,"Teachers in primary education, both sexes (number)",SE.PRM.TCHR,1742,1720,..,..,1665,1560,1553,1446,1445,1398,..,..,..,..,..
Barbados,BRB,"Teachers in secondary education, both sexes (number)",SE.SEC.TCHR,..,..,..,..,..,1172,1093,1097,1091,1092,..,..,..,..,..
Barbados,BRB,"Teachers in pre-primary education, both sexes (number)",SE.PRE.TCHR,359,348,..,..,371,367,365,347,340,348,..,..,..,..,..
Barbados,BRB,"Adult literacy rate, population 15+ years, both sexes (%)",SE.ADT.LITR.ZS,..,..,..,..,99.6,..,..,..,..,..,..,..,..,..,..
Barbados,BRB,"Government expenditure on pre-primary education, US$ (millions)",UIS.X.US.02.FSGOV,..,..,..,..,..,..,..,..,..,..,..,..,..,..,..
Barbados,BRB,"Government expenditure on primary education, US$ (millions)",UIS.X.US.1.FSGOV,..,..,..,..,..,..,69.11846,..,..,..,..,..,..,..,..
Barbados,BRB,"Government expenditure on secondary education, US$ (millions)",UIS.X.US.2T3.FSGOV,80.12745,..,73.36888,59.01012,64.58115,..,91.76461,..,..,..,..,..,..,..,..
Barbados,BRB,"Enrolment in pre-primary education, both sexes (number)",SE.PRE.ENRL,5814,5620,..,..,5966,6015,5711,5622,5320,5144,..,..,..,..,..
Barbados,BRB,"Enrolment in secondary education, both sexes (number)",SE.SEC.ENRL,19497,19696,..,..,20603,20554,20370,20249,19571,19121,..,..,..,..,..
Barbados,BRB,"Enrolment in primary education, both sexes (number)",SE.PRM.ENRL,22659,22509,..,..,21171,20909,20731,20384,20218,19895,..,..,..,..,..
Belarus,BLR,"Teachers in primary education, both sexes (number)",SE.PRM.TCHR,23907,23644,23595,23150,22383,22029,22385,22497,22241,..,..,..,..,..,..
Belarus,BLR,"Teachers in secondary education, both sexes (number)",SE.SEC.TCHR,..,..,..,85401,80513,77028,77654,77110,75835,..,..,..,..,..,..
Belarus,BLR,"Teachers in pre-primary education, both sexes (number)",SE.PRE.TCHR,44470,45101,47213,41718,41851,43258,43285,43715,44133,..,..,..,..,..,..
Belarus,BLR,"Adult literacy rate, population 15+ years, both sexes (%)",SE.ADT.LITR.ZS,..,..,..,..,..,..,..,..,99.75656,..,..,..,..,..,..
Belarus,BLR,"Government expenditure on pre-primary education, US$ (millions)",UIS.X.US.02.FSGOV,567.27995,608.91256,..,..,..,..,..,628.55204,..,..,..,..,..,..,..
Belarus,BLR,"Government expenditure on primary education, US$ (millions)",UIS.X.US.1.FSGOV,..,..,..,..,..,..,..,..,..,..,..,..,..,..,..
Belarus,BLR,"Government expenditure on secondary education, US$ (millions)",UIS.X.US.2T3.FSGOV,..,..,..,..,..,..,..,1324.10181,..,..,..,..,..,..,..
Belarus,BLR,"Enrolment in pre-primary education, both sexes (number)",SE.PRE.ENRL,281575,296823,302631,318900,326933,330616,330567,339295,349373,..,..,..,..,..,..
Belarus,BLR,"Enrolment in secondary education, both sexes (number)",SE.SEC.ENRL,762616,722508,693047,660837,648541,644153,644344,644334,649357,..,..,..,..,..,..
Belarus,BLR,"Enrolment in primary education, both sexes (number)",SE.PRM.ENRL,357796,353801,351780,355634,368783,387051,410487,423001,427752,..,..,..,..,..,..
Belgium,BEL,"Teachers in primary education, both sexes (number)",SE.PRM.TCHR,66317,65783,66441,68576,68826,69681,70530,72269,73029,..,..,..,..,..,..
Belgium,BEL,"Teachers in secondary education, both sexes (number)",SE.SEC.TCHR,..,..,..,127706,128413,129222,130790,132043,132355,..,..,..,..,..,..
Belgium,BEL,"Teachers in pre-primary education, both sexes (number)",SE.PRE.TCHR,31194,31978,32488,33653,34465,35254,35626,35890,36162,..,..,..,..,..,..
Belgium,BEL,"Adult literacy rate, population 15+ years, both sexes (%)",SE.ADT.LITR.ZS,..,..,..,..,..,..,..,..,..,..,..,..,..,..,..
Belgium,BEL,"Government expenditure on pre-primary education, US$ (millions)",UIS.X.US.02.FSGOV,2936.18094,3213.22911,..,3681.13865,3735.35276,3186.24791,3313.76937,3446.75943,..,..,..,..,..,..,..
Belgium,BEL,"Government expenditure on primary education, US$ (millions)",UIS.X.US.1.FSGOV,..,..,..,8077.03919,8144.05628,7017.36224,7319.93538,7681.31962,..,..,..,..,..,..,..
Belgium,BEL,"Government expenditure on secondary education, US$ (millions)",UIS.X.US.2T3.FSGOV,..,..,..,14572.29878,..,..,..,..,..,..,..,..,..,..,..
Belgium,BEL,"Government expenditure on secondary education, US$ (millions)",UIS.X.US.2T3.FSGOV,..,..,..,14572.29878,..,..,..,..,..,..,..,..,..,..,..
Belgium,BEL,"Enrolment in pre-primary education, both sexes (number)",SE.PRE.ENRL,434262,444960,452309,456989,462831,461070,459576,455934,450052,..,..,..,..,..,..
Belgium,BEL,"Enrolment in secondary education, both sexes (number)",SE.SEC.ENRL,1202775,1190846,1191573,1206574,1210112,1217912,1196383,1186830,1179334,..,..,..,..,..,..
Belgium,BEL,"Enrolment in primary education, both sexes (number)",SE.PRM.ENRL,731761,736062,744331,764137,773568,782606,797390,814974,821236,..,..,..,..,..,..
Belize,BLZ,"Teachers in primary education, both sexes (number)",SE.PRM.TCHR,2367,2391,2486,2329,2321,2548,2552,2630,2566,2623,..,..,..,..,..
Belize,BLZ,"Teachers in secondary education, both sexes (number)",SE.SEC.TCHR,1947,2060,2142,2116,..,2322,2230,2401,2413,2445,..,..,..,..,..
Belize,BLZ,"Teachers in pre-primary education, both sexes (number)",SE.PRE.TCHR,378,413,436,436,452,455,451,455,447,432,..,..,..,..,..
Belize,BLZ,"Adult literacy rate, population 15+ years, both sexes (%)",SE.ADT.LITR.ZS,..,..,..,..,..,..,..,..,..,..,..,..,..,..,..
Belize,BLZ,"Government expenditure on pre-primary education, US$ (millions)",UIS.X.US.02.FSGOV,1.3417,..,..,1.40737,..,5.57931,6.00786,6.05608,6.45289,..,..,..,..,..,..
Belize,BLZ,"Government expenditure on primary education, US$ (millions)",UIS.X.US.1.FSGOV,40.766,..,36.2835,39.18269,39.52951,37.68985,41.47925,41.83299,43.43995,..,..,..,..,..,..
Belize,BLZ,"Government expenditure on secondary education, US$ (millions)",UIS.X.US.2T3.FSGOV,36.40745,..,36.8369,37.31939,41.08135,47.16428,52.33537,53.26121,55.96823,..,..,..,..,..,..
Belize,BLZ,"Enrolment in pre-primary education, both sexes (number)",SE.PRE.ENRL,6596,6739,7116,7400,7501,7505,7618,7461,7349,7485,..,..,..,..,..
Belize,BLZ,"Enrolment in secondary education, both sexes (number)",SE.SEC.ENRL,32780,33614,35391,36778,37095,37856,41046,39756,40353,40641,..,..,..,..,..
Belize,BLZ,"Enrolment in primary education, both sexes (number)",SE.PRM.ENRL,52650,52361,53605,52573,51978,52072,52333,51512,50764,50388,..,..,..,..,..
Benin,BEN,"Teachers in primary education, both sexes (number)",SE.PRM.TCHR,38540,42293,45010,47201,46454,49688,54463,51677,56738,53341,..,..,..,..,..
Benin,BEN,"Teachers in secondary education, both sexes (number)",SE.SEC.TCHR,..,..,..,88460,90439,93366,90341,..,..,..,..,..,..,..,..
Benin,BEN,"Teachers in pre-primary education, both sexes (number)",SE.PRE.TCHR,2928,4043,4454,4556,4818,5927,6133,6613,7193,5418,..,..,..,..,..
Benin,BEN,"Adult literacy rate, population 15+ years, both sexes (%)",SE.ADT.LITR.ZS,..,..,32.94882,..,..,..,..,..,42.3624,..,..,..,..,..,..
Benin,BEN,"Government expenditure on pre-primary education, US$ (millions)",UIS.X.US.02.FSGOV,8.95306,..,8.52111,10.29617,17.81392,15.56315,..,..,..,..,..,..,..,..,..
Benin,BEN,"Government expenditure on primary education, US$ (millions)",UIS.X.US.1.FSGOV,185.36361,..,202.90759,208.802,205.56785,179.98077,..,..,..,..,..,..,..,..,..
Benin,BEN,"Government expenditure on secondary education, US$ (millions)",UIS.X.US.2T3.FSGOV,98.18996,..,87.19342,109.81334,110.2654,85.76603,..,..,..,..,..,..,..,..,..
Benin,BEN,"Enrolment in pre-primary education, both sexes (number)",SE.PRE.ENRL,97333,109449,111621,119138,128703,151732,160448,..,172424,169011,..,..,..,..,..
Benin,BEN,"Enrolment in secondary education, both sexes (number)",SE.SEC.ENRL,..,723727,..,868990,896763,963787,992999,..,..,..,..,..,..,..,..
Benin,BEN,"Enrolment in primary education, both sexes (number)",SE.PRM.ENRL,1787940,1869379,1987182,2064031,2133330,2238185,2267835,2251555,2223966,2180896,..,..,..,..,..
Bermuda,BMU,"Teachers in primary education, both sexes (number)",SE.PRM.TCHR,608,486,429,573,610,398,420,..,..,..,..,..,..,..,..
Bermuda,BMU,"Teachers in secondary education, both sexes (number)",SE.SEC.TCHR,825,670,661,785,822,638,672,..,..,..,..,..,..,..,..
Bermuda,BMU,"Teachers in pre-primary education, both sexes (number)",SE.PRE.TCHR,..,55,51,60,46,..,60,..,..,..,..,..,..,..,..
Bermuda,BMU,"Adult literacy rate, population 15+ years, both sexes (%)",SE.ADT.LITR.ZS,..,..,..,..,..,..,..,..,..,..,..,..,..,..,..
Bermuda,BMU,"Government expenditure on pre-primary education, US$ (millions)",UIS.X.US.02.FSGOV,13.6296,..,..,..,7.45,6.76625,..,..,..,..,..,..,..,..,..
Bermuda,BMU,"Government expenditure on primary education, US$ (millions)",UIS.X.US.1.FSGOV,47.3569,..,..,..,29.748,29.56363,..,..,..,..,..,..,..,..,..
Bermuda,BMU,"Government expenditure on secondary education, US$ (millions)",UIS.X.US.2T3.FSGOV,69.7305,..,..,..,44.054,42.67715,..,..,..,..,..,..,..,..,..
Bermuda,BMU,"Enrolment in pre-primary education, both sexes (number)",SE.PRE.ENRL,357,341,421,389,395,440,..,..,..,..,..,..,..,..,..
Bermuda,BMU,"Enrolment in secondary education, both sexes (number)",SE.SEC.ENRL,4418,4320,4224,4175,4093,4040,..,..,..,..,..,..,..,..,..
Bermuda,BMU,"Enrolment in primary education, both sexes (number)",SE.PRM.ENRL,4473,4347,4216,4122,4100,4147,..,..,..,..,..,..,..,..,..
Bhutan,BTN,"Teachers in primary education, both sexes (number)",SE.PRM.TCHR,4262,4381,4610,3638,..,2482,2541,2725,2647,..,2941,..,..,..,..
Bhutan,BTN,"Teachers in secondary education, both sexes (number)",SE.SEC.TCHR,2805,3056,3322,4991,5191,6119,6515,6853,7048,..,..,..,..,..,..
Bhutan,BTN,"Teachers in pre-primary education, both sexes (number)",SE.PRE.TCHR,79,122,229,330,435,510,574,672,764,..,947,..,..,..,..
Bhutan,BTN,"Adult literacy rate, population 15+ years, both sexes (%)",SE.ADT.LITR.ZS,..,..,55.31756,..,..,..,..,66.56115,..,..,..,..,..,..,..
Bhutan,BTN,"Government expenditure on pre-primary education, US$ (millions)",UIS.X.US.02.FSGOV,0,0,..,..,..,0,..,..,..,..,..,..,..,..,..
Bhutan,BTN,"Government expenditure on primary education, US$ (millions)",UIS.X.US.1.FSGOV,15.23593,23.24508,..,22.2433,33.94069,..,..,..,..,..,..,..,..,..,..
Bhutan,BTN,"Government expenditure on secondary education, US$ (millions)",UIS.X.US.2T3.FSGOV,27.42303,41.85383,..,55.61576,59.10819,60.05845,..,..,..,..,..,..,..,..,..
Bhutan,BTN,"Enrolment in pre-primary education, both sexes (number)",SE.PRE.ENRL,659,1520,2586,3835,4896,5894,7125,7250,8499,..,8025,..,..,..,..
Bhutan,BTN,"Enrolment in secondary education, both sexes (number)",SE.SEC.ENRL,60036,62768,66072,68775,74227,74320,74393,75444,76221,..,..,..,..,..,..
Bhutan,BTN,"Enrolment in primary education, both sexes (number)",SE.PRM.ENRL,110369,111183,110575,104323,101667,99291,96654,94184,91768,..,94165,..,..,..,..
Bolivia,BOL,"Teachers in primary education, both sexes (number)",SE.PRM.TCHR,..,..,..,82716,80299,79139,78684,77809,77485,..,..,..,..,..,..
Bolivia,BOL,"Teachers in secondary education, both sexes (number)",SE.SEC.TCHR,..,..,..,57155,59213,60493,63414,65369,66702,..,..,..,..,..,..
Bolivia,BOL,"Teachers in pre-primary education, both sexes (number)",SE.PRE.TCHR,..,7588,8454,9387,9671,10044,10632,11020,11414,..,..,..,..,..,..
Bolivia,BOL,"Adult literacy rate, population 15+ years, both sexes (%)",SE.ADT.LITR.ZS,..,92.22615,94.46057,..,..,92.45508,..,..,..,..,..,..,..,..,..
Bolivia,BOL,"Government expenditure on pre-primary education, US$ (millions)",UIS.X.US.02.FSGOV,..,..,..,..,..,..,..,..,..,..,..,..,..,..,..
Bolivia,BOL,"Government expenditure on primary education, US$ (millions)",UIS.X.US.1.FSGOV,..,..,..,..,..,..,..,..,..,..,..,..,..,..,..
Bolivia,BOL,"Government expenditure on secondary education, US$ (millions)",UIS.X.US.2T3.FSGOV,..,..,..,..,..,..,..,..,..,..,..,..,..,..,..
Bolivia,BOL,"Enrolment in pre-primary education, both sexes (number)",SE.PRE.ENRL,225399,258121,280057,297503,317256,331285,348432,349876,353898,..,..,..,..,..,..
Bolivia,BOL,"Enrolment in secondary education, both sexes (number)",SE.SEC.ENRL,1135844,1114449,1153850,1189580,1208552,1233875,1243485,1235538,1233738,..,..,..,..,..,..
Bolivia,BOL,"Enrolment in primary education, both sexes (number)",SE.PRM.ENRL,1444023,1400598,1373868,1360090,1345789,1345182,1354038,1368580,1379099,..,..,..,..,..,..
Bosnia and Herzegovina,BIH,"Teachers in primary education, both sexes (number)",SE.PRM.TCHR,..,..,..,9505,9573,9475,9346,9389,9416,9415,..,..,..,..,..
Bosnia and Herzegovina,BIH,"Teachers in secondary education, both sexes (number)",SE.SEC.TCHR,..,..,..,27765,27940,27405,27028,27087,27153,27311,..,..,..,..,..
Bosnia and Herzegovina,BIH,"Teachers in pre-primary education, both sexes (number)",SE.PRE.TCHR,..,..,..,..,..,..,..,1414,1516,1671,..,..,..,..,..
Bosnia and Herzegovina,BIH,"Adult literacy rate, population 15+ years, both sexes (%)",SE.ADT.LITR.ZS,..,98.14204,..,96.99177,..,..,..,..,..,..,..,..,..,..,..
Bosnia and Herzegovina,BIH,"Government expenditure on pre-primary education, US$ (millions)",UIS.X.US.02.FSGOV,..,..,..,..,..,..,23.23507,..,..,..,..,..,..,..,..
Bosnia and Herzegovina,BIH,"Government expenditure on primary education, US$ (millions)",UIS.X.US.1.FSGOV,..,..,..,..,..,..,..,..,..,..,..,..,..,..,..
Bosnia and Herzegovina,BIH,"Government expenditure on secondary education, US$ (millions)",UIS.X.US.2T3.FSGOV,..,..,..,..,..,..,571.60832,..,..,..,..,..,..,..,..
Bosnia and Herzegovina,BIH,"Enrolment in pre-primary education, both sexes (number)",SE.PRE.ENRL,16789,17028,17293,15463,16380,17529,19121,20465,21005,22848,..,..,..,..,..
Bosnia and Herzegovina,BIH,"Enrolment in secondary education, both sexes (number)",SE.SEC.ENRL,322766,316241,313321,309015,297460,278071,263010,253070,247714,240189,..,..,..,..,..
Bosnia and Herzegovina,BIH,"Enrolment in primary education, both sexes (number)",SE.PRM.ENRL,175271,170842,166620,162528,161023,162629,161560,161483,159380,157304,..,..,..,..,..
Botswana,BWA,"Teachers in primary education, both sexes (number)",SE.PRM.TCHR,..,..,14342,15035,15200,14533,..,..,..,..,..,..,..,..,..
Botswana,BWA,"Teachers in secondary education, both sexes (number)",SE.SEC.TCHR,..,..,..,..,..,..,..,..,..,..,..,..,..,..,..
Botswana,BWA,"Teachers in pre-primary education, both sexes (number)",SE.PRE.TCHR,..,..,1953,2293,1589,..,..,..,..,..,..,..,..,..,..
Botswana,BWA,"Adult literacy rate, population 15+ years, both sexes (%)",SE.ADT.LITR.ZS,..,..,..,86.82318,..,..,..,..,..,..,..,..,..,..,..
Botswana,BWA,"Government expenditure on pre-primary education, US$ (millions)",UIS.X.US.02.FSGOV,..,..,..,..,..,..,..,..,..,..,..,..,..,..,..
Botswana,BWA,"Government expenditure on primary education, US$ (millions)",UIS.X.US.1.FSGOV,..,..,..,..,..,..,..,..,..,..,..,..,..,..,..
Botswana,BWA,"Government expenditure on secondary education, US$ (millions)",UIS.X.US.2T3.FSGOV,..,..,..,..,..,..,..,..,..,..,..,..,..,..,..
Botswana,BWA,"Enrolment in pre-primary education, both sexes (number)",SE.PRE.ENRL,..,..,22050,26608,30746,33425,..,..,..,..,..,..,..,..,..
Botswana,BWA,"Enrolment in secondary education, both sexes (number)",SE.SEC.ENRL,..,..,..,..,..,..,..,..,..,..,..,..,..,..,..
Botswana,BWA,"Enrolment in primary education, both sexes (number)",SE.PRM.ENRL,..,..,335830,340065,340700,344618,..,..,..,..,..,..,..,..,..
Brazil,BRA,"Teachers in primary education, both sexes (number)",SE.PRM.TCHR,762132,774575,786411,789575,795014,791787,793276,796457,798957,..,..,..,..,..,..
Brazil,BRA,"Teachers in secondary education, both sexes (number)",SE.SEC.TCHR,1412582,1431170,1448245,1441306,1451313,1428559,1417859,1382343,1380391,..,..,..,..,..,..
Brazil,BRA,"Teachers in pre-primary education, both sexes (number)",SE.PRE.TCHR,..,..,..,284767,292498,293298,303707,309670,318381,..,..,..,..,..,..
Brazil,BRA,"Adult literacy rate, population 15+ years, both sexes (%)",SE.ADT.LITR.ZS,90.37918,91.41124,91.33785,91.48424,91.72943,92.0479,92.80844,93.07582,93.2275,..,..,..,..,..,..
Brazil,BRA,"Government expenditure on pre-primary education, US$ (millions)",UIS.X.US.02.FSGOV,9496.51376,13258.73804,..,..,..,..,..,..,..,..,..,..,..,..,..
Brazil,BRA,"Government expenditure on primary education, US$ (millions)",UIS.X.US.1.FSGOV,39086.89177,43958.25323,41237.77175,40537.89017,39180.68168,28811.13078,29106.18966,32540.5048,..,..,..,..,..,..,..
Brazil,BRA,"Government expenditure on secondary education, US$ (millions)",UIS.X.US.2T3.FSGOV,55730.55196,67723.02965,63679.78957,64969.81865,62958.82618,46532.744,46162.61016,51961.50287,..,..,..,..,..,..,..
Brazil,BRA,"Enrolment in pre-primary education, both sexes (number)",SE.PRE.ENRL,4717516,4696625,4765943,4870332,4971941,4923158,5040210,5101935,5157892,..,..,..,..,..,..
Brazil,BRA,"Enrolment in secondary education, both sexes (number)",SE.SEC.ENRL,23538717,23399409,23134072,24881382,24224945,23501784,23538072,23118179,22863908,..,..,..,..,..,..
Brazil,BRA,"Enrolment in primary education, both sexes (number)",SE.PRM.ENRL,16893490,16486880,16134889,16760693,16630217,16299166,16118565,16106812,15951913,..,..,..,..,..,..
British Virgin Islands,VGB,"Teachers in primary education, both sexes (number)",SE.PRM.TCHR,242,263,..,..,279,286,314,287,247,..,..,..,..,..,..
British Virgin Islands,VGB,"Teachers in secondary education, both sexes (number)",SE.SEC.TCHR,233,239,..,..,258,251,273,259,249,..,..,..,..,..,..
British Virgin Islands,VGB,"Teachers in pre-primary education, both sexes (number)",SE.PRE.TCHR,..,78,..,..,..,85,95,..,..,..,..,..,..,..,..
British Virgin Islands,VGB,"Adult literacy rate, population 15+ years, both sexes (%)",SE.ADT.LITR.ZS,..,..,..,..,..,..,..,..,..,..,..,..,..,..,..
British Virgin Islands,VGB,"Government expenditure on pre-primary education, US$ (millions)",UIS.X.US.02.FSGOV,..,..,..,..,..,..,..,..,..,..,..,..,..,..,..
British Virgin Islands,VGB,"Government expenditure on primary education, US$ (millions)",UIS.X.US.1.FSGOV,..,..,..,..,..,..,..,..,..,..,..,..,..,..,..
British Virgin Islands,VGB,"Government expenditure on secondary education, US$ (millions)",UIS.X.US.2T3.FSGOV,..,..,..,..,..,..,..,..,..,..,..,..,..,..,..
British Virgin Islands,VGB,"Enrolment in pre-primary education, both sexes (number)",SE.PRE.ENRL,..,853,..,..,891,858,786,767,524,..,..,..,..,..,..
British Virgin Islands,VGB,"Enrolment in secondary education, both sexes (number)",SE.SEC.ENRL,2029,1923,1955,1977,1987,2027,2034,2255,1731,..,..,..,..,..,..
British Virgin Islands,VGB,"Enrolment in primary education, both sexes (number)",SE.PRM.ENRL,3201,3138,3164,3197,3277,3358,3309,3334,2529,..,..,..,..,..,..
Brunei Darussalam,BRN,"Teachers in primary education, both sexes (number)",SE.PRM.TCHR,3896,3861,4038,4146,4004,4033,3969,3890,3989,4014,..,..,..,..,..
Brunei Darussalam,BRN,"Teachers in secondary education, both sexes (number)",SE.SEC.TCHR,..,5023,5192,5304,5359,5347,5323,5101,5331,5222,..,..,..,..,..
Brunei Darussalam,BRN,"Teachers in pre-primary education, both sexes (number)",SE.PRE.TCHR,666,1081,963,970,786,779,885,856,899,882,..,..,..,..,..
Brunei Darussalam,BRN,"Adult literacy rate, population 15+ years, both sexes (%)",SE.ADT.LITR.ZS,..,96.08556,..,..,..,..,..,..,97.21411,..,..,..,..,..,..
Brunei Darussalam,BRN,"Government expenditure on pre-primary education, US$ (millions)",UIS.X.US.02.FSGOV,0,..,..,..,..,..,4.22494,..,..,..,..,..,..,..,..
Brunei Darussalam,BRN,"Government expenditure on primary education, US$ (millions)",UIS.X.US.1.FSGOV,62.69034,..,..,..,..,..,111.71384,..,..,..,..,..,..,..,..
Brunei Darussalam,BRN,"Government expenditure on secondary education, US$ (millions)",UIS.X.US.2T3.FSGOV,102.75591,..,..,..,234.71198,..,348.16499,..,..,..,..,..,..,..,..
Brunei Darussalam,BRN,"Enrolment in pre-primary education, both sexes (number)",SE.PRE.ENRL,13078,13053,13095,13034,13376,13301,13611,13888,13869,13408,..,..,..,..,..
Brunei Darussalam,BRN,"Enrolment in secondary education, both sexes (number)",SE.SEC.ENRL,48724,49916,52396,51738,49009,47249,45589,44464,44079,42679,..,..,..,..,..
Brunei Darussalam,BRN,"Enrolment in primary education, both sexes (number)",SE.PRM.ENRL,44215,43767,42753,42090,41078,40397,40471,39610,39472,39236,..,..,..,..,..
Bulgaria,BGR,"Teachers in primary education, both sexes (number)",SE.PRM.TCHR,14885,14608,14489,14388,14596,..,14876,17393,19225,..,..,..,..,..,..
Bulgaria,BGR,"Teachers in secondary education, both sexes (number)",SE.SEC.TCHR,44034,42557,40885,39843,39224,..,38546,38210,38785,..,..,..,..,..,..
Bulgaria,BGR,"Teachers in pre-primary education, both sexes (number)",SE.PRE.TCHR,18117,18147,18248,18509,18769,..,18857,18344,18029,..,..,..,..,..,..
Bulgaria,BGR,"Adult literacy rate, population 15+ years, both sexes (%)",SE.ADT.LITR.ZS,..,98.35245,..,..,..,..,..,..,..,..,..,..,..,..,..
Bulgaria,BGR,"Government expenditure on pre-primary education, US$ (millions)",UIS.X.US.02.FSGOV,440.53608,469.1134,459.06176,573.92237,..,..,..,552.49726,..,..,..,..,..,..,..
Bulgaria,BGR,"Government expenditure on primary education, US$ (millions)",UIS.X.US.1.FSGOV,382.9931,378.48916,351.65375,446.1041,..,..,..,476.81763,..,..,..,..,..,..,..
Bulgaria,BGR,"Government expenditure on secondary education, US$ (millions)",UIS.X.US.2T3.FSGOV,840.31136,847.14753,739.18463,881.31583,..,..,..,902.03688,..,..,..,..,..,..,..
Bulgaria,BGR,"Enrolment in pre-primary education, both sexes (number)",SE.PRE.ENRL,217804,223186,227971,235015,240622,241123,232025,224380,220877,..,..,..,..,..,..
Bulgaria,BGR,"Enrolment in secondary education, both sexes (number)",SE.SEC.ENRL,531980,523355,503786,519569,518914,501398,487087,485586,489665,..,..,..,..,..,..
Bulgaria,BGR,"Enrolment in primary education, both sexes (number)",SE.PRM.ENRL,260340,255086,252372,253675,258840,261793,261969,264503,262735,..,..,..,..,..,..
Burkina Faso,BFA,"Teachers in primary education, both sexes (number)",SE.PRM.TCHR,39077,41857,48592,53505,58294,64177,69148,74747,80713,82083,..,..,..,..,..
Burkina Faso,BFA,"Teachers in secondary education, both sexes (number)",SE.SEC.TCHR,17780,22809,25684,28335,31078,38322,45254,49818,55407,60400,..,..,..,..,..
Burkina Faso,BFA,"Teachers in pre-primary education, both sexes (number)",SE.PRE.TCHR,..,2097,2527,2729,..,3277,3181,3852,4760,5030,..,..,..,..,..
Burkina Faso,BFA,"Adult literacy rate, population 15+ years, both sexes (%)",SE.ADT.LITR.ZS,..,..,..,..,34.5994,..,..,..,41.22445,..,..,..,..,..,..
Burkina Faso,BFA,"Government expenditure on pre-primary education, US$ (millions)",UIS.X.US.02.FSGOV,0,0.02078,0.03024,0.0595,0.19454,0.31998,3.06657,..,..,..,..,..,..,..,..
Burkina Faso,BFA,"Government expenditure on primary education, US$ (millions)",UIS.X.US.1.FSGOV,213.64528,301.56749,274.39179,328.22912,369.66382,251.29212,..,..,..,..,..,..,..,..,..
Burkina Faso,BFA,"Government expenditure on secondary education, US$ (millions)",UIS.X.US.2T3.FSGOV,63.73806,91.77505,82.84894,83.2369,95.50684,95.92937,123.20665,..,..,..,..,..,..,..,..
Burkina Faso,BFA,"Enrolment in pre-primary education, both sexes (number)",SE.PRE.ENRL,43016,48878,59533,67321,72210,73081,55003,67733,81931,105485,..,..,..,..,..
Burkina Faso,BFA,"Enrolment in secondary education, both sexes (number)",SE.SEC.ENRL,537988,604168,676337,762445,841886,965550,1058163,1162297,1281007,1342143,..,..,..,..,..
Burkina Faso,BFA,"Enrolment in primary education, both sexes (number)",SE.PRM.ENRL,2047630,2205295,2344031,2466379,2594024,2706803,2873049,3040802,3206060,3233784,..,..,..,..,..
Burundi,BDI,"Teachers in primary education, both sexes (number)",SE.PRM.TCHR,36557,40288,42052,44662,46887,47949,42497,42854,51051,51545,..,..,..,..,..
Burundi,BDI,"Teachers in secondary education, both sexes (number)",SE.SEC.TCHR,11275,12968,14141,15504,15673,18558,22512,23729,25372,25710,..,..,..,..,..
Burundi,BDI,"Teachers in pre-primary education, both sexes (number)",SE.PRE.TCHR,1617,1222,1418,1559,1899,2536,2616,2960,2817,2757,..,..,..,..,..
Burundi,BDI,"Adult literacy rate, population 15+ years, both sexes (%)",SE.ADT.LITR.ZS,..,..,..,..,61.51349,..,..,68.37533,..,..,..,..,..,..,..
Burundi,BDI,"Government expenditure on pre-primary education, US$ (millions)",UIS.X.US.02.FSGOV,0.03207,0.03278,0.03802,0.04069,..,..,..,..,..,..,..,..,..,..,..
Burundi,BDI,"Government expenditure on primary education, US$ (millions)",UIS.X.US.1.FSGOV,62.53201,70.22036,63.31632,66.77465,..,..,..,..,..,..,..,..,..,..,..
Burundi,BDI,"Government expenditure on secondary education, US$ (millions)",UIS.X.US.2T3.FSGOV,38.43702,38.65054,34.85044,39.41685,..,..,..,..,..,..,..,..,..,..,..
Burundi,BDI,"Enrolment in pre-primary education, both sexes (number)",SE.PRE.ENRL,55103,43249,46742,52772,66972,86185,92001,94927,107591,120163,..,..,..,..,..
Burundi,BDI,"Enrolment in secondary education, both sexes (number)",SE.SEC.ENRL,337577,381041,420117,490858,583308,664243,723357,665116,674855,650269,..,..,..,..,..
Burundi,BDI,"Enrolment in primary education, both sexes (number)",SE.PRM.ENRL,1849861,1946371,1980846,2009800,2046794,2072408,2110429,2126173,2170884,2212532,..,..,..,..,..
Cabo Verde,CPV,"Teachers in primary education, both sexes (number)",SE.PRM.TCHR,3009,2972,2956,2955,2965,2988,2995,3016,3043,..,..,..,..,..,..
Cabo Verde,CPV,"Teachers in secondary education, both sexes (number)",SE.SEC.TCHR,3522,3614,3689,3624,3728,3575,3607,3613,3460,..,..,..,..,..,..
Cabo Verde,CPV,"Teachers in pre-primary education, both sexes (number)",SE.PRE.TCHR,1093,1116,1113,1212,1251,1234,1283,1285,1435,..,..,..,..,..,..
Cabo Verde,CPV,"Adult literacy rate, population 15+ years, both sexes (%)",SE.ADT.LITR.ZS,..,..,85.32779,..,..,86.79029,..,..,..,..,..,..,..,..,..
Cabo Verde,CPV,"Government expenditure on pre-primary education, US$ (millions)",UIS.X.US.02.FSGOV,..,..,..,0.64196,1.47708,0.9977,0.931,0.94891,..,..,..,..,..,..,..
Cabo Verde,CPV,"Government expenditure on primary education, US$ (millions)",UIS.X.US.1.FSGOV,..,40.59684,..,35.53808,39.62151,33.17625,34.3758,34.93494,..,..,..,..,..,..,..
Cabo Verde,CPV,"Government expenditure on secondary education, US$ (millions)",UIS.X.US.2T3.FSGOV,..,34.98495,..,37.27982,35.08767,33.29636,35.92558,36.61679,..,..,..,..,..,..,..
Cabo Verde,CPV,"Enrolment in pre-primary education, both sexes (number)",SE.PRE.ENRL,21632,22610,21933,22052,22144,23316,23633,23222,23433,..,..,..,..,..,..
Cabo Verde,CPV,"Enrolment in secondary education, both sexes (number)",SE.SEC.ENRL,61677,62222,61956,62297,59823,58657,57730,56469,53355,..,..,..,..,..,..
Cabo Verde,CPV,"Enrolment in primary education, both sexes (number)",SE.PRM.ENRL,71134,69115,67903,67745,67023,65580,64326,63582,64127,..,..,..,..,..,..
Cambodia,KHM,"Teachers in primary education, both sexes (number)",SE.PRM.TCHR,46905,47033,48002,47413,47691,47866,49511,50684,51490,51578,..,..,..,..,..
Cambodia,KHM,"Teachers in secondary education, both sexes (number)",SE.SEC.TCHR,..,..,..,..,..,..,..,..,..,..,..,..,..,..,..
Cambodia,KHM,"Teachers in pre-primary education, both sexes (number)",SE.PRE.TCHR,4121,4224,4973,5096,5795,6084,6348,6643,7580,8075,..,..,..,..,..
Cambodia,KHM,"Adult literacy rate, population 15+ years, both sexes (%)",SE.ADT.LITR.ZS,..,..,..,..,78.05509,80.52649,..,..,..,..,..,..,..,..,..
Cambodia,KHM,"Government expenditure on pre-primary education, US$ (millions)",UIS.X.US.02.FSGOV,2.96921,3.7507,4.48579,8.29648,8.39602,..,..,..,..,..,..,..,..,..,..
Cambodia,KHM,"Government expenditure on primary education, US$ (millions)",UIS.X.US.1.FSGOV,86.15235,95.81985,108.03462,155.20209,154.52853,..,..,..,..,..,..,..,..,..,..
Cambodia,KHM,"Government expenditure on secondary education, US$ (millions)",UIS.X.US.2T3.FSGOV,73.22939,83.89521,96.72245,129.70947,140.4879,..,..,..,..,..,..,..,..,..,..
Cambodia,KHM,"Enrolment in pre-primary education, both sexes (number)",SE.PRE.ENRL,114958,115492,139195,145705,181649,187450,203783,228637,252743,265827,..,..,..,..,..
Cambodia,KHM,"Enrolment in secondary education, both sexes (number)",SE.SEC.ENRL,..,..,..,..,..,..,..,..,..,..,..,..,..,..,..
Cambodia,KHM,"Enrolment in primary education, both sexes (number)",SE.PRM.ENRL,2272527,2224267,2194716,2224955,2128685,2178916,2105903,2111631,2147313,2163143,..,..,..,..,..
Cameroon,CMR,"Teachers in primary education, both sexes (number)",SE.PRM.TCHR,76655,78903,84467,..,93738,105388,104860,97984,93723,96546,..,..,..,..,..
Cameroon,CMR,"Teachers in secondary education, both sexes (number)",SE.SEC.TCHR,..,65261,79943,92598,97921,106119,114601,..,..,..,..,..,..,..,..
Cameroon,CMR,"Teachers in pre-primary education, both sexes (number)",SE.PRE.TCHR,14522,15373,17546,..,22144,25432,26704,25548,25462,27822,..,..,..,..,..
Cameroon,CMR,"Adult literacy rate, population 15+ years, both sexes (%)",SE.ADT.LITR.ZS,71.29051,..,..,..,..,..,..,..,77.07104,..,..,..,..,..,..
Cameroon,CMR,"Government expenditure on pre-primary education, US$ (millions)",UIS.X.US.02.FSGOV,30.50978,27.11275,27.35071,35.87941,..,..,..,..,..,..,..,..,..,..,..
Cameroon,CMR,"Government expenditure on primary education, US$ (millions)",UIS.X.US.1.FSGOV,267.63058,265.7744,284.0964,303.44213,..,..,..,..,..,..,..,..,..,..,..
Cameroon,CMR,"Government expenditure on secondary education, US$ (millions)",UIS.X.US.2T3.FSGOV,413.16832,397.18961,412.51855,..,..,..,..,..,..,..,..,..,..,..,..
Cameroon,CMR,"Enrolment in pre-primary education, both sexes (number)",SE.PRE.ENRL,316722,339519,388585,..,467235,522429,555810,526947,515914,542540,..,..,..,..,..
Cameroon,CMR,"Enrolment in secondary education, both sexes (number)",SE.SEC.ENRL,..,1574451,1713452,1812849,2000076,2108279,2206878,..,..,..,..,..,..,..,..
Cameroon,CMR,"Enrolment in primary education, both sexes (number)",SE.PRM.ENRL,3510396,3585173,3848611,..,4142775,4369988,4481235,4371381,4201988,4399897,..,..,..,..,..
Canada,CAN,"Teachers in primary education, both sexes (number)",SE.PRM.TCHR,..,..,..,..,..,..,..,..,..,..,..,..,..,..,..
Canada,CAN,"Teachers in secondary education, both sexes (number)",SE.SEC.TCHR,..,..,..,..,..,..,..,..,..,..,..,..,..,..,..
Canada,CAN,"Teachers in pre-primary education, both sexes (number)",SE.PRE.TCHR,..,..,..,..,..,..,..,..,..,..,..,..,..,..,..
Canada,CAN,"Adult literacy rate, population 15+ years, both sexes (%)",SE.ADT.LITR.ZS,..,..,..,..,..,..,..,..,..,..,..,..,..,..,..
Canada,CAN,"Government expenditure on pre-primary education, US$ (millions)",UIS.X.US.02.FSGOV,..,..,..,..,..,..,..,..,..,..,..,..,..,..,..
Canada,CAN,"Government expenditure on primary education, US$ (millions)",UIS.X.US.1.FSGOV,..,..,..,..,..,33052.7906,..,..,..,..,..,..,..,..,..
Canada,CAN,"Government expenditure on secondary education, US$ (millions)",UIS.X.US.2T3.FSGOV,..,22470.35415,..,..,..,..,..,..,..,..,..,..,..,..,..
Canada,CAN,"Enrolment in pre-primary education, both sexes (number)",SE.PRE.ENRL,..,..,..,..,..,..,..,..,..,..,..,..,..,..,..
Canada,CAN,"Enrolment in secondary education, both sexes (number)",SE.SEC.ENRL,2611619,2583789,2734631,2697507,2661089,2641675,2640933,2653009,2654199,..,..,..,..,..,..
Canada,CAN,"Enrolment in primary education, both sexes (number)",SE.PRM.ENRL,2168022,2153778,2182843,2206136,2249164,2303964,2318914,2364626,2407006,..,..,..,..,..,..
Caribbean small states,CSS,"Teachers in primary education, both sexes (number)",SE.PRM.TCHR,40124.33609,39271.07501,39233.33831,39819.48917,39277.42696,38892.63535,38522.29621,38406.55587,36847.97946,38285.43891,..,..,..,..,..
Caribbean small states,CSS,"Teachers in secondary education, both sexes (number)",SE.SEC.TCHR,40987.03775,38930.00411,37633.39128,37937.77465,37962.62165,38072.70111,37577.3069,39210.32891,38283.57448,39461.06865,..,..,..,..,..
Caribbean small states,CSS,"Teachers in pre-primary education, both sexes (number)",SE.PRE.TCHR,14229.25597,14839.1793,15751.22353,17176.27217,16655.32854,18604.22106,17974.32706,18606.95874,18523.95623,18724.67474,..,..,..,..,..
Caribbean small states,CSS,"Adult literacy rate, population 15+ years, both sexes (%)",SE.ADT.LITR.ZS,90.88846,91.08869,91.10729,91.17652,91.34948,91.44356,..,..,..,..,..,..,..,..,..
Caribbean small states,CSS,"Government expenditure on pre-primary education, US$ (millions)",UIS.X.US.02.FSGOV,..,..,..,..,..,..,..,..,..,..,..,..,..,..,..
Caribbean small states,CSS,"Government expenditure on primary education, US$ (millions)",UIS.X.US.1.FSGOV,..,..,..,..,..,..,..,..,..,..,..,..,..,..,..
Caribbean small states,CSS,"Government expenditure on secondary education, US$ (millions)",UIS.X.US.2T3.FSGOV,..,..,..,..,..,..,..,..,..,..,..,..,..,..,..
Caribbean small states,CSS,"Enrolment in pre-primary education, both sexes (number)",SE.PRE.ENRL,237940.3651,238588.3382,243032.9279,244170.8836,231142.0008,239168.8086,223279.7659,229193.5605,228163.4415,235631.9583,..,..,..,..,..
Caribbean small states,CSS,"Enrolment in secondary education, both sexes (number)",SE.SEC.ENRL,616561.0371,617211.2964,600319.6612,580970.8599,574469.841,561015.462,567061.4184,553628.6167,545549.7018,546311.4239,..,..,..,..,..
Caribbean small states,CSS,"Enrolment in primary education, both sexes (number)",SE.PRM.ENRL,778371,772578.0861,762224.731,750726.3644,736627.9315,731542.9724,721851.69,709950.7746,708839.4193,691467.9538,..,..,..,..,..
Cayman Islands,CYM,"Teachers in primary education, both sexes (number)",SE.PRM.TCHR,..,330,303,303,..,..,..,..,273,..,..,..,..,..,..
Cayman Islands,CYM,"Teachers in secondary education, both sexes (number)",SE.SEC.TCHR,..,363,626,..,..,..,..,..,317,..,..,..,..,..,..
Cayman Islands,CYM,"Teachers in pre-primary education, both sexes (number)",SE.PRE.TCHR,..,..,70,..,..,..,..,..,..,..,..,..,..,..,..
Cayman Islands,CYM,"Adult literacy rate, population 15+ years, both sexes (%)",SE.ADT.LITR.ZS,..,..,..,..,..,..,..,..,..,..,..,..,..,..,..
Cayman Islands,CYM,"Government expenditure on pre-primary education, US$ (millions)",UIS.X.US.02.FSGOV,..,..,..,..,..,..,..,..,..,..,..,..,..,..,..
Cayman Islands,CYM,"Government expenditure on primary education, US$ (millions)",UIS.X.US.1.FSGOV,..,..,..,..,..,..,..,..,..,..,..,..,..,..,..
Cayman Islands,CYM,"Government expenditure on secondary education, US$ (millions)",UIS.X.US.2T3.FSGOV,..,..,..,..,..,..,..,..,..,..,..,..,..,..,..
Cayman Islands,CYM,"Enrolment in pre-primary education, both sexes (number)",SE.PRE.ENRL,..,..,591,1266,..,..,..,..,1407,..,..,..,..,..,..
Cayman Islands,CYM,"Enrolment in secondary education, both sexes (number)",SE.SEC.ENRL,..,3246,3302,3387,..,..,..,..,3476,..,..,..,..,..,..
Cayman Islands,CYM,"Enrolment in primary education, both sexes (number)",SE.PRM.ENRL,..,3985,4033,3950,..,..,..,..,4299,..,..,..,..,..,..
Central African Republic,CAF,"Teachers in primary education, both sexes (number)",SE.PRM.TCHR,7553,7974,8267,..,..,..,9756,..,..,..,..,..,..,..,..
Central African Republic,CAF,"Teachers in secondary education, both sexes (number)",SE.SEC.TCHR,1653,1886,1848,..,..,..,3433,4357,..,..,..,..,..,..,..
Central African Republic,CAF,"Teachers in pre-primary education, both sexes (number)",SE.PRE.TCHR,..,478,..,..,..,..,338,..,..,..,..,..,..,..,..
Central African Republic,CAF,"Adult literacy rate, population 15+ years, both sexes (%)",SE.ADT.LITR.ZS,36.75261,..,..,..,..,..,..,..,37.39582,..,..,..,..,..,..
Central African Republic,CAF,"Government expenditure on pre-primary education, US$ (millions)",UIS.X.US.02.FSGOV,0.54283,..,..,..,..,..,..,..,..,..,..,..,..,..,..
Central African Republic,CAF,"Government expenditure on primary education, US$ (millions)",UIS.X.US.1.FSGOV,12.75451,..,..,..,..,..,..,..,..,..,..,..,..,..,..
Central African Republic,CAF,"Government expenditure on secondary education, US$ (millions)",UIS.X.US.2T3.FSGOV,5.74581,..,..,..,..,..,..,..,..,..,..,..,..,..,..
Central African Republic,CAF,"Enrolment in pre-primary education, both sexes (number)",SE.PRE.ENRL,..,21163,..,..,..,..,..,12489,..,..,..,..,..,..,..
Central African Republic,CAF,"Enrolment in secondary education, both sexes (number)",SE.SEC.ENRL,..,126017,125907,..,..,..,118883,137844,..,..,..,..,..,..,..
Central African Republic,CAF,"Enrolment in primary education, both sexes (number)",SE.PRM.ENRL,636871,648370,662317,..,..,..,813767,..,..,..,..,..,..,..,..
Central Europe and the Baltics,CEB,"Teachers in primary education, both sexes (number)",SE.PRM.TCHR,425774,397050,394887,396932,396556.4279,407843.9552,420477.5082,420031.6063,480379.2853,482699.7672,..,..,..,..,..
Central Europe and the Baltics,CEB,"Teachers in secondary education, both sexes (number)",SE.SEC.TCHR,803078,818000,803567,784164,756837.8658,751590.8431,742105.0102,736074.8239,699338.8107,699312.2035,..,..,..,..,..
Central Europe and the Baltics,CEB,"Teachers in pre-primary education, both sexes (number)",SE.PRE.TCHR,219203,233467,241303,243029.8193,248005.6721,253079.2965,254951.0783,261899.0584,266115.0656,258293.1632,..,..,..,..,..
Central Europe and the Baltics,CEB,"Adult literacy rate, population 15+ years, both sexes (%)",SE.ADT.LITR.ZS,98.91722,98.93425,98.94539,98.95434,98.96629,98.97773,98.99103,..,..,..,..,..,..,..,..
Central Europe and the Baltics,CEB,"Government expenditure on pre-primary education, US$ (millions)",UIS.X.US.02.FSGOV,..,..,..,..,..,..,..,..,..,..,..,..,..,..,..
Central Europe and the Baltics,CEB,"Government expenditure on primary education, US$ (millions)",UIS.X.US.1.FSGOV,..,..,..,..,..,..,..,..,..,..,..,..,..,..,..
Central Europe and the Baltics,CEB,"Government expenditure on secondary education, US$ (millions)",UIS.X.US.2T3.FSGOV,..,..,..,..,..,..,..,..,..,..,..,..,..,..,..
Central Europe and the Baltics,CEB,"Enrolment in pre-primary education, both sexes (number)",SE.PRE.ENRL,3022477,3135697,3277170,3275579,3366822,3364006.521,3339863.671,3298660,3358238,3253207.2,..,..,..,..,..
Central Europe and the Baltics,CEB,"Enrolment in secondary education, both sexes (number)",SE.SEC.ENRL,8599326,8316816,8008284,8168669,7865953,7626223,7431888,7347827,7291400.25,7302245.444,..,..,..,..,..
Central Europe and the Baltics,CEB,"Enrolment in primary education, both sexes (number)",SE.PRM.ENRL,4984701,4908890,4885121,5052524.751,5062878.909,5116400.444,5200000.773,5289611,5292234,5299884.965,..,..,..,..,..
Chad,TCD,"Teachers in primary education, both sexes (number)",SE.PRM.TCHR,27764,30813,34125,37336,43490,40872,38905,39611,43805,44691,..,..,..,..,..
Chad,TCD,"Teachers in secondary education, both sexes (number)",SE.SEC.TCHR,13253,14275,15384,14683,13895,18696,19721,22042,20138,22927,..,..,..,..,..
Chad,TCD,"Teachers in pre-primary education, both sexes (number)",SE.PRE.TCHR,605,657,543,373,..,392,442,443,591,664,..,..,..,..,..
Chad,TCD,"Adult literacy rate, population 15+ years, both sexes (%)",SE.ADT.LITR.ZS,..,..,..,..,..,26.00299,22.31155,..,..,..,..,..,..,..,..
Chad,TCD,"Government expenditure on pre-primary education, US$ (millions)",UIS.X.US.02.FSGOV,0.78342,0.88105,..,..,..,..,..,..,..,..,..,..,..,..,..
Chad,TCD,"Government expenditure on primary education, US$ (millions)",UIS.X.US.1.FSGOV,109.14151,111.76776,127.41806,..,..,..,..,..,115.77126,..,..,..,..,..,..
Chad,TCD,"Government expenditure on secondary education, US$ (millions)",UIS.X.US.2T3.FSGOV,57.94554,96.05299,56.55388,91.25509,..,..,..,..,50.306,..,..,..,..,..,..
Chad,TCD,"Enrolment in pre-primary education, both sexes (number)",SE.PRE.ENRL,21209,22347,19099,..,..,11384,14114,11237,16844,17426,..,..,..,..,..
Chad,TCD,"Enrolment in secondary education, both sexes (number)",SE.SEC.ENRL,430383,456548,458034,525219,508730,513248,535112,507074,511841,537388,..,..,..,..,..
Chad,TCD,"Enrolment in primary education, both sexes (number)",SE.PRM.ENRL,1727030,1928603,2090758,2330798,2442660,2270104,2213223,2060946,2419675,2468784,..,..,..,..,..
Channel Islands,CHI,"Teachers in primary education, both sexes (number)",SE.PRM.TCHR,..,..,..,..,..,..,..,..,..,..,..,..,..,..,..
Channel Islands,CHI,"Teachers in secondary education, both sexes (number)",SE.SEC.TCHR,..,..,..,..,..,..,..,..,..,..,..,..,..,..,..
Channel Islands,CHI,"Teachers in pre-primary education, both sexes (number)",SE.PRE.TCHR,..,..,..,..,..,..,..,..,..,..,..,..,..,..,..
Channel Islands,CHI,"Adult literacy rate, population 15+ years, both sexes (%)",SE.ADT.LITR.ZS,..,..,..,..,..,..,..,..,..,..,..,..,..,..,..
Channel Islands,CHI,"Government expenditure on pre-primary education, US$ (millions)",UIS.X.US.02.FSGOV,..,..,..,..,..,..,..,..,..,..,..,..,..,..,..
Channel Islands,CHI,"Government expenditure on primary education, US$ (millions)",UIS.X.US.1.FSGOV,..,..,..,..,..,..,..,..,..,..,..,..,..,..,..
Channel Islands,CHI,"Government expenditure on secondary education, US$ (millions)",UIS.X.US.2T3.FSGOV,..,..,..,..,..,..,..,..,..,..,..,..,..,..,..
Channel Islands,CHI,"Enrolment in pre-primary education, both sexes (number)",SE.PRE.ENRL,..,..,..,..,..,..,..,..,..,..,..,..,..,..,..
Channel Islands,CHI,"Enrolment in secondary education, both sexes (number)",SE.SEC.ENRL,..,..,..,..,..,..,..,..,..,..,..,..,..,..,..
Channel Islands,CHI,"Enrolment in primary education, both sexes (number)",SE.PRM.ENRL,..,..,..,..,..,..,..,..,..,..,..,..,..,..,..
Chile,CHL,"Teachers in primary education, both sexes (number)",SE.PRM.TCHR,66059,69191,71073,75405,78769.4336,80397.97,82980,85129.61658,88050.93,..,..,..,..,..,..
Chile,CHL,"Teachers in secondary education, both sexes (number)",SE.SEC.TCHR,69434,70903,72021,74823,77576.64424,79535.81,81316,82797.06,84497,..,..,..,..,..,..
Chile,CHL,"Teachers in pre-primary education, both sexes (number)",SE.PRE.TCHR,..,..,21075,20809,22118.12433,22965.25,23525,24272.11514,25051.8,..,..,..,..,..,..
Chile,CHL,"Adult literacy rate, population 15+ years, both sexes (%)",SE.ADT.LITR.ZS,96.8186,96.70301,..,96.26706,..,96.87413,..,96.40228,..,..,..,..,..,..,..
Chile,CHL,"Government expenditure on pre-primary education, US$ (millions)",UIS.X.US.02.FSGOV,1219.022,1325.1769,1700.75809,..,2186.06081,1567.62223,1529.74398,2071.50832,..,..,..,..,..,..,..
Chile,CHL,"Government expenditure on primary education, US$ (millions)",UIS.X.US.1.FSGOV,2886.56014,3341.96943,3891.24497,3682.68188,3056.84488,3046.05556,3757.09657,4184.99962,..,..,..,..,..,..,..
Chile,CHL,"Government expenditure on secondary education, US$ (millions)",UIS.X.US.2T3.FSGOV,2959.06784,3313.2038,3977.85851,3738.84895,3448.2795,3492.08015,3889.00268,4268.54569,..,..,..,..,..,..,..
Chile,CHL,"Enrolment in pre-primary education, both sexes (number)",SE.PRE.ENRL,516183,544104,555046,586616,608860,616237,619062,616615,619608,..,..,..,..,..,..
Chile,CHL,"Enrolment in secondary education, both sexes (number)",SE.SEC.ENRL,1518224,1493033,1443554,1571374,1556372,1546323,1530162,1520724,1522145,..,..,..,..,..,..
Chile,CHL,"Enrolment in primary education, both sexes (number)",SE.PRM.ENRL,1546543,1520405,1503898,1472348,1469099,1477538,1493732,1514761,1540085,..,..,..,..,..,..
China,CHN,"Teachers in primary education, both sexes (number)",SE.PRM.TCHR,5997393,5939088,5907896,5866510,5859672,5889014,5933119,6045682,6201651,6363952,..,..,..,..,..
China,CHN,"Teachers in secondary education, both sexes (number)",SE.SEC.TCHR,6417038,6431127,6550540,6229458,6211070,6234124,6219580,6266954,6359696,6474893,..,..,..,..,..
China,CHN,"Teachers in pre-primary education, both sexes (number)",SE.PRE.TCHR,1105730,1285800,1488150,1655336,1851201,2032327,2235731,2443612,2647280,2786176,..,..,..,..,..
China,CHN,"Adult literacy rate, population 15+ years, both sexes (%)",SE.ADT.LITR.ZS,95.12448,..,..,..,..,..,..,..,96.84089,..,..,..,..,..,..
China,CHN,"Government expenditure on pre-primary education, US$ (millions)",UIS.X.US.02.FSGOV,..,..,..,..,..,..,..,..,..,..,..,..,..,..,..
China,CHN,"Government expenditure on primary education, US$ (millions)",UIS.X.US.1.FSGOV,..,..,..,..,..,..,..,..,..,..,..,..,..,..,..
China,CHN,"Government expenditure on secondary education, US$ (millions)",UIS.X.US.2T3.FSGOV,..,..,..,..,..,..,..,..,..,..,..,..,..,..,..
China,CHN,"Enrolment in pre-primary education, both sexes (number)",SE.PRE.ENRL,26578141,29766695,34244456,36857624,38946903,40507145,42648284,44138630,46001393,46564204,..,..,..,..,..
China,CHN,"Enrolment in secondary education, both sexes (number)",SE.SEC.ENRL,99218082,97452468,95004209,94324415,88691790,86127197,83956318,83407925,84321859,86101697,..,..,..,..,..
China,CHN,"Enrolment in primary education, both sexes (number)",SE.PRM.ENRL,101018623,99707841,99540477,98870818,95107117,95958037,98189335,100321027,101872977,104325244,..,..,..,..,..
Colombia,COL,"Teachers in primary education, both sexes (number)",SE.PRM.TCHR,180760,178550,189335,188462,187042,184791,182919,184384,..,..,..,..,..,..,..
Colombia,COL,"Teachers in secondary education, both sexes (number)",SE.SEC.TCHR,187124,200567,193087,192562,193884,181041,182714,183952,..,..,..,..,..,..,..
Colombia,COL,"Teachers in pre-primary education, both sexes (number)",SE.PRE.TCHR,48981,51081,54603,49386,50741,..,..,..,..,..,..,..,..,..,..
Colombia,COL,"Adult literacy rate, population 15+ years, both sexes (%)",SE.ADT.LITR.ZS,93.37233,93.58053,..,..,94.18625,94.24505,94.65385,..,95.09251,..,..,..,..,..,..
Colombia,COL,"Government expenditure on pre-primary education, US$ (millions)",UIS.X.US.02.FSGOV,809.27819,906.90829,965.58403,1078.53871,997.39653,772.42051,730.42334,794.5834,793.35686,..,..,..,..,..,..
Colombia,COL,"Government expenditure on primary education, US$ (millions)",UIS.X.US.1.FSGOV,4975.84172,5321.88515,5667.87699,6416.46623,6281.07313,4818.06355,4556.10133,4951.92911,4863.53485,..,..,..,..,..,..
Colombia,COL,"Government expenditure on secondary education, US$ (millions)",UIS.X.US.2T3.FSGOV,4823.27686,5423.84499,5787.60903,6546.00909,6615.58078,4645.1968,4392.63349,5268.45866,5658.69662,..,..,..,..,..,..
Colombia,COL,"Enrolment in pre-primary education, both sexes (number)",SE.PRE.ENRL,1301689,1309386,..,..,..,..,..,..,1739958,..,..,..,..,..,..
Colombia,COL,"Enrolment in secondary education, both sexes (number)",SE.SEC.ENRL,5079732,5130778,4903462,4910024,4827962,4793963,4784912,4784846,4821029,..,..,..,..,..,..
Colombia,COL,"Enrolment in primary education, both sexes (number)",SE.PRM.ENRL,5084972,4924346,4742456,4708466,4542644,4479218,4448238,4351705,4303833,..,..,..,..,..,..
Comoros,COM,"Teachers in primary education, both sexes (number)",SE.PRM.TCHR,..,4201,..,4322,..,..,..,6429,4428,..,..,..,..,..,..
Comoros,COM,"Teachers in secondary education, both sexes (number)",SE.SEC.TCHR,..,..,..,7784,8150,..,..,12693,8870,..,..,..,..,..,..
Comoros,COM,"Teachers in pre-primary education, both sexes (number)",SE.PRE.TCHR,..,..,..,..,..,..,..,686,534,..,..,..,..,..,..
Comoros,COM,"Adult literacy rate, population 15+ years, both sexes (%)",SE.ADT.LITR.ZS,..,..,49.19614,..,..,..,..,..,58.81702,..,..,..,..,..,..
Comoros,COM,"Government expenditure on pre-primary education, US$ (millions)",UIS.X.US.02.FSGOV,..,2.1126,2.05355,1.90274,2.31167,1.73911,..,..,..,..,..,..,..,..,..
Comoros,COM,"Government expenditure on primary education, US$ (millions)",UIS.X.US.1.FSGOV,..,16.25504,15.80145,14.66544,17.78111,13.42693,..,..,..,..,..,..,..,..,..
Comoros,COM,"Government expenditure on secondary education, US$ (millions)",UIS.X.US.2T3.FSGOV,..,7.99191,7.76867,7.43566,9.01789,6.80864,..,..,..,..,..,..,..,..,..
Comoros,COM,"Enrolment in pre-primary education, both sexes (number)",SE.PRE.ENRL,..,..,..,14836,13478,..,..,13945,15175,..,..,..,..,..,..
Comoros,COM,"Enrolment in secondary education, both sexes (number)",SE.SEC.ENRL,..,..,..,67764,70234,..,..,67445,73695,..,..,..,..,..,..
Comoros,COM,"Enrolment in primary education, both sexes (number)",SE.PRM.ENRL,..,116564,..,120186,120381,..,..,121517,124240,..,..,..,..,..,..
"Congo, Dem. Rep.",COD,"Teachers in primary education, both sexes (number)",SE.PRM.TCHR,285640,296554,345486,339928,383207,414580,..,..,544039,..,..,..,..,..,..
"Congo, Dem. Rep.",COD,"Teachers in secondary education, both sexes (number)",SE.SEC.TCHR,218320,248591,253929,281324,300719,324324,..,..,..,..,..,..,..,..,..
"Congo, Dem. Rep.",COD,"Teachers in pre-primary education, both sexes (number)",SE.PRE.TCHR,8585,9775,10676,11006,12580,14543,..,..,18222,..,..,..,..,..,..
"Congo, Dem. Rep.",COD,"Adult literacy rate, population 15+ years, both sexes (%)",SE.ADT.LITR.ZS,..,..,75.01719,..,..,..,77.04268,..,..,..,..,..,..,..,..
"Congo, Dem. Rep.",COD,"Government expenditure on pre-primary education, US$ (millions)",UIS.X.US.02.FSGOV,2.10669,..,..,6.93287,..,0,..,..,..,..,..,..,..,..,..
"Congo, Dem. Rep.",COD,"Government expenditure on primary education, US$ (millions)",UIS.X.US.1.FSGOV,109.63362,..,..,415.09361,..,..,..,..,..,..,..,..,..,..,..
"Congo, Dem. Rep.",COD,"Government expenditure on secondary education, US$ (millions)",UIS.X.US.2T3.FSGOV,110.9433,..,..,96.77566,..,..,..,..,..,..,..,..,..,..,..
"Congo, Dem. Rep.",COD,"Enrolment in pre-primary education, both sexes (number)",SE.PRE.ENRL,218842,244676,274189,283012,309143,338658,..,..,473734,..,..,..,..,..,..
"Congo, Dem. Rep.",COD,"Enrolment in secondary education, both sexes (number)",SE.SEC.ENRL,3484459,3782945,3894024,3995631,4388456,4618895,..,..,..,..,..,..,..,..,..
"Congo, Dem. Rep.",COD,"Enrolment in primary education, both sexes (number)",SE.PRM.ENRL,10572422,11082501,12004804,12600876,13534625,13763196,..,..,16807014,..,..,..,..,..,..
"Congo, Rep.",COG,"Teachers in primary education, both sexes (number)",SE.PRM.TCHR,14347,15438,16527,..,..,..,..,..,..,..,..,..,..,..,..
"Congo, Rep.",COG,"Teachers in secondary education, both sexes (number)",SE.SEC.TCHR,..,..,18165,..,..,..,..,..,..,..,..,..,..,..,..
"Congo, Rep.",COG,"Teachers in pre-primary education, both sexes (number)",SE.PRE.TCHR,1868,..,2101,..,..,..,..,..,..,..,..,..,..,..,..
"Congo, Rep.",COG,"Adult literacy rate, population 15+ years, both sexes (%)",SE.ADT.LITR.ZS,..,79.31117,..,..,..,..,..,..,80.29876,..,..,..,..,..,..
"Congo, Rep.",COG,"Government expenditure on pre-primary education, US$ (millions)",UIS.X.US.02.FSGOV,34.12963,..,..,..,..,..,..,..,..,..,..,..,..,..,..
"Congo, Rep.",COG,"Government expenditure on primary education, US$ (millions)",UIS.X.US.1.FSGOV,231.77878,..,..,..,..,..,..,..,..,..,..,..,..,..,..
"Congo, Rep.",COG,"Government expenditure on secondary education, US$ (millions)",UIS.X.US.2T3.FSGOV,398.76855,..,..,..,..,..,..,..,..,..,..,..,..,..,..
"Congo, Rep.",COG,"Enrolment in pre-primary education, both sexes (number)",SE.PRE.ENRL,43472,45284,53920,..,..,..,..,..,..,..,..,..,..,..,..
"Congo, Rep.",COG,"Enrolment in secondary education, both sexes (number)",SE.SEC.ENRL,..,..,339250,..,..,..,..,..,..,..,..,..,..,..,..
"Congo, Rep.",COG,"Enrolment in primary education, both sexes (number)",SE.PRM.ENRL,705093,727020,734493,..,..,..,..,..,..,..,..,..,..,..,..
Cook Islands,COK,"Teachers in primary education, both sexes (number)",SE.PRM.TCHR,123,117,127,106,111,104,107,..,..,..,..,..,..,..,..
Cook Islands,COK,"Teachers in secondary education, both sexes (number)",SE.SEC.TCHR,117,130,..,128,124,124,107,..,..,..,..,..,..,..,..
Cook Islands,COK,"Teachers in pre-primary education, both sexes (number)",SE.PRE.TCHR,31,33,28,33,33,31,32,..,..,..,..,..,..,..,..
Cook Islands,COK,"Adult literacy rate, population 15+ years, both sexes (%)",SE.ADT.LITR.ZS,..,..,..,..,..,..,..,..,..,..,..,..,..,..,..
Cook Islands,COK,"Government expenditure on pre-primary education, US$ (millions)",UIS.X.US.02.FSGOV,..,..,..,..,..,..,..,..,..,..,..,..,..,..,..
Cook Islands,COK,"Government expenditure on primary education, US$ (millions)",UIS.X.US.1.FSGOV,..,..,..,..,..,..,..,..,..,..,..,..,..,..,..
Cook Islands,COK,"Government expenditure on secondary education, US$ (millions)",UIS.X.US.2T3.FSGOV,..,..,..,..,..,..,..,..,..,..,..,..,..,..,..
Cook Islands,COK,"Enrolment in pre-primary education, both sexes (number)",SE.PRE.ENRL,452,517,482,513,460,514,528,..,..,..,..,..,..,..,..
Cook Islands,COK,"Enrolment in secondary education, both sexes (number)",SE.SEC.ENRL,1893,1793,1880,1746,1718,1724,1685,..,..,..,..,..,..,..,..
Cook Islands,COK,"Enrolment in primary education, both sexes (number)",SE.PRM.ENRL,1841,1861,1874,1793,1843,1789,1858,..,..,..,..,..,..,..,..
Costa Rica,CRI,"Teachers in primary education, both sexes (number)",SE.PRM.TCHR,29163,29233,..,35986,35967,37349,39717,40627,39638,42720,..,..,..,..,..
Costa Rica,CRI,"Teachers in secondary education, both sexes (number)",SE.SEC.TCHR,26676,28111,..,32018,32051,32988,36355,35112,38355,37828,..,..,..,..,..
Costa Rica,CRI,"Teachers in pre-primary education, both sexes (number)",SE.PRE.TCHR,7509,7693,..,8777,8763,8794,9339,9820,10873,11647,..,..,..,..,..
Costa Rica,CRI,"Adult literacy rate, population 15+ years, both sexes (%)",SE.ADT.LITR.ZS,..,97.40658,..,..,..,..,..,..,97.86379,..,..,..,..,..,..
Costa Rica,CRI,"Government expenditure on pre-primary education, US$ (millions)",UIS.X.US.02.FSGOV,133.93885,153.08578,166.14784,212.66892,211.06139,232.72659,236.5794,256.15373,189.10803,178.41489,..,..,..,..,..
Costa Rica,CRI,"Government expenditure on primary education, US$ (millions)",UIS.X.US.1.FSGOV,1036.10771,1073.09554,1215.67941,1246.93966,1261.52272,1429.15287,1380.34921,1237.30712,1211.74423,1292.79071,..,..,..,..,..
Costa Rica,CRI,"Government expenditure on secondary education, US$ (millions)",UIS.X.US.2T3.FSGOV,779.13658,888.44534,1029.78814,1148.24315,1161.99662,1306.66123,1298.0654,1355.99865,1211.93748,1488.13304,..,..,..,..,..
Costa Rica,CRI,"Enrolment in pre-primary education, both sexes (number)",SE.PRE.ENRL,108246,109012,109033,112444,114799,112854,111432,115291,140344,136907,..,..,..,..,..
Costa Rica,CRI,"Enrolment in secondary education, both sexes (number)",SE.SEC.ENRL,413686,419453,427760,447280,460235,460252,462855,467513,476668,504316,..,..,..,..,..
Costa Rica,CRI,"Enrolment in primary education, both sexes (number)",SE.PRM.ENRL,520609,506961,494720,480125,475731,473447,475756,472421,483770,497065,..,..,..,..,..
Cote d'Ivoire,CIV,"Teachers in primary education, both sexes (number)",SE.PRM.TCHR,..,56455,70016,73691,74703,80155,85109,88910,93257,96255,..,..,..,..,..
Cote d'Ivoire,CIV,"Teachers in secondary education, both sexes (number)",SE.SEC.TCHR,..,..,..,..,63602,..,66852,72134,74796,77178,..,..,..,..,..
Cote d'Ivoire,CIV,"Teachers in pre-primary education, both sexes (number)",SE.PRE.TCHR,..,3979,4941,5378,5921,6524,7045,7604,8541,9618,..,..,..,..,..
Cote d'Ivoire,CIV,"Adult literacy rate, population 15+ years, both sexes (%)",SE.ADT.LITR.ZS,..,..,40.98163,..,43.90842,..,..,..,47.16535,..,..,..,..,..,..
Cote d'Ivoire,CIV,"Government expenditure on pre-primary education, US$ (millions)",UIS.X.US.02.FSGOV,22.72048,19.59891,24.29078,28.68493,43.72282,47.23322,52.50201,56.11738,65.11401,..,..,..,..,..,..
Cote d'Ivoire,CIV,"Government expenditure on primary education, US$ (millions)",UIS.X.US.1.FSGOV,483.90212,415.99261,493.7199,580.92958,632.84926,662.85026,846.92498,775.54231,888.90662,..,..,..,..,..,..
Cote d'Ivoire,CIV,"Government expenditure on secondary education, US$ (millions)",UIS.X.US.2T3.FSGOV,375.40115,344.03444,419.99197,501.08902,601.8701,547.46458,584.46512,616.63991,660.0845,..,..,..,..,..,..
Cote d'Ivoire,CIV,"Enrolment in pre-primary education, both sexes (number)",SE.PRE.ENRL,..,75453,91393,111384,129371,144128,161696,174264,180176,188147,..,..,..,..,..
Cote d'Ivoire,CIV,"Enrolment in secondary education, both sexes (number)",SE.SEC.ENRL,..,..,..,..,1418361,1587348,1727227,1898243,2040520,2227143,..,..,..,..,..
Cote d'Ivoire,CIV,"Enrolment in primary education, both sexes (number)",SE.PRM.ENRL,..,2757613,2920791,3021417,3176874,3370558,3617219,3772136,3900222,4003884,..,..,..,..,..
Croatia,HRV,"Teachers in primary education, both sexes (number)",SE.PRM.TCHR,11746,11726,11696,11688,11741,11849,12033,..,12444,..,..,..,..,..,..
Croatia,HRV,"Teachers in secondary education, both sexes (number)",SE.SEC.TCHR,47673,47995,48776,49228,46194,51214,51843,..,52322,..,..,..,..,..,..
Croatia,HRV,"Teachers in pre-primary education, both sexes (number)",SE.PRE.TCHR,7662,7799,8129,7924,8259,8358,8620,..,9383,..,..,..,..,..,..
Croatia,HRV,"Adult literacy rate, population 15+ years, both sexes (%)",SE.ADT.LITR.ZS,..,99.12536,..,..,..,..,..,..,..,..,..,..,..,..,..
Croatia,HRV,"Government expenditure on pre-primary education, US$ (millions)",UIS.X.US.02.FSGOV,350.40324,365.05137,..,..,..,..,..,301.01974,..,..,..,..,..,..,..
Croatia,HRV,"Government expenditure on primary education, US$ (millions)",UIS.X.US.1.FSGOV,..,..,..,..,..,..,..,910.86121,..,..,..,..,..,..,..
Croatia,HRV,"Government expenditure on secondary education, US$ (millions)",UIS.X.US.2T3.FSGOV,..,..,..,..,..,..,..,..,..,..,..,..,..,..,..
Croatia,HRV,"Enrolment in pre-primary education, both sexes (number)",SE.PRE.ENRL,99317,101638,102857,105004,108281,110572,111513,119198,114526,..,..,..,..,..,..
Croatia,HRV,"Enrolment in secondary education, both sexes (number)",SE.SEC.ENRL,388515,384008,380753,379102,370356,360205,349018,339838,332460,..,..,..,..,..,..
Croatia,HRV,"Enrolment in primary education, both sexes (number)",SE.PRM.ENRL,167452,162186,159945,160275,160819,162355,162519,162955,161740,..,..,..,..,..,..
Cuba,CUB,"Teachers in primary education, both sexes (number)",SE.PRM.TCHR,93414,90918,88699,85202,84209,83798,84101,83125,80922,80503,..,..,..,..,..
Cuba,CUB,"Teachers in secondary education, both sexes (number)",SE.SEC.TCHR,85476,88316,93067,94786,93503,91289,88441,86096,82549,79696,..,..,..,..,..
Cuba,CUB,"Teachers in pre-primary education, both sexes (number)",SE.PRE.TCHR,..,..,..,..,..,..,..,..,..,..,..,..,..,..,..
Cuba,CUB,"Adult literacy rate, population 15+ years, both sexes (%)",SE.ADT.LITR.ZS,..,..,99.75253,..,..,..,..,..,..,..,..,..,..,..,..
Cuba,CUB,"Government expenditure on pre-primary education, US$ (millions)",UIS.X.US.02.FSGOV,565.529,..,..,..,..,..,..,..,..,..,..,..,..,..,..
Cuba,CUB,"Government expenditure on primary education, US$ (millions)",UIS.X.US.1.FSGOV,2397.707,..,..,..,..,..,..,..,..,..,..,..,..,..,..
Cuba,CUB,"Government expenditure on secondary education, US$ (millions)",UIS.X.US.2T3.FSGOV,2403.719,..,..,..,..,..,..,..,..,..,..,..,..,..,..
Cuba,CUB,"Enrolment in pre-primary education, both sexes (number)",SE.PRE.ENRL,386225,389184,..,335909,357056,367628,372745,372378,370468,371455,..,..,..,..,..
Cuba,CUB,"Enrolment in secondary education, both sexes (number)",SE.SEC.ENRL,808904,797860,784466,787297,830375,825055,826759,815786,795057,771999,..,..,..,..,..
Cuba,CUB,"Enrolment in primary education, both sexes (number)",SE.PRM.ENRL,852744,828293,803194,772023,763364,745733,735405,733770,741269,750567,..,..,..,..,..
Curacao,CUW,"Teachers in primary education, both sexes (number)",SE.PRM.TCHR,..,..,..,..,..,..,..,..,..,..,..,..,..,..,..
Curacao,CUW,"Teachers in secondary education, both sexes (number)",SE.SEC.TCHR,..,..,..,..,..,..,..,..,..,..,..,..,..,..,..
Curacao,CUW,"Teachers in pre-primary education, both sexes (number)",SE.PRE.TCHR,..,..,..,..,..,..,..,..,..,..,..,..,..,..,..
Curacao,CUW,"Adult literacy rate, population 15+ years, both sexes (%)",SE.ADT.LITR.ZS,..,..,..,..,..,..,..,..,..,..,..,..,..,..,..
Curacao,CUW,"Government expenditure on pre-primary education, US$ (millions)",UIS.X.US.02.FSGOV,..,..,..,14.34469,..,..,..,..,..,..,..,..,..,..,..
Curacao,CUW,"Government expenditure on primary education, US$ (millions)",UIS.X.US.1.FSGOV,..,..,..,42.62849,..,..,..,..,..,..,..,..,..,..,..
Curacao,CUW,"Government expenditure on secondary education, US$ (millions)",UIS.X.US.2T3.FSGOV,..,..,..,52.66034,..,..,..,..,..,..,..,..,..,..,..
Curacao,CUW,"Enrolment in pre-primary education, both sexes (number)",SE.PRE.ENRL,..,..,..,..,..,..,..,..,..,..,..,..,..,..,..
Curacao,CUW,"Enrolment in secondary education, both sexes (number)",SE.SEC.ENRL,..,..,..,11219,..,..,..,..,..,..,..,..,..,..,..
Curacao,CUW,"Enrolment in primary education, both sexes (number)",SE.PRM.ENRL,..,..,..,20812,..,..,..,..,..,..,..,..,..,..,..
Cyprus,CYP,"Teachers in primary education, both sexes (number)",SE.PRM.TCHR,3985,4045,3940,3977,3967,4513,4597,4640,4786,..,..,..,..,..,..
Cyprus,CYP,"Teachers in secondary education, both sexes (number)",SE.SEC.TCHR,6526,6466,6394,6368,6032,5521,7000,6643,6817,..,..,..,..,..,..
Cyprus,CYP,"Teachers in pre-primary education, both sexes (number)",SE.PRE.TCHR,1260,1254,1338,1409,1457,1871,1603,1686,1663,..,..,..,..,..,..
Cyprus,CYP,"Adult literacy rate, population 15+ years, both sexes (%)",SE.ADT.LITR.ZS,..,98.67843,..,..,..,..,..,..,..,..,..,..,..,..,..
Cyprus,CYP,"Government expenditure on pre-primary education, US$ (millions)",UIS.X.US.02.FSGOV,93.00146,101.45741,..,84.69916,82.96001,69.24442,68.18603,71.6571,..,..,..,..,..,..,..
Cyprus,CYP,"Government expenditure on primary education, US$ (millions)",UIS.X.US.1.FSGOV,522.05886,564.53925,..,474.18914,470.1767,404.28603,421.65721,425.88893,..,..,..,..,..,..,..
Cyprus,CYP,"Government expenditure on secondary education, US$ (millions)",UIS.X.US.2T3.FSGOV,724.15219,767.85356,..,643.65786,627.95669,518.56873,527.28659,544.92105,..,..,..,..,..,..,..
Cyprus,CYP,"Enrolment in pre-primary education, both sexes (number)",SE.PRE.ENRL,21065,21530,22122,22783,22772,23560,24171,24280,24502,..,..,..,..,..,..
Cyprus,CYP,"Enrolment in secondary education, both sexes (number)",SE.SEC.ENRL,63662,62894,61801,60793,58634,57161,55711,55212,54966,..,..,..,..,..,..
Cyprus,CYP,"Enrolment in primary education, both sexes (number)",SE.PRM.ENRL,54806,54371,54272,54069,53129,53773,54541,55862,57079,..,..,..,..,..,..
Czechia,CZE,"Teachers in primary education, both sexes (number)",SE.PRM.TCHR,24769,24880,25161,25979,..,..,..,..,..,..,..,..,..,..,..
Czechia,CZE,"Teachers in secondary education, both sexes (number)",SE.SEC.TCHR,76241,71092,69448,69387,..,..,..,..,..,..,..,..,..,..,..
Czechia,CZE,"Teachers in pre-primary education, both sexes (number)",SE.PRE.TCHR,22778,23847,24817,25779,..,..,..,..,..,..,..,..,..,..,..
Czechia,CZE,"Adult literacy rate, population 15+ years, both sexes (%)",SE.ADT.LITR.ZS,..,..,..,..,..,..,99.83303,..,..,..,..,..,..,..,..
Czechia,CZE,"Government expenditure on pre-primary education, US$ (millions)",UIS.X.US.02.FSGOV,965.40783,1073.78444,1065.29955,1132.42245,1133.10726,972.69407,958.32594,1145.45766,..,..,..,..,..,..,..
Czechia,CZE,"Government expenditure on primary education, US$ (millions)",UIS.X.US.1.FSGOV,1364.14593,1566.79413,1478.9913,1521.3197,1547.32304,1436.37048,1443.16511,1753.47859,..,..,..,..,..,..,..
Czechia,CZE,"Government expenditure on secondary education, US$ (millions)",UIS.X.US.2T3.FSGOV,3856.6099,4169.29446,3876.28697,3757.97792,3614.57401,3223.45241,3161.96414,3720.91717,..,..,..,..,..,..,..
Czechia,CZE,"Enrolment in pre-primary education, both sexes (number)",SE.PRE.ENRL,316671,331782,345850,358104,367352,371690,372137,367453,366391,..,..,..,..,..,..
Czechia,CZE,"Enrolment in secondary education, both sexes (number)",SE.SEC.ENRL,836847,805253,777216,801314,781392,770437,765502,772457,787114,..,..,..,..,..,..
Czechia,CZE,"Enrolment in primary education, both sexes (number)",SE.PRM.ENRL,463357,468273,477413,491828,510613,534932,557455,575980,583522,..,..,..,..,..,..
Denmark,DNK,"Teachers in primary education, both sexes (number)",SE.PRM.TCHR,..,..,..,..,43538,..,..,..,46511,..,..,..,..,..,..
Denmark,DNK,"Teachers in secondary education, both sexes (number)",SE.SEC.TCHR,..,..,..,..,49050,..,..,..,53930,..,..,..,..,..,..
Denmark,DNK,"Teachers in pre-primary education, both sexes (number)",SE.PRE.TCHR,..,..,..,..,..,..,..,..,32390,..,..,..,..,..,..
Denmark,DNK,"Adult literacy rate, population 15+ years, both sexes (%)",SE.ADT.LITR.ZS,..,..,..,..,..,..,..,..,..,..,..,..,..,..,..
Denmark,DNK,"Government expenditure on pre-primary education, US$ (millions)",UIS.X.US.02.FSGOV,3175.44314,4588.81523,..,4047.99471,..,..,..,2731.98411,..,..,..,..,..,..,..
Denmark,DNK,"Government expenditure on primary education, US$ (millions)",UIS.X.US.1.FSGOV,6527.48089,6304.71364,7037.92528,7259.36028,7332.3664,..,..,6364.33106,..,..,..,..,..,..,..
Denmark,DNK,"Government expenditure on secondary education, US$ (millions)",UIS.X.US.2T3.FSGOV,9513.89881,9370.06928,8990.81743,9461.19143,10780.83908,..,..,6968.46015,..,..,..,..,..,..,..
Denmark,DNK,"Enrolment in pre-primary education, both sexes (number)",SE.PRE.ENRL,259656,193877,198438,192192,191214,187625,185145,178961,178127,..,..,..,..,..,..
Denmark,DNK,"Enrolment in secondary education, both sexes (number)",SE.SEC.ENRL,504205,519115,527851,555278,553791,553263,540622,534080,531247,..,..,..,..,..,..
Denmark,DNK,"Enrolment in primary education, both sexes (number)",SE.PRM.ENRL,403344,470807,470711,469568,467484,468536,471787,472523,468362,..,..,..,..,..,..
Djibouti,DJI,"Teachers in primary education, both sexes (number)",SE.PRM.TCHR,..,1731,1821,1852,1935,1906,1986,2033,2144,..,2310,..,..,..,..
Djibouti,DJI,"Teachers in secondary education, both sexes (number)",SE.SEC.TCHR,..,1827,2074,2274,2386,2612,2580,2674,2563,2441,..,..,..,..,..
Djibouti,DJI,"Teachers in pre-primary education, both sexes (number)",SE.PRE.TCHR,..,..,..,..,..,..,72,159,210,..,..,..,..,..,..
Djibouti,DJI,"Adult literacy rate, population 15+ years, both sexes (%)",SE.ADT.LITR.ZS,..,..,..,..,..,..,..,..,..,..,..,..,..,..,..
Djibouti,DJI,"Government expenditure on pre-primary education, US$ (millions)",UIS.X.US.02.FSGOV,0,..,..,..,..,..,..,..,..,..,..,..,..,..,..
Djibouti,DJI,"Government expenditure on primary education, US$ (millions)",UIS.X.US.1.FSGOV,17.27406,..,..,..,..,..,43.76716,..,..,..,..,..,..,..,..
Djibouti,DJI,"Government expenditure on secondary education, US$ (millions)",UIS.X.US.2T3.FSGOV,18.8937,..,..,..,..,1.10456,0.84698,..,..,..,..,..,..,..,..
Djibouti,DJI,"Enrolment in pre-primary education, both sexes (number)",SE.PRE.ENRL,..,1857,1595,..,..,1856,2123,2608,3025,3659,4264,..,..,..,..
Djibouti,DJI,"Enrolment in secondary education, both sexes (number)",SE.SEC.ENRL,..,50965,55082,57155,58553,59483,61284,60772,65144,65499,68493,..,..,..,..
Djibouti,DJI,"Enrolment in primary education, both sexes (number)",SE.PRM.ENRL,..,60992,63612,63368,64319,62940,61755,61846,62979,68701,69134,..,..,..,..
Dominica,DMA,"Teachers in primary education, both sexes (number)",SE.PRM.TCHR,508,511,516,529,540,538,560,..,..,525,..,..,..,..,..
Dominica,DMA,"Teachers in secondary education, both sexes (number)",SE.SEC.TCHR,511,535,..,543,516,520,556,..,..,496,..,..,..,..,..
Dominica,DMA,"Teachers in pre-primary education, both sexes (number)",SE.PRE.TCHR,137,169,160,149,128,150,148,..,..,122,..,..,..,..,..
Dominica,DMA,"Adult literacy rate, population 15+ years, both sexes (%)",SE.ADT.LITR.ZS,..,..,..,..,..,..,..,..,..,..,..,..,..,..,..
Dominica,DMA,"Government expenditure on pre-primary education, US$ (millions)",UIS.X.US.02.FSGOV,0.02844,..,0.30767,..,..,0.34366,..,..,..,1.14074,..,..,..,..,..
Dominica,DMA,"Government expenditure on primary education, US$ (millions)",UIS.X.US.1.FSGOV,8.45838,8.42732,7.77155,..,..,8.1262,..,..,..,9.962,..,..,..,..,..
Dominica,DMA,"Government expenditure on secondary education, US$ (millions)",UIS.X.US.2T3.FSGOV,7.10637,..,25.33323,..,..,7.69036,..,..,..,9.86353,..,..,..,..,..
Dominica,DMA,"Enrolment in pre-primary education, both sexes (number)",SE.PRE.ENRL,1891,1824,1734,1868,1650,1703,1668,..,..,1464,..,..,..,..,..
Dominica,DMA,"Enrolment in secondary education, both sexes (number)",SE.SEC.ENRL,6766,6507,..,..,5663,5561,..,..,..,4863,..,..,..,..,..
Dominica,DMA,"Enrolment in primary education, both sexes (number)",SE.PRM.ENRL,8138,8138,8144,7851,7695,7535,7323,..,..,6144,..,..,..,..,..
Dominican Republic,DOM,"Teachers in primary education, both sexes (number)",SE.PRM.TCHR,51615,51464,54322,54959,61659,71463,69495,66255,64810,65556.11702,..,..,..,..,..
Dominican Republic,DOM,"Teachers in secondary education, both sexes (number)",SE.SEC.TCHR,32084,31289,31040,33285,..,42071,..,49593,..,53082,..,..,..,..,..
Dominican Republic,DOM,"Teachers in pre-primary education, both sexes (number)",SE.PRE.TCHR,10260,10152,9834,11425,12989,15665,14954,15281,15837,17522,..,..,..,..,..
Dominican Republic,DOM,"Adult literacy rate, population 15+ years, both sexes (%)",SE.ADT.LITR.ZS,89.53873,90.10638,90.15518,90.85815,91.76376,91.99121,93.77846,..,..,..,..,..,..,..,..
Dominican Republic,DOM,"Government expenditure on pre-primary education, US$ (millions)",UIS.X.US.02.FSGOV,51.98621,59.35239,69.86213,149.50912,165.65631,184.87141,..,..,235.44638,210.59724,..,..,..,..,..
Dominican Republic,DOM,"Government expenditure on primary education, US$ (millions)",UIS.X.US.1.FSGOV,516.47009,532.22781,678.65708,1161.42958,1217.19753,1305.49945,1416.01415,1324.13277,1518.62923,1790.48306,..,..,..,..,..
Dominican Republic,DOM,"Government expenditure on secondary education, US$ (millions)",UIS.X.US.2T3.FSGOV,317.17511,346.47549,439.1116,786.4265,825.79604,887.46286,964.209,1251.4917,1067.92336,1021.44411,..,..,..,..,..
Dominican Republic,DOM,"Enrolment in pre-primary education, both sexes (number)",SE.PRE.ENRL,241681,239399,247203,267279,278132,281008,282845,297534,299149,331521,..,..,..,..,..
Dominican Republic,DOM,"Enrolment in secondary education, both sexes (number)",SE.SEC.ENRL,904527,898690,905616,919763,931068,929493,928854,924737,924714,940592,..,..,..,..,..
Dominican Republic,DOM,"Enrolment in primary education, both sexes (number)",SE.PRM.ENRL,1317802,1310199,1283515,1291154,1267930,1307128,1287118,1253342,1226414,1300211,..,..,..,..,..
Early-demographic dividend,EAR,"Teachers in primary education, both sexes (number)",SE.PRM.TCHR,11566636.2,11866256.83,12129231.66,12847168.23,12863090.32,13106372.39,13096159.72,13108296.28,12768093.64,13191787.53,..,..,..,..,..
Early-demographic dividend,EAR,"Teachers in secondary education, both sexes (number)",SE.SEC.TCHR,11971511.13,12100976.18,12400852.56,12000674.08,12440851.47,12776464.25,13550225.85,13730658.4,13866081.43,15284281.7,..,..,..,..,..
Early-demographic dividend,EAR,"Teachers in pre-primary education, both sexes (number)",SE.PRE.TCHR,2466032.334,2623570.627,2785747.308,3032701.849,3237765.857,2658020.315,3506360.441,3640898.77,3797105.493,3902625.49,..,..,..,..,..
Early-demographic dividend,EAR,"Adult literacy rate, population 15+ years, both sexes (%)",SE.ADT.LITR.ZS,75.28292,75.288,75.91932,76.4219,77.23737,77.95578,78.5781,79.017,79.35413,79.84099,..,..,..,..,..
Early-demographic dividend,EAR,"Government expenditure on pre-primary education, US$ (millions)",UIS.X.US.02.FSGOV,..,..,..,..,..,..,..,..,..,..,..,..,..,..,..
Early-demographic dividend,EAR,"Government expenditure on primary education, US$ (millions)",UIS.X.US.1.FSGOV,..,..,..,..,..,..,..,..,..,..,..,..,..,..,..
Early-demographic dividend,EAR,"Government expenditure on secondary education, US$ (millions)",UIS.X.US.2T3.FSGOV,..,..,..,..,..,..,..,..,..,..,..,..,..,..,..
Early-demographic dividend,EAR,"Enrolment in pre-primary education, both sexes (number)",SE.PRE.ENRL,66170754.54,70208335.99,74841835.54,78866276.84,81846685.96,85256227.44,87482819.88,91084116.77,91460554.34,92719046.91,..,..,..,..,..
Early-demographic dividend,EAR,"Enrolment in secondary education, both sexes (number)",SE.SEC.ENRL,247494068.2,257696771.4,266258994.3,271167800.2,283365606.6,287394377.5,292634652.5,293128315.1,299564976.1,300395146.5,..,..,..,..,..
Early-demographic dividend,EAR,"Enrolment in primary education, both sexes (number)",SE.PRM.ENRL,345983213.5,347549778.2,351177503,353273598.4,351863758.2,353931462.2,363054297.2,360670844.8,341920693.3,342508775.2,..,..,..,..,..
East Asia & Pacific,EAS,"Teachers in primary education, both sexes (number)",SE.PRM.TCHR,10077580.6,10080294.32,10110433.85,10323235.78,10311245.78,10483805.73,10748109,10556238.77,10629830.89,10917096.4,..,..,..,..,..
East Asia & Pacific,EAS,"Teachers in secondary education, both sexes (number)",SE.SEC.TCHR,10282926.09,10093670.12,10108383.03,9961819.608,10041815.99,10243032.68,10359085.33,10375427.21,10554388.04,10555359.24,..,..,..,..,..
East Asia & Pacific,EAS,"Teachers in pre-primary education, both sexes (number)",SE.PRE.TCHR,1991718.287,2190773.533,2450630.101,2684068.09,3008136.712,3230741.053,3467214.793,3717069.913,3940161.996,4069370.975,..,..,..,..,..
East Asia & Pacific,EAS,"Adult literacy rate, population 15+ years, both sexes (%)",SE.ADT.LITR.ZS,94.26799,94.07524,94.31336,94.42037,94.91773,95.13827,95.27538,95.47143,95.62532,95.77401,..,..,..,..,..
East Asia & Pacific,EAS,"Government expenditure on pre-primary education, US$ (millions)",UIS.X.US.02.FSGOV,..,..,..,..,..,..,..,..,..,..,..,..,..,..,..
East Asia & Pacific,EAS,"Government expenditure on primary education, US$ (millions)",UIS.X.US.1.FSGOV,..,..,..,..,..,..,..,..,..,..,..,..,..,..,..
East Asia & Pacific,EAS,"Government expenditure on secondary education, US$ (millions)",UIS.X.US.2T3.FSGOV,..,..,..,..,..,..,..,..,..,..,..,..,..,..,..
East Asia & Pacific,EAS,"Enrolment in pre-primary education, both sexes (number)",SE.PRE.ENRL,43050405.63,46789122.32,52909719.13,56488168.97,59172364.63,61196340.74,63931199.84,66239007.12,68454453.8,68392784.71,..,..,..,..,..
East Asia & Pacific,EAS,"Enrolment in secondary education, both sexes (number)",SE.SEC.ENRL,162823426.1,161820181.2,159857641.7,159709689.7,156356584.7,154907737,152356231.8,153812329.2,156315961.5,156873195.1,..,..,..,..,..
East Asia & Pacific,EAS,"Enrolment in primary education, both sexes (number)",SE.PRM.ENRL,185473272.5,184454201.7,184439502.4,183118019.6,179808178.2,180420282.6,182367724.9,184056620.6,185205081.9,188997453.7,..,..,..,..,..
East Asia & Pacific (excluding high income),EAP,"Teachers in primary education, both sexes (number)",SE.PRM.TCHR,9338353.828,9330216.59,9353506.814,9561228.073,9543754.882,9716818.665,9974659.287,9777013.609,9839310.541,10094992.44,..,..,..,..,..
East Asia & Pacific (excluding high income),EAP,"Teachers in secondary education, both sexes (number)",SE.SEC.TCHR,9196512.708,8983742.979,8987655.734,8835969.37,8913920.005,9121737.965,9245509.931,9270400.133,9471049.362,9572199.562,..,..,..,..,..
East Asia & Pacific (excluding high income),EAP,"Teachers in pre-primary education, both sexes (number)",SE.PRE.TCHR,1773015.454,1969827.546,2214153.425,2438132.099,2752005.62,2966473.827,3196030.477,3446465.286,3669809.477,3819603.962,..,..,..,..,..
East Asia & Pacific (excluding high income),EAP,"Adult literacy rate, population 15+ years, both sexes (%)",SE.ADT.LITR.ZS,94.60774,94.45591,94.67794,94.77902,95.19567,95.40923,95.53955,95.72929,95.87912,96.02679,..,..,..,..,..
East Asia & Pacific (excluding high income),EAP,"Government expenditure on pre-primary education, US$ (millions)",UIS.X.US.02.FSGOV,..,..,..,..,..,..,..,..,..,..,..,..,..,..,..
East Asia & Pacific (excluding high income),EAP,"Government expenditure on primary education, US$ (millions)",UIS.X.US.1.FSGOV,..,..,..,..,..,..,..,..,..,..,..,..,..,..,..
East Asia & Pacific (excluding high income),EAP,"Government expenditure on secondary education, US$ (millions)",UIS.X.US.2T3.FSGOV,..,..,..,..,..,..,..,..,..,..,..,..,..,..,..
East Asia & Pacific (excluding high income),EAP,"Enrolment in pre-primary education, both sexes (number)",SE.PRE.ENRL,38340684.11,42069108.42,48103497.67,51572381.6,54260653.85,56242252.57,58814951.4,61133603.87,63425425.08,63931854.18,..,..,..,..,..
East Asia & Pacific (excluding high income),EAP,"Enrolment in secondary education, both sexes (number)",SE.SEC.ENRL,147509271.3,146603050,144713659.2,144703920.1,141587009.4,140401155.6,138192375.1,139907291.8,142967304.2,144557152.1,..,..,..,..,..
East Asia & Pacific (excluding high income),EAP,"Enrolment in primary education, both sexes (number)",SE.PRM.ENRL,171992928.8,171193586.1,171436098.2,170367122,167152428,167890037,169900681.4,171583400.7,172672610.1,175986197.4,..,..,..,..,..
East Asia & Pacific (IDA & IBRD countries),TEA,"Teachers in primary education, both sexes (number)",SE.PRM.TCHR,9268767.478,9261246.375,9285311.52,9494147.794,9461106.142,9636313.374,9896591.046,9701160.261,9765201.665,10021823.74,..,..,..,..,..
East Asia & Pacific (IDA & IBRD countries),TEA,"Teachers in secondary education, both sexes (number)",SE.SEC.TCHR,9069522.34,8857891.271,8862815.363,8712119.042,8790238.067,8998913.87,9123402.214,9149324.61,9347640.667,9454498.085,..,..,..,..,..
East Asia & Pacific (IDA & IBRD countries),TEA,"Teachers in pre-primary education, both sexes (number)",SE.PRE.TCHR,1752997.917,1948544.443,2192717.27,2416574.683,2730487.518,2944496.873,3173971.678,3424268.712,3646700.44,3796445.3,..,..,..,..,..
East Asia & Pacific (IDA & IBRD countries),TEA,"Adult literacy rate, population 15+ years, both sexes (%)",SE.ADT.LITR.ZS,94.54157,94.38782,94.61258,94.71494,95.13671,95.35287,95.48483,95.67691,95.8286,95.9781,..,..,..,..,..
East Asia & Pacific (IDA & IBRD countries),TEA,"Government expenditure on pre-primary education, US$ (millions)",UIS.X.US.02.FSGOV,..,..,..,..,..,..,..,..,..,..,..,..,..,..,..
East Asia & Pacific (IDA & IBRD countries),TEA,"Government expenditure on primary education, US$ (millions)",UIS.X.US.1.FSGOV,..,..,..,..,..,..,..,..,..,..,..,..,..,..,..
East Asia & Pacific (IDA & IBRD countries),TEA,"Government expenditure on secondary education, US$ (millions)",UIS.X.US.2T3.FSGOV,..,..,..,..,..,..,..,..,..,..,..,..,..,..,..
East Asia & Pacific (IDA & IBRD countries),TEA,"Enrolment in pre-primary education, both sexes (number)",SE.PRE.ENRL,37916428.56,41634046.76,47656776.53,51125740.72,53817078.79,55799376.27,58366640.5,60676209.39,62959414.33,63465500.73,..,..,..,..,..
East Asia & Pacific (IDA & IBRD countries),TEA,"Enrolment in secondary education, both sexes (number)",SE.SEC.ENRL,145290497.4,144404242,142532561.6,142540153.2,139426213.8,138255377.4,136059136.8,137792340.4,140878000.2,142501445.3,..,..,..,..,..
East Asia & Pacific (IDA & IBRD countries),TEA,"Enrolment in primary education, both sexes (number)",SE.PRM.ENRL,170474921,169702050.1,169974303.3,168942044.2,165412374.2,166210413,168286749.3,170029508.7,171168340.9,174500814.1,..,..,..,..,..
Ecuador,ECU,"Teachers in primary education, both sexes (number)",SE.PRM.TCHR,96170,97178,94616,88770,84740,79581,77749.20417,78815.90593,79640.92914,..,..,..,..,..,..
Ecuador,ECU,"Teachers in secondary education, both sexes (number)",SE.SEC.TCHR,82989,83720,82982,81832,84324,86456,87924.19198,90642.09466,91733.54561,..,..,..,..,..,..
Ecuador,ECU,"Teachers in pre-primary education, both sexes (number)",SE.PRE.TCHR,22199,23668,24625,27327,30306,31582,32271.60385,32998,33045.19192,..,..,..,..,..,..
Ecuador,ECU,"Adult literacy rate, population 15+ years, both sexes (%)",SE.ADT.LITR.ZS,91.85404,91.5869,92.06473,93.29463,94.22264,94.45566,94.35023,92.82979,..,..,..,..,..,..,..
Ecuador,ECU,"Government expenditure on pre-primary education, US$ (millions)",UIS.X.US.02.FSGOV,670.57728,..,940.66836,1172.02021,1202.83727,1048.21737,1042.06799,..,1255.30065,..,..,..,..,..,..
Ecuador,ECU,"Government expenditure on primary education, US$ (millions)",UIS.X.US.1.FSGOV,1015.39609,1225.09254,1271.78547,1473.81286,1375.95437,1154.20562,1124.61457,..,1365.54591,..,..,..,..,..,..
Ecuador,ECU,"Government expenditure on secondary education, US$ (millions)",UIS.X.US.2T3.FSGOV,327.18181,417.3577,461.82326,579.65706,612.26114,601.11648,618.01443,..,802.2152,..,..,..,..,..,..
Ecuador,ECU,"Enrolment in pre-primary education, both sexes (number)",SE.PRE.ENRL,446298,488932,523849,596023,680003,686176,690713,672628,638551,..,..,..,..,..,..
Ecuador,ECU,"Enrolment in secondary education, both sexes (number)",SE.SEC.ENRL,1655274,1749833,1822637,1882586,1942230,1932353,1929522,1903418,1891648,..,..,..,..,..,..
Ecuador,ECU,"Enrolment in primary education, both sexes (number)",SE.PRM.ENRL,2114197,2128039,2089088,2068184,2093835,1998135,1951188,1929416,1932261,..,..,..,..,..,..
"Egypt, Arab Rep.",EGY,"Teachers in primary education, both sexes (number)",SE.PRM.TCHR,380111,..,..,..,..,..,509764,511478,533935,530666,..,..,..,..,..
"Egypt, Arab Rep.",EGY,"Teachers in secondary education, both sexes (number)",SE.SEC.TCHR,..,..,..,..,..,..,591205,587512,602579,594045,..,..,..,..,..
"Egypt, Arab Rep.",EGY,"Teachers in pre-primary education, both sexes (number)",SE.PRE.TCHR,33139,..,..,..,..,..,47467,49670,52884,59630,..,..,..,..,..
"Egypt, Arab Rep.",EGY,"Adult literacy rate, population 15+ years, both sexes (%)",SE.ADT.LITR.ZS,72.04785,..,73.86559,72.4425,..,..,..,71.16825,..,..,..,..,..,..,..
"Egypt, Arab Rep.",EGY,"Government expenditure on pre-primary education, US$ (millions)",UIS.X.US.02.FSGOV,..,..,..,..,..,..,..,466.75821,..,..,..,..,..,..,..
"Egypt, Arab Rep.",EGY,"Government expenditure on primary education, US$ (millions)",UIS.X.US.1.FSGOV,..,..,..,..,..,..,..,4220.53919,..,..,..,..,..,..,..
"Egypt, Arab Rep.",EGY,"Government expenditure on secondary education, US$ (millions)",UIS.X.US.2T3.FSGOV,..,..,..,..,..,..,..,4347.08273,..,..,..,..,..,..,..
"Egypt, Arab Rep.",EGY,"Enrolment in pre-primary education, both sexes (number)",SE.PRE.ENRL,1005693,911779,938572,934920,1176597,..,1278524,1306538,1377342,1480421,..,..,..,..,..
"Egypt, Arab Rep.",EGY,"Enrolment in secondary education, both sexes (number)",SE.SEC.ENRL,6845748,7745940,7910112,8121734,8208329,..,8744802,8938257,9136789,9413798,..,..,..,..,..
"Egypt, Arab Rep.",EGY,"Enrolment in primary education, both sexes (number)",SE.PRM.ENRL,10542138,10266010,10945595,11102706,11128030,..,11764161,12161376,12643289,13265036,..,..,..,..,..
El Salvador,SLV,"Teachers in primary education, both sexes (number)",SE.PRM.TCHR,..,30755,..,..,..,24967.46111,25164.90278,23987,24642,..,..,..,..,..,..
El Salvador,SLV,"Teachers in secondary education, both sexes (number)",SE.SEC.TCHR,..,24556,..,..,..,19449.35278,19508.69444,19254,18928,..,..,..,..,..,..
El Salvador,SLV,"Teachers in pre-primary education, both sexes (number)",SE.PRE.TCHR,..,9318,..,..,..,7207.16944,7066.61111,8258,8153,..,..,..,..,..,..
El Salvador,SLV,"Adult literacy rate, population 15+ years, both sexes (%)",SE.ADT.LITR.ZS,84.49272,85.49399,..,86.76758,..,87.96985,88.14177,88.48271,89.0086,..,..,..,..,..,..
El Salvador,SLV,"Government expenditure on pre-primary education, US$ (millions)",UIS.X.US.02.FSGOV,59.00318,..,60.6567,62.28624,64.27081,66.4307,85.56054,91.83082,96.32954,..,..,..,..,..,..
El Salvador,SLV,"Government expenditure on primary education, US$ (millions)",UIS.X.US.1.FSGOV,318.6446,..,339.42384,357.46794,367.10821,372.46869,436.60049,424.37886,433.14115,..,..,..,..,..,..
El Salvador,SLV,"Government expenditure on secondary education, US$ (millions)",UIS.X.US.2T3.FSGOV,224.74299,..,243.86113,257.05372,266.11159,291.20558,326.35867,324.67403,319.20427,..,..,..,..,..,..
El Salvador,SLV,"Enrolment in pre-primary education, both sexes (number)",SE.PRE.ENRL,227253,224127,223405,227812,232850,230056,228724,225440,230010,..,..,..,..,..,..
El Salvador,SLV,"Enrolment in secondary education, both sexes (number)",SE.SEC.ENRL,577111,597823,611515,636553,625060,599947,571919,535680,521576,..,..,..,..,..,..
El Salvador,SLV,"Enrolment in primary education, both sexes (number)",SE.PRM.ENRL,939726,900681,858864,817275,777043,741394,711182,678137,662740,..,..,..,..,..,..
Equatorial Guinea,GNQ,"Teachers in primary education, both sexes (number)",SE.PRM.TCHR,3131,3111,3517,..,..,4021,..,..,..,..,..,..,..,..,..
Equatorial Guinea,GNQ,"Teachers in secondary education, both sexes (number)",SE.SEC.TCHR,..,..,..,..,..,..,..,..,..,..,..,..,..,..,..
Equatorial Guinea,GNQ,"Teachers in pre-primary education, both sexes (number)",SE.PRE.TCHR,..,..,2428,..,..,2378,..,..,..,..,..,..,..,..,..
Equatorial Guinea,GNQ,"Adult literacy rate, population 15+ years, both sexes (%)",SE.ADT.LITR.ZS,94.37054,..,..,..,..,..,..,..,..,..,..,..,..,..,..
Equatorial Guinea,GNQ,"Government expenditure on pre-primary education, US$ (millions)",UIS.X.US.02.FSGOV,..,..,..,..,..,..,..,..,..,..,..,..,..,..,..
Equatorial Guinea,GNQ,"Government expenditure on primary education, US$ (millions)",UIS.X.US.1.FSGOV,..,..,..,..,..,..,..,..,..,..,..,..,..,..,..
Equatorial Guinea,GNQ,"Government expenditure on secondary education, US$ (millions)",UIS.X.US.2T3.FSGOV,..,..,..,..,..,..,..,..,..,..,..,..,..,..,..
Equatorial Guinea,GNQ,"Enrolment in pre-primary education, both sexes (number)",SE.PRE.ENRL,..,42125,42431,..,..,39596,..,..,..,..,..,..,..,..,..
Equatorial Guinea,GNQ,"Enrolment in secondary education, both sexes (number)",SE.SEC.ENRL,..,..,..,..,..,..,..,..,..,..,..,..,..,..,..
Equatorial Guinea,GNQ,"Enrolment in primary education, both sexes (number)",SE.PRM.ENRL,85061,86821,92029,..,..,93396,..,..,..,..,..,..,..,..,..
Eritrea,ERI,"Teachers in primary education, both sexes (number)",SE.PRM.TCHR,7535,7704,8166,8680,8515,8346,8524,8842,9028,..,..,..,..,..,..
Eritrea,ERI,"Teachers in secondary education, both sexes (number)",SE.SEC.TCHR,6413,6495,7010,6981,6654,6322,6435,6766,7436,..,..,..,..,..,..
Eritrea,ERI,"Teachers in pre-primary education, both sexes (number)",SE.PRE.TCHR,1143,1215,1296,1374,1416,1456,1601,1541,1603,..,..,..,..,..,..
Eritrea,ERI,"Adult literacy rate, population 15+ years, both sexes (%)",SE.ADT.LITR.ZS,..,..,..,..,..,..,..,..,76.57052,..,..,..,..,..,..
Eritrea,ERI,"Government expenditure on pre-primary education, US$ (millions)",UIS.X.US.02.FSGOV,..,..,..,..,..,..,..,..,..,..,..,..,..,..,..
Eritrea,ERI,"Government expenditure on primary education, US$ (millions)",UIS.X.US.1.FSGOV,..,..,..,..,..,..,..,..,..,..,..,..,..,..,..
Eritrea,ERI,"Government expenditure on secondary education, US$ (millions)",UIS.X.US.2T3.FSGOV,..,..,..,..,..,..,..,..,..,..,..,..,..,..,..
Eritrea,ERI,"Enrolment in pre-primary education, both sexes (number)",SE.PRE.ENRL,40506,46104,45973,46488,45291,42122,..,44898,47047,..,..,..,..,..,..
Eritrea,ERI,"Enrolment in secondary education, both sexes (number)",SE.SEC.ENRL,248082,256512,265600,268634,270088,245806,..,247424,260421,..,..,..,..,..,..
Eritrea,ERI,"Enrolment in primary education, both sexes (number)",SE.PRM.ENRL,286021,311737,334245,396398,361604,361684,..,347009,349753,..,..,..,..,..,..
Estonia,EST,"Teachers in primary education, both sexes (number)",SE.PRM.TCHR,6223,6200,6431,6578,..,..,7351,7569,7662,..,..,..,..,..,..
Estonia,EST,"Teachers in secondary education, both sexes (number)",SE.SEC.TCHR,10881,10344,10170,9983,..,..,9133,9001,8684,..,..,..,..,..,..
Estonia,EST,"Teachers in pre-primary education, both sexes (number)",SE.PRE.TCHR,8500,7834,7669,..,..,..,..,..,..,..,..,..,..,..,..
Estonia,EST,"Adult literacy rate, population 15+ years, both sexes (%)",SE.ADT.LITR.ZS,..,99.88579,..,..,..,..,..,..,..,..,..,..,..,..,..
Estonia,EST,"Government expenditure on pre-primary education, US$ (millions)",UIS.X.US.02.FSGOV,84.59649,93.50735,99.06801,88.45673,..,..,..,..,..,..,..,..,..,..,..
Estonia,EST,"Government expenditure on primary education, US$ (millions)",UIS.X.US.1.FSGOV,264.96739,284.18671,293.37104,373.33675,353.58118,280.87116,309.78221,370.74781,..,..,..,..,..,..,..
Estonia,EST,"Government expenditure on secondary education, US$ (millions)",UIS.X.US.2T3.FSGOV,432.55142,423.51717,395.34232,357.75704,374.91107,304.86028,312.68033,353.92459,..,..,..,..,..,..,..
Estonia,EST,"Enrolment in pre-primary education, both sexes (number)",SE.PRE.ENRL,48167,49880,52298,53477,59094,58750,57855,56724,55203,..,..,..,..,..,..
Estonia,EST,"Enrolment in secondary education, both sexes (number)",SE.SEC.ENRL,95331,90717,85183,80840,77873,77910,80212,82646,84017.25,..,..,..,..,..,..
Estonia,EST,"Enrolment in primary education, both sexes (number)",SE.PRM.ENRL,72955,73054,74249,75644,77215,79594,82824,85617,88107,..,..,..,..,..,..
Eswatini,SWZ,"Teachers in primary education, both sexes (number)",SE.PRM.TCHR,7463,7862,8239,8507,8577,8752,8764,8928,9006,..,..,..,..,..,..
Eswatini,SWZ,"Teachers in secondary education, both sexes (number)",SE.SEC.TCHR,4890,5250,5556,5843,6115,6362,6966,..,..,..,..,..,..,..,..
Eswatini,SWZ,"Teachers in pre-primary education, both sexes (number)",SE.PRE.TCHR,1924,1935,..,..,..,..,..,..,..,..,..,..,..,..,..
Eswatini,SWZ,"Adult literacy rate, population 15+ years, both sexes (%)",SE.ADT.LITR.ZS,83.09829,..,..,..,..,..,..,..,88.41938,..,..,..,..,..,..
Eswatini,SWZ,"Government expenditure on pre-primary education, US$ (millions)",UIS.X.US.02.FSGOV,0.34114,0.48762,..,..,3.72146,..,..,..,..,..,..,..,..,..,..
Eswatini,SWZ,"Government expenditure on primary education, US$ (millions)",UIS.X.US.1.FSGOV,103.32012,148.29058,..,..,165.09677,..,..,..,..,..,..,..,..,..,..
Eswatini,SWZ,"Government expenditure on secondary education, US$ (millions)",UIS.X.US.2T3.FSGOV,77.76747,111.84184,..,..,110.70003,..,..,..,..,..,..,..,..,..,..
Eswatini,SWZ,"Enrolment in pre-primary education, both sexes (number)",SE.PRE.ENRL,20755,24139,..,..,..,..,..,..,..,..,..,..,..,..,..
Eswatini,SWZ,"Enrolment in secondary education, both sexes (number)",SE.SEC.ENRL,88619,90605,91914,93461,97229,100494,108288,..,..,..,..,..,..,..,..
Eswatini,SWZ,"Enrolment in primary education, both sexes (number)",SE.PRM.ENRL,241237,239721,239422,239019,240437,241404,239028,237451,237074,..,..,..,..,..,..
Ethiopia,ETH,"Teachers in primary education, both sexes (number)",SE.PRM.TCHR,252232,259636,..,..,..,..,..,..,..,..,..,..,..,..,..
Ethiopia,ETH,"Teachers in secondary education, both sexes (number)",SE.SEC.TCHR,97660,112608,122147,..,..,..,..,..,..,..,..,..,..,..,..
Ethiopia,ETH,"Teachers in pre-primary education, both sexes (number)",SE.PRE.TCHR,9647,13963,..,..,..,..,..,23467,..,..,..,..,..,..,..
Ethiopia,ETH,"Adult literacy rate, population 15+ years, both sexes (%)",SE.ADT.LITR.ZS,..,..,..,..,..,..,..,51.77118,..,..,..,..,..,..,..
Ethiopia,ETH,"Government expenditure on pre-primary education, US$ (millions)",UIS.X.US.02.FSGOV,0.59443,0.46417,6.32224,8.47808,42.58343,50.80542,..,..,..,..,..,..,..,..,..
Ethiopia,ETH,"Government expenditure on primary education, US$ (millions)",UIS.X.US.1.FSGOV,414.1664,435.39337,435.06013,468.50102,668.24013,723.34028,..,..,..,..,..,..,..,..,..
Ethiopia,ETH,"Government expenditure on secondary education, US$ (millions)",UIS.X.US.2T3.FSGOV,364.87524,420.29455,450.07086,571.01394,363.3167,477.93453,..,..,..,..,..,..,..,..,..
Ethiopia,ETH,"Enrolment in pre-primary education, both sexes (number)",SE.PRE.ENRL,341315,382741,1429012,..,2077468,2513127,..,..,..,..,..,..,..,..,..
Ethiopia,ETH,"Enrolment in secondary education, both sexes (number)",SE.SEC.ENRL,4206700,4541623,4928710,..,..,5028678,..,..,..,..,..,..,..,..,..
Ethiopia,ETH,"Enrolment in primary education, both sexes (number)",SE.PRM.ENRL,13635289,14297969,14532477,..,15733276,16198047,..,..,..,..,..,..,..,..,..
Euro area,EMU,"Teachers in primary education, both sexes (number)",SE.PRM.TCHR,1398200.537,1414910.6,1395224.991,1379964.788,1361572.152,1374415.973,1399356.4,1410763.04,1430413.296,1428416.075,..,..,..,..,..
Euro area,EMU,"Teachers in secondary education, both sexes (number)",SE.SEC.TCHR,2484934.071,2466272.199,2432165.834,2400876.761,2390224.848,2391642.228,2451855.839,2460606.565,2477893.856,2481359.755,..,..,..,..,..
Euro area,EMU,"Teachers in pre-primary education, both sexes (number)",SE.PRE.TCHR,754860.4464,774710.0447,789807.8826,814280.9019,819546.9736,831971.6092,836384.351,842960.4191,854326.5131,851892.2555,..,..,..,..,..
Euro area,EMU,"Adult literacy rate, population 15+ years, both sexes (%)",SE.ADT.LITR.ZS,..,..,..,..,..,..,..,..,..,..,..,..,..,..,..
Euro area,EMU,"Government expenditure on pre-primary education, US$ (millions)",UIS.X.US.02.FSGOV,..,..,..,..,..,..,..,..,..,..,..,..,..,..,..
Euro area,EMU,"Government expenditure on primary education, US$ (millions)",UIS.X.US.1.FSGOV,..,..,..,..,..,..,..,..,..,..,..,..,..,..,..
Euro area,EMU,"Government expenditure on secondary education, US$ (millions)",UIS.X.US.2T3.FSGOV,..,..,..,..,..,..,..,..,..,..,..,..,..,..,..
Euro area,EMU,"Enrolment in pre-primary education, both sexes (number)",SE.PRE.ENRL,9901289.358,10134844.42,10237993.49,10329254.5,10333579,10284534,10258897.5,10178697.83,10109302.5,10014496.6,..,..,..,..,..
Euro area,EMU,"Enrolment in secondary education, both sexes (number)",SE.SEC.ENRL,28387308,28276112,28111538,28224598.98,28075573.44,28063322.55,28007210.8,28086032.33,28190565.78,28222914.36,..,..,..,..,..
Euro area,EMU,"Enrolment in primary education, both sexes (number)",SE.PRM.ENRL,18096533,18062903,18011430,18145458.26,18143001.24,18272147.83,18325406.5,18533022.17,18543731.83,18519905.05,..,..,..,..,..
Europe & Central Asia,ECS,"Teachers in primary education, both sexes (number)",SE.PRM.TCHR,3298950.925,3324383.496,3304482.531,3262276.8,3287414.706,3365403.745,3432948.949,3462989.899,3537580.72,3552375.569,..,..,..,..,..
Europe & Central Asia,ECS,"Teachers in secondary education, both sexes (number)",SE.SEC.TCHR,6844621.446,6758183.624,6688177.558,6832911.721,6854565.573,6897995.943,7021388.653,7108010.745,7143025.561,7162071.108,..,..,..,..,..
Europe & Central Asia,ECS,"Teachers in pre-primary education, both sexes (number)",SE.PRE.TCHR,2025938.19,2088106.553,2170716.847,2235827.012,2314524.754,2348426.801,2391237.803,2431118.088,2477020.44,2502642.226,..,..,..,..,..
Europe & Central Asia,ECS,"Adult literacy rate, population 15+ years, both sexes (%)",SE.ADT.LITR.ZS,97.58095,97.89368,97.99822,98.06864,98.11635,98.16487,98.25479,98.27192,98.33352,98.37897,..,..,..,..,..
Europe & Central Asia,ECS,"Government expenditure on pre-primary education, US$ (millions)",UIS.X.US.02.FSGOV,..,..,..,..,..,..,..,..,..,..,..,..,..,..,..
Europe & Central Asia,ECS,"Government expenditure on primary education, US$ (millions)",UIS.X.US.1.FSGOV,..,..,..,..,..,..,..,..,..,..,..,..,..,..,..
Europe & Central Asia,ECS,"Government expenditure on secondary education, US$ (millions)",UIS.X.US.2T3.FSGOV,..,..,..,..,..,..,..,..,..,..,..,..,..,..,..
Europe & Central Asia,ECS,"Enrolment in pre-primary education, both sexes (number)",SE.PRE.ENRL,23413210.75,24215546.43,25037135.98,25327640.64,26077114.32,26755695.53,27336091,27696453.86,28131171.17,28244300.26,..,..,..,..,..
Europe & Central Asia,ECS,"Enrolment in secondary education, both sexes (number)",SE.SEC.ENRL,76390753.44,75214967.79,74163090.96,78619008.79,78338267.16,77816195.71,77768208.79,78607838.17,78867215.13,79703509.74,..,..,..,..,..
Europe & Central Asia,ECS,"Enrolment in primary education, both sexes (number)",SE.PRM.ENRL,48624585.82,48770187.43,48927297.42,48909178.62,49200453.59,49759802.65,50548031.48,51365671.46,52255237.48,52821038.32,..,..,..,..,..
Europe & Central Asia (excluding high income),ECA,"Teachers in primary education, both sexes (number)",SE.PRM.TCHR,1093540.405,1118798.675,1127746.146,1092617.389,1112217.444,1143226.519,1151260.402,1159209.053,1195134.267,1205849.515,..,..,..,..,..
Europe & Central Asia (excluding high income),ECA,"Teachers in secondary education, both sexes (number)",SE.SEC.TCHR,3115805.258,3072429.771,3064556.285,3156309.878,3212458.868,3256989.214,3349876.236,3434361.321,3495239.155,3505804.677,..,..,..,..,..
Europe & Central Asia (excluding high income),ECA,"Teachers in pre-primary education, both sexes (number)",SE.PRE.TCHR,918580.6477,948345.5855,1001857.861,1033749.874,1087723.637,1131075.405,..,..,..,..,..,..,..,..,..
Europe & Central Asia (excluding high income),ECA,"Adult literacy rate, population 15+ years, both sexes (%)",SE.ADT.LITR.ZS,98.37868,98.63469,98.76822,98.81672,98.84981,98.87846,98.99888,98.97246,99.00774,99.04349,..,..,..,..,..
Europe & Central Asia (excluding high income),ECA,"Government expenditure on pre-primary education, US$ (millions)",UIS.X.US.02.FSGOV,..,..,..,..,..,..,..,..,..,..,..,..,..,..,..
Europe & Central Asia (excluding high income),ECA,"Government expenditure on primary education, US$ (millions)",UIS.X.US.1.FSGOV,..,..,..,..,..,..,..,..,..,..,..,..,..,..,..
Europe & Central Asia (excluding high income),ECA,"Government expenditure on secondary education, US$ (millions)",UIS.X.US.2T3.FSGOV,..,..,..,..,..,..,..,..,..,..,..,..,..,..,..
Europe & Central Asia (excluding high income),ECA,"Enrolment in pre-primary education, both sexes (number)",SE.PRE.ENRL,8942409.939,9390747.189,9936288.184,10165415.44,10646442.71,11143585.19,11596801.94,12137049.99,12578093.1,12906161.43,..,..,..,..,..
Europe & Central Asia (excluding high income),ECA,"Enrolment in secondary education, both sexes (number)",SE.SEC.ENRL,33383000.09,33084846.33,32593063.53,34903982.39,34986762.78,34831786.07,35051511.72,35779235.23,36181133.53,36894761.61,..,..,..,..,..
Europe & Central Asia (excluding high income),ECA,"Enrolment in primary education, both sexes (number)",SE.PRM.ENRL,20096580.36,20273964.16,20377728.57,19832121.7,20216752.47,20448449.69,20961781.08,21352768.72,22131860.55,22652305.39,..,..,..,..,..
Europe & Central Asia (IDA & IBRD countries),TEC,"Teachers in primary education, both sexes (number)",SE.PRM.TCHR,1397446.405,1393897.675,1400131.146,1366169.389,1386016.444,1424999.519,1441374.402,1445095.901,1539982.267,1553251.682,..,..,..,..,..
Europe & Central Asia (IDA & IBRD countries),TEC,"Teachers in secondary education, both sexes (number)",SE.SEC.TCHR,3582863.258,3563587.771,3549225.285,3627155.878,3669036.868,3710894.214,3794519.236,3875291.222,3899633.155,3906723.903,..,..,..,..,..
Europe & Central Asia (IDA & IBRD countries),TEC,"Teachers in pre-primary education, both sexes (number)",SE.PRE.TCHR,1023143.648,1065627.586,1124377.861,1157878.874,1218383.637,1265551.405,1313267.621,1359968.831,1395527.569,1427273.36,..,..,..,..,..
Europe & Central Asia (IDA & IBRD countries),TEC,"Adult literacy rate, population 15+ years, both sexes (%)",SE.ADT.LITR.ZS,98.42805,98.64799,98.76374,98.80722,98.8376,98.86424,98.96905,98.94835,98.98051,99.01315,..,..,..,..,..
Europe & Central Asia (IDA & IBRD countries),TEC,"Government expenditure on pre-primary education, US$ (millions)",UIS.X.US.02.FSGOV,..,..,..,..,..,..,..,..,..,..,..,..,..,..,..
Europe & Central Asia (IDA & IBRD countries),TEC,"Government expenditure on primary education, US$ (millions)",UIS.X.US.1.FSGOV,..,..,..,..,..,..,..,..,..,..,..,..,..,..,..
Europe & Central Asia (IDA & IBRD countries),TEC,"Government expenditure on secondary education, US$ (millions)",UIS.X.US.2T3.FSGOV,..,..,..,..,..,..,..,..,..,..,..,..,..,..,..
Europe & Central Asia (IDA & IBRD countries),TEC,"Enrolment in pre-primary education, both sexes (number)",SE.PRE.ENRL,10701987.94,11225402.19,11873295.18,12068030.44,12620572.71,13124402.71,13561632.61,14076581.99,14574963.1,14828206.77,..,..,..,..,..
Europe & Central Asia (IDA & IBRD countries),TEC,"Enrolment in secondary education, both sexes (number)",SE.SEC.ENRL,38434926.09,37972904.33,37299204.53,39729816.39,39607664.78,39303356.07,39378695.72,40029129.23,40363894.53,41045437.17,..,..,..,..,..
Europe & Central Asia (IDA & IBRD countries),TEC,"Enrolment in primary education, both sexes (number)",SE.PRM.ENRL,23341207.36,23453771.16,23531892.57,23134291.45,23491754.38,23735815.14,24295170.86,24740497.72,25519014.55,26049193.91,..,..,..,..,..
European Union,EUU,"Teachers in primary education, both sexes (number)",SE.PRM.TCHR,2129572.305,2129255.428,2097849.659,2087721.332,2091328.404,2137489.991,2196339.061,2215858.784,2254885.014,2258291.309,..,..,..,..,..
European Union,EUU,"Teachers in secondary education, both sexes (number)",SE.SEC.TCHR,3654028.803,3608119.696,3543687.384,3593212.691,3561151.798,3559896.956,3592532.462,3593961.664,3567462.718,3577089.848,..,..,..,..,..
European Union,EUU,"Teachers in pre-primary education, both sexes (number)",SE.PRE.TCHR,1092032.983,1124318.288,1153043.704,1185656.283,1209728.488,1200920.228,1197195.634,1202378.62,1214699.159,1202335.691,..,..,..,..,..
European Union,EUU,"Adult literacy rate, population 15+ years, both sexes (%)",SE.ADT.LITR.ZS,..,..,..,..,..,..,..,..,..,..,..,..,..,..,..
European Union,EUU,"Government expenditure on pre-primary education, US$ (millions)",UIS.X.US.02.FSGOV,..,..,..,..,..,..,..,..,..,..,..,..,..,..,..
European Union,EUU,"Government expenditure on primary education, US$ (millions)",UIS.X.US.1.FSGOV,..,..,..,..,..,..,..,..,..,..,..,..,..,..,..
European Union,EUU,"Government expenditure on secondary education, US$ (millions)",UIS.X.US.2T3.FSGOV,..,..,..,..,..,..,..,..,..,..,..,..,..,..,..
European Union,EUU,"Enrolment in pre-primary education, both sexes (number)",SE.PRE.ENRL,14357930.36,14713782.42,14989414.49,15045226.75,15308017,15487241.52,15604752.17,15419959.83,15410264.5,15185357,..,..,..,..,..
European Union,EUU,"Enrolment in secondary education, both sexes (number)",SE.SEC.ENRL,42486617,41593802,41015980,43152996.98,42792065.1,42405403.35,42127305.09,42238294.96,42098153.36,42235841.84,..,..,..,..,..
European Union,EUU,"Enrolment in primary education, both sexes (number)",SE.PRM.ENRL,27854183,27822464,27876802,28403735.01,28314603.15,28633408.28,28892772.27,29306096.17,29405338.83,29443759.04,..,..,..,..,..
Faroe Islands,FRO,"Teachers in primary education, both sexes (number)",SE.PRM.TCHR,..,..,..,..,..,..,..,..,..,..,..,..,..,..,..
Faroe Islands,FRO,"Teachers in secondary education, both sexes (number)",SE.SEC.TCHR,..,..,..,..,..,..,..,..,..,..,..,..,..,..,..
Faroe Islands,FRO,"Teachers in pre-primary education, both sexes (number)",SE.PRE.TCHR,..,..,..,..,..,..,..,..,..,..,..,..,..,..,..
Faroe Islands,FRO,"Adult literacy rate, population 15+ years, both sexes (%)",SE.ADT.LITR.ZS,..,..,..,..,..,..,..,..,..,..,..,..,..,..,..
Faroe Islands,FRO,"Government expenditure on pre-primary education, US$ (millions)",UIS.X.US.02.FSGOV,..,..,..,..,..,..,..,..,..,..,..,..,..,..,..
Faroe Islands,FRO,"Government expenditure on primary education, US$ (millions)",UIS.X.US.1.FSGOV,..,..,..,..,..,..,..,..,..,..,..,..,..,..,..
Faroe Islands,FRO,"Government expenditure on secondary education, US$ (millions)",UIS.X.US.2T3.FSGOV,..,..,..,..,..,..,..,..,..,..,..,..,..,..,..
Faroe Islands,FRO,"Enrolment in pre-primary education, both sexes (number)",SE.PRE.ENRL,..,..,..,..,..,..,..,..,..,..,..,..,..,..,..
Faroe Islands,FRO,"Enrolment in secondary education, both sexes (number)",SE.SEC.ENRL,..,..,..,..,..,..,..,..,..,..,..,..,..,..,..
Faroe Islands,FRO,"Enrolment in primary education, both sexes (number)",SE.PRM.ENRL,..,..,..,..,..,..,..,..,..,..,..,..,..,..,..
Fiji,FJI,"Teachers in primary education, both sexes (number)",SE.PRM.TCHR,..,3296,3671,..,..,..,..,..,..,..,..,..,..,..,..
Fiji,FJI,"Teachers in secondary education, both sexes (number)",SE.SEC.TCHR,..,3813,5041,..,..,..,..,..,..,..,..,..,..,..,..
Fiji,FJI,"Teachers in pre-primary education, both sexes (number)",SE.PRE.TCHR,..,..,..,..,..,..,..,..,..,..,..,..,..,..,..
Fiji,FJI,"Adult literacy rate, population 15+ years, both sexes (%)",SE.ADT.LITR.ZS,..,..,..,..,..,..,..,99.08211,..,..,..,..,..,..,..
Fiji,FJI,"Government expenditure on pre-primary education, US$ (millions)",UIS.X.US.02.FSGOV,..,0.68031,..,..,..,..,..,..,..,..,..,..,..,..,..
Fiji,FJI,"Government expenditure on primary education, US$ (millions)",UIS.X.US.1.FSGOV,..,69.95598,..,62.80792,..,..,..,..,..,..,..,..,..,..,..
Fiji,FJI,"Government expenditure on secondary education, US$ (millions)",UIS.X.US.2T3.FSGOV,..,25.11518,..,..,..,..,..,..,..,..,..,..,..,..,..
Fiji,FJI,"Enrolment in pre-primary education, both sexes (number)",SE.PRE.ENRL,..,..,..,..,..,..,..,..,..,..,..,..,..,..,..
Fiji,FJI,"Enrolment in secondary education, both sexes (number)",SE.SEC.ENRL,..,100913,97254,..,..,..,..,..,..,..,..,..,..,..,..
Fiji,FJI,"Enrolment in primary education, both sexes (number)",SE.PRM.ENRL,..,101384,102778,105037,..,108727,110127,..,..,121666,..,..,..,..,..
Finland,FIN,"Teachers in primary education, both sexes (number)",SE.PRM.TCHR,24736,25281,25609,26402,26385,..,26996,26633,27152,..,..,..,..,..,..
Finland,FIN,"Teachers in secondary education, both sexes (number)",SE.SEC.TCHR,43076,44493,44843,42578,42085,..,40768,40018,39691,..,..,..,..,..,..
Finland,FIN,"Teachers in pre-primary education, both sexes (number)",SE.PRE.TCHR,14198,14961,15611,16409,16985,..,17923,18522,19212,..,..,..,..,..,..
Finland,FIN,"Adult literacy rate, population 15+ years, both sexes (%)",SE.ADT.LITR.ZS,..,..,..,..,..,..,..,..,..,..,..,..,..,..,..
Finland,FIN,"Government expenditure on pre-primary education, US$ (millions)",UIS.X.US.02.FSGOV,939.77414,1055.55955,1919.07013,2078.44509,2090.93238,1781.66861,1814.59431,1819.28036,..,..,..,..,..,..,..
Finland,FIN,"Government expenditure on primary education, US$ (millions)",UIS.X.US.1.FSGOV,3226.4707,3549.89645,3396.91859,3597.77862,3726.52973,3337.44153,3381.33321,3422.28779,..,..,..,..,..,..,..
Finland,FIN,"Government expenditure on secondary education, US$ (millions)",UIS.X.US.2T3.FSGOV,6879.85676,7453.33591,7007.25278,7301.51093,7302.8732,6177.0165,6090.93809,5983.50321,..,..,..,..,..,..,..
Finland,FIN,"Enrolment in pre-primary education, both sexes (number)",SE.PRE.ENRL,156618,161057,165779,194452,195769,196887,206818,206370,208380,..,..,..,..,..,..
Finland,FIN,"Enrolment in secondary education, both sexes (number)",SE.SEC.ENRL,426710,422872,415505,541021,536925,540067,539816,543436,546469,..,..,..,..,..,..
Finland,FIN,"Enrolment in primary education, both sexes (number)",SE.PRM.ENRL,347060,345615,347245,348432,351766,355231,359635,363990,368852,..,..,..,..,..,..
Fragile and conflict affected situations,FCS,"Teachers in primary education, both sexes (number)",SE.PRM.TCHR,2636431.65,2860336.203,2855373.809,3159931.014,3267911.347,3337830.149,3458813.013,3531515.913,3614223.572,3687589.774,..,..,..,..,..
Fragile and conflict affected situations,FCS,"Teachers in secondary education, both sexes (number)",SE.SEC.TCHR,1816390.179,2112694.83,2033613.908,2274680.452,2199168.531,2315835.254,2353212.823,2423226.085,..,..,..,..,..,..,..
Fragile and conflict affected situations,FCS,"Teachers in pre-primary education, both sexes (number)",SE.PRE.TCHR,290162.3298,335847.481,381698.486,431576.7719,294106.4518,324201.701,463211.6025,468362.4598,..,..,..,..,..,..,..
Fragile and conflict affected situations,FCS,"Adult literacy rate, population 15+ years, both sexes (%)",SE.ADT.LITR.ZS,60.28729,60.10028,62.01157,62.43823,63.40736,62.14889,64.272,65.00602,63.49599,63.74937,..,..,..,..,..
Fragile and conflict affected situations,FCS,"Government expenditure on pre-primary education, US$ (millions)",UIS.X.US.02.FSGOV,..,..,..,..,..,..,..,..,..,..,..,..,..,..,..
Fragile and conflict affected situations,FCS,"Government expenditure on primary education, US$ (millions)",UIS.X.US.1.FSGOV,..,..,..,..,..,..,..,..,..,..,..,..,..,..,..
Fragile and conflict affected situations,FCS,"Government expenditure on secondary education, US$ (millions)",UIS.X.US.2T3.FSGOV,..,..,..,..,..,..,..,..,..,..,..,..,..,..,..
Fragile and conflict affected situations,FCS,"Enrolment in pre-primary education, both sexes (number)",SE.PRE.ENRL,7290467.17,8584515.963,10312788.03,11672480.6,7487930.523,8172270.002,11958912.01,12184003.42,12404742.29,12613283.17,..,..,..,..,..
Fragile and conflict affected situations,FCS,"Enrolment in secondary education, both sexes (number)",SE.SEC.ENRL,36724423.53,38498622.45,40383686.41,43026658.21,41754385.61,43472180.5,43659264.11,44982218.62,46318577.17,..,..,..,..,..,..
Fragile and conflict affected situations,FCS,"Enrolment in primary education, both sexes (number)",SE.PRM.ENRL,85899949.61,90427266.82,94639230.62,97125798.67,99569283.05,99824357.45,102389695.5,104902525,107511615.4,109820732.9,..,..,..,..,..
France,FRA,"Teachers in primary education, both sexes (number)",SE.PRM.TCHR,234098,238141,233262,229471,..,..,..,..,243870,..,..,..,..,..,..
France,FRA,"Teachers in secondary education, both sexes (number)",SE.SEC.TCHR,463172,463976,461328,457049,..,..,..,..,457912,..,..,..,..,..,..
France,FRA,"Teachers in pre-primary education, both sexes (number)",SE.PRE.TCHR,125396,127613,124626,125949.2595,..,..,..,..,118884,..,..,..,..,..,..
France,FRA,"Adult literacy rate, population 15+ years, both sexes (%)",SE.ADT.LITR.ZS,..,..,..,..,..,..,..,..,..,..,..,..,..,..,..
France,FRA,"Government expenditure on pre-primary education, US$ (millions)",UIS.X.US.02.FSGOV,..,..,..,..,..,..,..,18240.05821,..,..,..,..,..,..,..
France,FRA,"Government expenditure on primary education, US$ (millions)",UIS.X.US.1.FSGOV,..,..,..,..,..,..,..,30026.02193,..,..,..,..,..,..,..
France,FRA,"Government expenditure on secondary education, US$ (millions)",UIS.X.US.2T3.FSGOV,..,..,..,..,..,..,..,60875.01659,..,..,..,..,..,..,..
France,FRA,"Enrolment in pre-primary education, both sexes (number)",SE.PRE.ENRL,2551312,2559485,2564469,2560774,2583890,2595862,2585296,2561237,2543279,..,..,..,..,..,..
France,FRA,"Enrolment in secondary education, both sexes (number)",SE.SEC.ENRL,5873103,5888388,5920216,5913849,5947212,5982868,6016608,6058330,6109604,..,..,..,..,..,..
France,FRA,"Enrolment in primary education, both sexes (number)",SE.PRM.ENRL,4159086,4171826,4155596,4171003,4188552,4255988,4284172,4309942,4302412,..,..,..,..,..,..
French Polynesia,PYF,"Teachers in primary education, both sexes (number)",SE.PRM.TCHR,..,..,..,..,..,..,..,..,..,..,..,..,..,..,..
French Polynesia,PYF,"Teachers in secondary education, both sexes (number)",SE.SEC.TCHR,..,..,..,..,..,..,..,..,..,..,..,..,..,..,..
French Polynesia,PYF,"Teachers in pre-primary education, both sexes (number)",SE.PRE.TCHR,..,..,..,..,..,..,..,..,..,..,..,..,..,..,..
French Polynesia,PYF,"Adult literacy rate, population 15+ years, both sexes (%)",SE.ADT.LITR.ZS,..,..,..,..,..,..,..,..,..,..,..,..,..,..,..
French Polynesia,PYF,"Government expenditure on pre-primary education, US$ (millions)",UIS.X.US.02.FSGOV,..,..,..,..,..,..,..,..,..,..,..,..,..,..,..
French Polynesia,PYF,"Government expenditure on primary education, US$ (millions)",UIS.X.US.1.FSGOV,..,..,..,..,..,..,..,..,..,..,..,..,..,..,..
French Polynesia,PYF,"Government expenditure on secondary education, US$ (millions)",UIS.X.US.2T3.FSGOV,..,..,..,..,..,..,..,..,..,..,..,..,..,..,..
French Polynesia,PYF,"Enrolment in pre-primary education, both sexes (number)",SE.PRE.ENRL,..,..,..,..,..,..,..,..,..,..,..,..,..,..,..
French Polynesia,PYF,"Enrolment in secondary education, both sexes (number)",SE.SEC.ENRL,..,..,..,..,..,..,..,..,..,..,..,..,..,..,..
French Polynesia,PYF,"Enrolment in primary education, both sexes (number)",SE.PRM.ENRL,..,..,..,..,..,..,..,..,..,..,..,..,..,..,..
Gabon,GAB,"Teachers in primary education, both sexes (number)",SE.PRM.TCHR,..,12961,..,..,..,..,..,..,..,..,..,..,..,..,..
Gabon,GAB,"Teachers in secondary education, both sexes (number)",SE.SEC.TCHR,..,..,..,..,..,..,..,..,..,..,..,..,..,..,..
Gabon,GAB,"Teachers in pre-primary education, both sexes (number)",SE.PRE.TCHR,..,..,..,..,..,..,..,..,..,..,..,..,..,..,..
Gabon,GAB,"Adult literacy rate, population 15+ years, both sexes (%)",SE.ADT.LITR.ZS,..,..,82.2838,..,..,..,..,..,84.66716,..,..,..,..,..,..
Gabon,GAB,"Government expenditure on pre-primary education, US$ (millions)",UIS.X.US.02.FSGOV,16.13443,22.61766,19.70114,16.92764,18.68083,..,..,..,..,..,..,..,..,..,..
Gabon,GAB,"Government expenditure on primary education, US$ (millions)",UIS.X.US.1.FSGOV,131.03302,162.05816,140.61174,134.56692,141.92044,..,..,..,..,..,..,..,..,..,..
Gabon,GAB,"Government expenditure on secondary education, US$ (millions)",UIS.X.US.2T3.FSGOV,125.00554,170.95062,179.01321,139.20725,140.47995,..,..,..,..,..,..,..,..,..,..
Gabon,GAB,"Enrolment in pre-primary education, both sexes (number)",SE.PRE.ENRL,..,45225,..,..,..,..,..,..,..,..,..,..,..,..,..
Gabon,GAB,"Enrolment in secondary education, both sexes (number)",SE.SEC.ENRL,..,..,..,..,..,..,..,..,..,..,..,..,..,..,..
Gabon,GAB,"Enrolment in primary education, both sexes (number)",SE.PRM.ENRL,..,317946,..,..,..,..,..,..,..,..,..,..,..,..,..
"Gambia, The",GMB,"Teachers in primary education, both sexes (number)",SE.PRM.TCHR,6110,6074,7206,7084,6152,7902,..,8528,9694,10101,..,..,..,..,..
"Gambia, The",GMB,"Teachers in secondary education, both sexes (number)",SE.SEC.TCHR,..,..,..,4213,4525,5936,..,6545,7841,8109,..,..,..,..,..
"Gambia, The",GMB,"Teachers in pre-primary education, both sexes (number)",SE.PRE.TCHR,..,..,1953,2254,2370,2946,..,2984,2456,3459,..,..,..,..,..
"Gambia, The",GMB,"Adult literacy rate, population 15+ years, both sexes (%)",SE.ADT.LITR.ZS,..,..,..,41.95005,..,50.77797,..,..,..,..,..,..,..,..,..
"Gambia, The",GMB,"Government expenditure on pre-primary education, US$ (millions)",UIS.X.US.02.FSGOV,0,0,0,0,0,0,..,..,..,..,..,..,..,..,..
"Gambia, The",GMB,"Government expenditure on primary education, US$ (millions)",UIS.X.US.1.FSGOV,25.84262,22.49991,22.37526,12.95955,15.1362,16.34002,..,..,..,..,..,..,..,..,..
"Gambia, The",GMB,"Government expenditure on secondary education, US$ (millions)",UIS.X.US.2T3.FSGOV,9.25699,9.57507,11.70365,8.87907,8.29201,9.60867,..,..,..,..,..,..,..,..,..
"Gambia, The",GMB,"Enrolment in pre-primary education, both sexes (number)",SE.PRE.ENRL,64677,..,..,75872,95755,97652,100349,103689,117987,125781,..,..,..,..,..
"Gambia, The",GMB,"Enrolment in secondary education, both sexes (number)",SE.SEC.ENRL,124397,..,..,..,..,..,..,..,..,..,..,..,..,..,..
"Gambia, The",GMB,"Enrolment in primary education, both sexes (number)",SE.PRM.ENRL,229013,228495,244033,255957,274903,293503,308729,329828,350323,374678,..,..,..,..,..
Georgia,GEO,"Teachers in primary education, both sexes (number)",SE.PRM.TCHR,..,..,..,31595,31428,32001,33020,33398,33998,34555,..,..,..,..,..
Georgia,GEO,"Teachers in secondary education, both sexes (number)",SE.SEC.TCHR,..,..,..,39082,38865,38343,36886,37258,37018,39273,..,..,..,..,..
Georgia,GEO,"Teachers in pre-primary education, both sexes (number)",SE.PRE.TCHR,..,..,..,..,..,..,..,..,..,..,..,..,..,..,..
Georgia,GEO,"Adult literacy rate, population 15+ years, both sexes (%)",SE.ADT.LITR.ZS,..,..,..,..,99.58619,..,..,99.36426,..,..,..,..,..,..,..
Georgia,GEO,"Government expenditure on pre-primary education, US$ (millions)",UIS.X.US.02.FSGOV,..,38.23273,45.13486,..,..,..,..,..,..,..,..,..,..,..,..
Georgia,GEO,"Government expenditure on primary education, US$ (millions)",UIS.X.US.1.FSGOV,..,121.60136,107.92321,..,..,..,..,..,..,..,..,..,..,..,..
Georgia,GEO,"Government expenditure on secondary education, US$ (millions)",UIS.X.US.2T3.FSGOV,..,113.03694,100.9762,..,..,..,..,..,..,..,..,..,..,..,..
Georgia,GEO,"Enrolment in pre-primary education, both sexes (number)",SE.PRE.ENRL,..,..,..,..,..,..,..,..,..,..,..,..,..,..,..
Georgia,GEO,"Enrolment in secondary education, both sexes (number)",SE.SEC.ENRL,..,..,..,292596,281739,277874,274579,275464,280425,282929,..,..,..,..,..
Georgia,GEO,"Enrolment in primary education, both sexes (number)",SE.PRM.ENRL,289137,285539,287245,287343,285329,288541,291447,301094,305368,316542,..,..,..,..,..
Germany,DEU,"Teachers in primary education, both sexes (number)",SE.PRM.TCHR,241845,252845,250704,249602.8451,232750.0229,235570.8008,238361.1059,240170.0031,244873.9993,..,..,..,..,..,..
Germany,DEU,"Teachers in secondary education, both sexes (number)",SE.SEC.TCHR,593815,584535,580082,580537.159,590030,586213.95,588926.498,586985.94,586911.82,..,..,..,..,..,..
Germany,DEU,"Teachers in pre-primary education, both sexes (number)",SE.PRE.TCHR,229791,231698,239958,265192.2768,272449.9523,282379.3119,290398.1105,299724.7948,311040.39,..,..,..,..,..,..
Germany,DEU,"Adult literacy rate, population 15+ years, both sexes (%)",SE.ADT.LITR.ZS,..,..,..,..,..,..,..,..,..,..,..,..,..,..,..
Germany,DEU,"Government expenditure on pre-primary education, US$ (millions)",UIS.X.US.02.FSGOV,15317.1825,17159.70658,15072.92232,16566.90153,17113.22276,15418.24265,15922.29168,18087.77719,..,..,..,..,..,..,..
Germany,DEU,"Government expenditure on primary education, US$ (millions)",UIS.X.US.1.FSGOV,22638.5851,23867.42976,22397.33305,23674.72565,24544.25446,21013.86938,21681.36546,23252.7925,..,..,..,..,..,..,..
Germany,DEU,"Government expenditure on secondary education, US$ (millions)",UIS.X.US.2T3.FSGOV,76476.6094,80492.49941,75456.94824,78756.63131,80510.72491,68006.34459,69228.58865,73203.1143,..,..,..,..,..,..,..
Germany,DEU,"Enrolment in pre-primary education, both sexes (number)",SE.PRE.ENRL,..,..,..,2207123,2224600,2230504,2269368,2307513,2358517,..,..,..,..,..,..
Germany,DEU,"Enrolment in secondary education, both sexes (number)",SE.SEC.ENRL,7663755,7528270,7392963,7289386.581,7201072.059,7112949.296,7073163.777,7028712.573,6948797.42,..,..,..,..,..,..
Germany,DEU,"Enrolment in primary education, both sexes (number)",SE.PRM.ENRL,3067521,2989678,2936751,2890468,2862690,2879394,2895195,2954775,2987112,..,..,..,..,..,..
Ghana,GHA,"Teachers in primary education, both sexes (number)",SE.PRM.TCHR,121304,124359,123153,129599,136878,138928,142520,160939,161538,168546,..,..,..,..,..
Ghana,GHA,"Teachers in secondary education, both sexes (number)",SE.SEC.TCHR,112252,115086,124436,134438,143254,146847,147969,163123,167150,187914,..,..,..,..,..
Ghana,GHA,"Teachers in pre-primary education, both sexes (number)",SE.PRE.TCHR,48540,49752,42417,45223,50575,52007,53936,61096,61739,61841,..,..,..,..,..
Ghana,GHA,"Adult literacy rate, population 15+ years, both sexes (%)",SE.ADT.LITR.ZS,71.49707,..,..,..,..,..,..,..,79.03964,..,..,..,..,..,..
Ghana,GHA,"Government expenditure on pre-primary education, US$ (millions)",UIS.X.US.02.FSGOV,107.99065,117.60489,274.26832,183.45586,175.98389,..,..,..,..,..,..,..,..,..,..
Ghana,GHA,"Government expenditure on primary education, US$ (millions)",UIS.X.US.1.FSGOV,550.63578,1456.72761,1055.8298,700.9148,522.97566,..,..,..,..,..,..,..,..,..,..
Ghana,GHA,"Government expenditure on secondary education, US$ (millions)",UIS.X.US.2T3.FSGOV,662.14252,876.03578,1332.9014,1068.52839,891.38471,..,..,..,..,..,..,..,..,..,..
Ghana,GHA,"Enrolment in pre-primary education, both sexes (number)",SE.PRE.ENRL,..,1491450,1543314,1604505,1645550,1766715,1770587,1774947,1778021,1852028,..,..,..,..,..
Ghana,GHA,"Enrolment in secondary education, both sexes (number)",SE.SEC.ENRL,..,2148266,2223821,2356686,2265692,2439501,2511865,2550714,2677145,2851160,..,..,..,..,..
Ghana,GHA,"Enrolment in primary education, both sexes (number)",SE.PRM.ENRL,..,3860381,4062026,4105913,4117152,4342315,4358176,4393061,4401194,4549875,..,..,..,..,..
Gibraltar,GIB,"Teachers in primary education, both sexes (number)",SE.PRM.TCHR,..,..,..,..,..,..,204,200,..,205,..,..,..,..,..
Gibraltar,GIB,"Teachers in secondary education, both sexes (number)",SE.SEC.TCHR,..,..,..,..,..,..,125,147,..,211,..,..,..,..,..
Gibraltar,GIB,"Teachers in pre-primary education, both sexes (number)",SE.PRE.TCHR,..,..,..,..,..,..,38,83,..,11,..,..,..,..,..
Gibraltar,GIB,"Adult literacy rate, population 15+ years, both sexes (%)",SE.ADT.LITR.ZS,..,..,..,..,..,..,..,..,..,..,..,..,..,..,..
Gibraltar,GIB,"Government expenditure on pre-primary education, US$ (millions)",UIS.X.US.02.FSGOV,..,..,..,..,..,..,..,..,..,..,..,..,..,..,..
Gibraltar,GIB,"Government expenditure on primary education, US$ (millions)",UIS.X.US.1.FSGOV,..,..,..,..,..,..,..,..,..,..,..,..,..,..,..
Gibraltar,GIB,"Government expenditure on secondary education, US$ (millions)",UIS.X.US.2T3.FSGOV,..,..,..,..,..,..,..,..,..,..,..,..,..,..,..
Gibraltar,GIB,"Enrolment in pre-primary education, both sexes (number)",SE.PRE.ENRL,..,..,..,..,..,..,843,908,..,993,..,..,..,..,..
Gibraltar,GIB,"Enrolment in secondary education, both sexes (number)",SE.SEC.ENRL,..,..,..,..,..,..,2100,2212,..,2157,..,..,..,..,..
Gibraltar,GIB,"Enrolment in primary education, both sexes (number)",SE.PRM.ENRL,..,..,..,..,..,..,2796,2834,..,2889,..,..,..,..,..
Global Partnership for Education,FTI,"Teachers in primary education, both sexes (number)",SE.PRM.TCHR,5218904.942,5546077.741,5602322.892,6068282.416,6271772.134,6420911.045,6656466.985,6849064.905,7021425.486,7115448.309,..,..,..,..,..
Global Partnership for Education,FTI,"Teachers in secondary education, both sexes (number)",SE.SEC.TCHR,3727413.384,4075617.455,4101125.569,4525382.155,4655865.272,4886912.132,4951136.372,5125287.738,5213675.943,5288543.849,..,..,..,..,..
Global Partnership for Education,FTI,"Teachers in pre-primary education, both sexes (number)",SE.PRE.TCHR,1191139.896,1286246.398,1384186.445,1521144.569,1426465.952,1497136.916,1715936.175,1779853.109,1939525.787,..,..,..,..,..,..
Global Partnership for Education,FTI,"Adult literacy rate, population 15+ years, both sexes (%)",SE.ADT.LITR.ZS,62.47073,62.56715,63.38773,64.10307,64.81015,65.62063,66.96464,67.65809,67.95024,68.39692,..,..,..,..,..
Global Partnership for Education,FTI,"Government expenditure on pre-primary education, US$ (millions)",UIS.X.US.02.FSGOV,..,..,..,..,..,..,..,..,..,..,..,..,..,..,..
Global Partnership for Education,FTI,"Government expenditure on primary education, US$ (millions)",UIS.X.US.1.FSGOV,..,..,..,..,..,..,..,..,..,..,..,..,..,..,..
Global Partnership for Education,FTI,"Government expenditure on secondary education, US$ (millions)",UIS.X.US.2T3.FSGOV,..,..,..,..,..,..,..,..,..,..,..,..,..,..,..
Global Partnership for Education,FTI,"Enrolment in pre-primary education, both sexes (number)",SE.PRE.ENRL,27389861.17,30512117.51,33748550.3,36872366.21,33173735.19,35280211.92,40797989.28,43441150.73,44795405.03,45217782.78,..,..,..,..,..
Global Partnership for Education,FTI,"Enrolment in secondary education, both sexes (number)",SE.SEC.ENRL,88239629.07,91512718.29,95303272.23,101034581.2,101633742.7,105187339.7,107950767.7,109586885.5,113587979.6,116020391.7,..,..,..,..,..
Global Partnership for Education,FTI,"Enrolment in primary education, both sexes (number)",SE.PRM.ENRL,201119916.3,207721874.9,213539361.6,218232042.9,222906565.6,224858674.2,230909812.3,235371250.5,241631530.7,247093922.7,..,..,..,..,..
Greece,GRC,"Teachers in primary education, both sexes (number)",SE.PRM.TCHR,..,..,69227,66735,66551,66755,69716,69214,70598,..,..,..,..,..,..
Greece,GRC,"Teachers in secondary education, both sexes (number)",SE.SEC.TCHR,..,..,..,90072,80388,76473,78827,78015,78505,..,..,..,..,..,..
Greece,GRC,"Teachers in pre-primary education, both sexes (number)",SE.PRE.TCHR,..,..,..,14026,13708,14998,14532,14608,14951,..,..,..,..,..,..
Greece,GRC,"Adult literacy rate, population 15+ years, both sexes (%)",SE.ADT.LITR.ZS,..,97.36874,..,..,..,..,..,..,97.93595,..,..,..,..,..,..
Greece,GRC,"Government expenditure on pre-primary education, US$ (millions)",UIS.X.US.02.FSGOV,..,..,..,..,..,512.83833,524.60057,511.89373,..,..,..,..,..,..,..
Greece,GRC,"Government expenditure on primary education, US$ (millions)",UIS.X.US.1.FSGOV,..,..,..,..,..,2369.57399,2371.007,2400.50054,..,..,..,..,..,..,..
Greece,GRC,"Government expenditure on secondary education, US$ (millions)",UIS.X.US.2T3.FSGOV,..,..,..,..,..,2811.55108,2732.78447,2746.70264,..,..,..,..,..,..,..
Greece,GRC,"Enrolment in pre-primary education, both sexes (number)",SE.PRE.ENRL,159986,166657,166423,167073,161461,163414,155837,152462,151876,..,..,..,..,..,..
Greece,GRC,"Enrolment in secondary education, both sexes (number)",SE.SEC.ENRL,716601,692302,692957,694933,667718,662741,662446,667797,668196,..,..,..,..,..,..
Greece,GRC,"Enrolment in primary education, both sexes (number)",SE.PRM.ENRL,642639,637020,636713,633534,628753,643762,646577,649246,643187,..,..,..,..,..,..
Greenland,GRL,"Teachers in primary education, both sexes (number)",SE.PRM.TCHR,..,..,..,..,..,..,..,..,..,..,..,..,..,..,..
Greenland,GRL,"Teachers in secondary education, both sexes (number)",SE.SEC.TCHR,..,..,..,..,..,..,..,..,..,..,..,..,..,..,..
Greenland,GRL,"Teachers in pre-primary education, both sexes (number)",SE.PRE.TCHR,..,..,..,..,..,..,..,..,..,..,..,..,..,..,..
Greenland,GRL,"Adult literacy rate, population 15+ years, both sexes (%)",SE.ADT.LITR.ZS,..,..,..,..,..,..,..,..,..,..,..,..,..,..,..
Greenland,GRL,"Government expenditure on pre-primary education, US$ (millions)",UIS.X.US.02.FSGOV,..,..,..,..,..,..,..,..,..,..,..,..,..,..,..
Greenland,GRL,"Government expenditure on primary education, US$ (millions)",UIS.X.US.1.FSGOV,..,..,..,..,..,..,..,..,..,..,..,..,..,..,..
Greenland,GRL,"Government expenditure on secondary education, US$ (millions)",UIS.X.US.2T3.FSGOV,..,..,..,..,..,..,..,..,..,..,..,..,..,..,..
Greenland,GRL,"Enrolment in pre-primary education, both sexes (number)",SE.PRE.ENRL,..,..,..,..,..,..,..,..,..,..,..,..,..,..,..
Greenland,GRL,"Enrolment in secondary education, both sexes (number)",SE.SEC.ENRL,..,..,..,..,..,..,..,..,..,..,..,..,..,..,..
Greenland,GRL,"Enrolment in primary education, both sexes (number)",SE.PRM.ENRL,..,..,..,..,..,..,..,..,..,..,..,..,..,..,..
Grenada,GRD,"Teachers in primary education, both sexes (number)",SE.PRM.TCHR,851,..,..,875,902,791,854,832,807,..,..,..,..,..,..
Grenada,GRD,"Teachers in secondary education, both sexes (number)",SE.SEC.TCHR,744,..,..,719,776,784,773,749,713,..,..,..,..,..,..
Grenada,GRD,"Teachers in pre-primary education, both sexes (number)",SE.PRE.TCHR,246,..,..,270,299,289,302,299,299,..,..,..,..,..,..
Grenada,GRD,"Adult literacy rate, population 15+ years, both sexes (%)",SE.ADT.LITR.ZS,..,..,..,..,98.6,..,..,..,..,..,..,..,..,..,..
Grenada,GRD,"Government expenditure on pre-primary education, US$ (millions)",UIS.X.US.02.FSGOV,..,..,..,..,..,..,..,2.18519,..,..,..,..,..,..,..
Grenada,GRD,"Government expenditure on primary education, US$ (millions)",UIS.X.US.1.FSGOV,..,..,..,..,..,..,..,11.18963,..,..,..,..,..,..,..
Grenada,GRD,"Government expenditure on secondary education, US$ (millions)",UIS.X.US.2T3.FSGOV,..,..,..,..,..,..,..,9.77999,..,..,..,..,..,..,..
Grenada,GRD,"Enrolment in pre-primary education, both sexes (number)",SE.PRE.ENRL,3562,..,..,3647,3627,3400,3519,3662,3698,..,..,..,..,..,..
Grenada,GRD,"Enrolment in secondary education, both sexes (number)",SE.SEC.ENRL,11500,..,..,10040,9736,9309,9185,8834,9135,..,..,..,..,..,..
Grenada,GRD,"Enrolment in primary education, both sexes (number)",SE.PRM.ENRL,13663,..,..,12948,13061,13445,13196,13464,13195,..,..,..,..,..,..
Guam,GUM,"Teachers in primary education, both sexes (number)",SE.PRM.TCHR,..,..,..,..,..,..,..,..,..,..,..,..,..,..,..
Guam,GUM,"Teachers in secondary education, both sexes (number)",SE.SEC.TCHR,..,..,..,..,..,..,..,..,..,..,..,..,..,..,..
Guam,GUM,"Teachers in pre-primary education, both sexes (number)",SE.PRE.TCHR,..,..,..,..,..,..,..,..,..,..,..,..,..,..,..
Guam,GUM,"Adult literacy rate, population 15+ years, both sexes (%)",SE.ADT.LITR.ZS,..,..,..,..,..,..,..,..,..,..,..,..,..,..,..
Guam,GUM,"Government expenditure on pre-primary education, US$ (millions)",UIS.X.US.02.FSGOV,..,..,..,..,..,..,..,..,..,..,..,..,..,..,..
Guam,GUM,"Government expenditure on primary education, US$ (millions)",UIS.X.US.1.FSGOV,..,..,..,..,..,..,..,..,..,..,..,..,..,..,..
Guam,GUM,"Government expenditure on secondary education, US$ (millions)",UIS.X.US.2T3.FSGOV,..,..,..,..,..,..,..,..,..,..,..,..,..,..,..
Guam,GUM,"Enrolment in pre-primary education, both sexes (number)",SE.PRE.ENRL,..,..,..,..,..,..,..,..,..,..,..,..,..,..,..
Guam,GUM,"Enrolment in secondary education, both sexes (number)",SE.SEC.ENRL,..,..,..,..,..,..,..,..,..,..,..,..,..,..,..
Guam,GUM,"Enrolment in primary education, both sexes (number)",SE.PRM.ENRL,..,..,..,..,..,..,..,..,..,..,..,..,..,..,..
Guatemala,GTM,"Teachers in primary education, both sexes (number)",SE.PRM.TCHR,98763,100600,100081,105618,105188,..,108113,116396,116577,116490,..,..,..,..,..
Guatemala,GTM,"Teachers in secondary education, both sexes (number)",SE.SEC.TCHR,77400,82250,83418,94102,92039,..,98419,116080,116952,98165,..,..,..,..,..
Guatemala,GTM,"Teachers in pre-primary education, both sexes (number)",SE.PRE.TCHR,25582,26126,26109,..,..,..,..,..,..,..,..,..,..,..,..
Guatemala,GTM,"Adult literacy rate, population 15+ years, both sexes (%)",SE.ADT.LITR.ZS,..,..,78.26486,77.03867,81.2859,..,..,..,..,..,..,..,..,..,..
Guatemala,GTM,"Government expenditure on pre-primary education, US$ (millions)",UIS.X.US.02.FSGOV,129.87807,157.26766,163.93983,161.57828,321.1633,325.18021,235.01955,268.99239,300.66445,323.2749,..,..,..,..,..
Guatemala,GTM,"Government expenditure on primary education, US$ (millions)",UIS.X.US.1.FSGOV,643.71874,785.16659,827.9272,806.79643,848.6618,940.63742,1078.86005,1193.79601,1276.87857,1409.30372,..,..,..,..,..
Guatemala,GTM,"Government expenditure on secondary education, US$ (millions)",UIS.X.US.2T3.FSGOV,171.67198,174.52967,194.73772,218.98711,238.89721,242.81662,258.90161,277.83815,302.62813,306.38373,..,..,..,..,..
Guatemala,GTM,"Enrolment in pre-primary education, both sexes (number)",SE.PRE.ENRL,549695,537265,501445,508659,520972,535747,526320,576023,603637,589943,..,..,..,..,..
Guatemala,GTM,"Enrolment in secondary education, both sexes (number)",SE.SEC.ENRL,1082320,1113881,1139559,1159708,1165624,1220652,1220113,1220327,1227191,1195065,..,..,..,..,..
Guatemala,GTM,"Enrolment in primary education, both sexes (number)",SE.PRM.ENRL,2653483,2644683,2556314,2499076,2417429,2381916,2350849,2348863,2362116,2365800,..,..,..,..,..
Guinea,GIN,"Teachers in primary education, both sexes (number)",SE.PRM.TCHR,34451,34861,36731,37687,37938,35940,37680,..,..,..,..,..,..,..,..
Guinea,GIN,"Teachers in secondary education, both sexes (number)",SE.SEC.TCHR,..,19322,..,..,..,..,..,..,..,..,..,..,..,..,..
Guinea,GIN,"Teachers in pre-primary education, both sexes (number)",SE.PRE.TCHR,3599,..,..,..,..,..,..,..,..,..,..,..,..,..,..
Guinea,GIN,"Adult literacy rate, population 15+ years, both sexes (%)",SE.ADT.LITR.ZS,25.30774,..,..,..,32.00384,..,..,..,..,..,..,..,..,..,..
Guinea,GIN,"Government expenditure on pre-primary education, US$ (millions)",UIS.X.US.02.FSGOV,0,0,0.09911,0.16492,0.20033,0.20864,0.21477,0.23502,0.37171,..,..,..,..,..,..
Guinea,GIN,"Government expenditure on primary education, US$ (millions)",UIS.X.US.1.FSGOV,68.02267,54.54046,61.01509,88.56755,82.74742,86.18004,88.71408,97.07645,174.28298,..,..,..,..,..,..
Guinea,GIN,"Government expenditure on secondary education, US$ (millions)",UIS.X.US.2T3.FSGOV,43.46327,33.40576,32.18208,55.49706,46.4762,48.37323,49.68959,54.37343,59.15303,..,..,..,..,..,..
Guinea,GIN,"Enrolment in pre-primary education, both sexes (number)",SE.PRE.ENRL,120715,151512,..,..,..,..,..,..,..,..,..,..,..,..,..
Guinea,GIN,"Enrolment in secondary education, both sexes (number)",SE.SEC.ENRL,..,640245,657383,..,715702,..,..,..,..,..,..,..,..,..,..
Guinea,GIN,"Enrolment in primary education, both sexes (number)",SE.PRM.ENRL,1453355,1536722,1599839,1666156,1729630,..,1776560,..,..,..,..,..,..,..,..
Guinea-Bissau,GNB,"Teachers in primary education, both sexes (number)",SE.PRM.TCHR,5371,..,..,..,..,..,..,..,..,..,..,..,..,..,..
Guinea-Bissau,GNB,"Teachers in secondary education, both sexes (number)",SE.SEC.TCHR,..,..,..,..,..,..,..,..,..,..,..,..,..,..,..
Guinea-Bissau,GNB,"Teachers in pre-primary education, both sexes (number)",SE.PRE.TCHR,309,..,..,..,..,..,..,..,..,..,..,..,..,..,..
Guinea-Bissau,GNB,"Adult literacy rate, population 15+ years, both sexes (%)",SE.ADT.LITR.ZS,..,..,..,..,45.58116,..,..,..,..,..,..,..,..,..,..
Guinea-Bissau,GNB,"Government expenditure on pre-primary education, US$ (millions)",UIS.X.US.02.FSGOV,0.10585,0.15413,0.16756,0.16746,..,..,..,..,..,..,..,..,..,..,..
Guinea-Bissau,GNB,"Government expenditure on primary education, US$ (millions)",UIS.X.US.1.FSGOV,7.38144,10.33493,11.13506,14.36601,..,..,..,..,..,..,..,..,..,..,..
Guinea-Bissau,GNB,"Government expenditure on secondary education, US$ (millions)",UIS.X.US.2T3.FSGOV,7.37295,8.45551,7.20777,6.78943,..,..,..,..,..,..,..,..,..,..,..
Guinea-Bissau,GNB,"Enrolment in pre-primary education, both sexes (number)",SE.PRE.ENRL,8950,..,..,..,..,..,..,..,..,..,..,..,..,..,..
Guinea-Bissau,GNB,"Enrolment in secondary education, both sexes (number)",SE.SEC.ENRL,..,..,..,..,..,..,..,..,..,..,..,..,..,..,..
Guinea-Bissau,GNB,"Enrolment in primary education, both sexes (number)",SE.PRM.ENRL,278890,..,..,..,..,..,..,..,..,..,..,..,..,..,..
Guyana,GUY,"Teachers in primary education, both sexes (number)",SE.PRM.TCHR,4031,4012,4079,..,..,..,..,..,..,..,..,..,..,..,..
Guyana,GUY,"Teachers in secondary education, both sexes (number)",SE.SEC.TCHR,3766,4148,4235,..,..,..,..,..,..,..,..,..,..,..,..
Guyana,GUY,"Teachers in pre-primary education, both sexes (number)",SE.PRE.TCHR,1811,1751,1783,..,..,..,..,..,..,..,..,..,..,..,..
Guyana,GUY,"Adult literacy rate, population 15+ years, both sexes (%)",SE.ADT.LITR.ZS,..,..,..,..,85.63973,..,..,..,..,..,..,..,..,..,..
Guyana,GUY,"Government expenditure on pre-primary education, US$ (millions)",UIS.X.US.02.FSGOV,9.49944,9.72794,10.53403,..,..,..,..,..,..,..,..,..,..,..,..
Guyana,GUY,"Government expenditure on primary education, US$ (millions)",UIS.X.US.1.FSGOV,24.03624,26.3849,27.82584,..,..,..,..,..,..,..,..,..,..,..,..
Guyana,GUY,"Government expenditure on secondary education, US$ (millions)",UIS.X.US.2T3.FSGOV,27.65798,30.88445,30.28038,..,..,..,..,..,..,..,..,..,..,..,..
Guyana,GUY,"Enrolment in pre-primary education, both sexes (number)",SE.PRE.ENRL,25470,27097,27872,..,..,..,..,..,..,..,..,..,..,..,..
Guyana,GUY,"Enrolment in secondary education, both sexes (number)",SE.SEC.ENRL,80676,86540,85934,..,..,..,..,..,..,..,..,..,..,..,..
Guyana,GUY,"Enrolment in primary education, both sexes (number)",SE.PRM.ENRL,99241,98662,94488,..,..,..,..,..,..,..,..,..,..,..,..
Haiti,HTI,"Teachers in primary education, both sexes (number)",SE.PRM.TCHR,..,..,..,..,..,..,..,..,..,..,..,..,..,..,..
Haiti,HTI,"Teachers in secondary education, both sexes (number)",SE.SEC.TCHR,..,..,..,..,..,..,..,..,..,..,..,..,..,..,..
Haiti,HTI,"Teachers in pre-primary education, both sexes (number)",SE.PRE.TCHR,..,..,..,..,..,..,..,..,..,..,..,..,..,..,..
Haiti,HTI,"Adult literacy rate, population 15+ years, both sexes (%)",SE.ADT.LITR.ZS,..,..,..,..,..,..,61.69135,..,..,..,..,..,..,..,..
Haiti,HTI,"Government expenditure on pre-primary education, US$ (millions)",UIS.X.US.02.FSGOV,..,..,..,..,..,..,..,..,..,..,..,..,..,..,..
Haiti,HTI,"Government expenditure on primary education, US$ (millions)",UIS.X.US.1.FSGOV,..,..,..,..,..,..,..,..,..,..,..,..,..,..,..
Haiti,HTI,"Government expenditure on secondary education, US$ (millions)",UIS.X.US.2T3.FSGOV,..,..,..,..,..,..,..,..,..,..,..,..,..,..,..
Haiti,HTI,"Enrolment in pre-primary education, both sexes (number)",SE.PRE.ENRL,..,..,..,..,..,..,..,..,..,..,..,..,..,..,..
Haiti,HTI,"Enrolment in secondary education, both sexes (number)",SE.SEC.ENRL,..,..,..,..,..,..,..,..,..,..,..,..,..,..,..
Haiti,HTI,"Enrolment in primary education, both sexes (number)",SE.PRM.ENRL,..,..,..,..,..,..,..,..,..,..,..,..,..,..,..
Heavily indebted poor countries (HIPC),HPC,"Teachers in primary education, both sexes (number)",SE.PRM.TCHR,2479979.235,2550682.294,2706803.035,2816626.292,2942530.044,3038526.712,3156947.399,3249400.068,3359544.135,3423791.537,..,..,..,..,..
Heavily indebted poor countries (HIPC),HPC,"Teachers in secondary education, both sexes (number)",SE.SEC.TCHR,1365736.843,1455345.119,1565562.757,1717118.882,1802294.729,1903717.583,1996453.203,2084535.266,2135095.294,2204367.805,..,..,..,..,..
Heavily indebted poor countries (HIPC),HPC,"Teachers in pre-primary education, both sexes (number)",SE.PRE.TCHR,299911.7244,314513.4733,349217.4613,386767.7058,430069.2169,464214.7862,501389.6808,456113.7349,538328.2489,547001.3256,..,..,..,..,..
Heavily indebted poor countries (HIPC),HPC,"Adult literacy rate, population 15+ years, both sexes (%)",SE.ADT.LITR.ZS,54.07489,56.10511,57.3334,58.32618,59.16484,59.64676,60.45881,61.38893,61.88289,62.50519,..,..,..,..,..
Heavily indebted poor countries (HIPC),HPC,"Government expenditure on pre-primary education, US$ (millions)",UIS.X.US.02.FSGOV,..,..,..,..,..,..,..,..,..,..,..,..,..,..,..
Heavily indebted poor countries (HIPC),HPC,"Government expenditure on primary education, US$ (millions)",UIS.X.US.1.FSGOV,..,..,..,..,..,..,..,..,..,..,..,..,..,..,..
Heavily indebted poor countries (HIPC),HPC,"Government expenditure on secondary education, US$ (millions)",UIS.X.US.2T3.FSGOV,..,..,..,..,..,..,..,..,..,..,..,..,..,..,..
Heavily indebted poor countries (HIPC),HPC,"Enrolment in pre-primary education, both sexes (number)",SE.PRE.ENRL,9024789.248,9548172.333,11037108.6,11895617.96,12662683.8,13687383.66,14708303.72,15164200.29,15394710.65,15808215.63,..,..,..,..,..
Heavily indebted poor countries (HIPC),HPC,"Enrolment in secondary education, both sexes (number)",SE.SEC.ENRL,31649366.89,33712660.64,35741220.54,37638584.78,39159780.79,40495648.7,41905414.08,43341748.98,45074253.43,46437811.37,..,..,..,..,..
Heavily indebted poor countries (HIPC),HPC,"Enrolment in primary education, both sexes (number)",SE.PRM.ENRL,104547460.4,107367800,111674135.4,114992665.5,118868237.4,121034424.1,124486708.3,127841189,131544301.8,134865424.6,..,..,..,..,..
High income,HIC,"Teachers in primary education, both sexes (number)",SE.PRM.TCHR,5462555.464,5402383.758,5380589.897,5424169.884,5444938.92,5497465.233,5570840.804,5609446.129,5621228.108,5681987.994,..,..,..,..,..
High income,HIC,"Teachers in secondary education, both sexes (number)",SE.SEC.TCHR,7332670.451,7242746.826,7192251.001,7281539.183,7250169.248,7286569.631,7324114.957,7311184.405,7288578.565,7178313.816,..,..,..,..,..
High income,HIC,"Teachers in pre-primary education, both sexes (number)",SE.PRE.TCHR,1970166.036,2068834.573,2172404.821,2203780.624,2243174.855,2238385.42,2237680.202,2233748.251,2232634.667,2191039.767,..,..,..,..,..
High income,HIC,"Adult literacy rate, population 15+ years, both sexes (%)",SE.ADT.LITR.ZS,..,..,..,..,..,..,..,..,..,..,..,..,..,..,..
High income,HIC,"Government expenditure on pre-primary education, US$ (millions)",UIS.X.US.02.FSGOV,..,..,..,..,..,..,..,..,..,..,..,..,..,..,..
High income,HIC,"Government expenditure on primary education, US$ (millions)",UIS.X.US.1.FSGOV,..,..,..,..,..,..,..,..,..,..,..,..,..,..,..
High income,HIC,"Government expenditure on secondary education, US$ (millions)",UIS.X.US.2T3.FSGOV,..,..,..,..,..,..,..,..,..,..,..,..,..,..,..
High income,HIC,"Enrolment in pre-primary education, both sexes (number)",SE.PRE.ENRL,29748583.68,30324868.88,30863164.3,31132377.83,31565097.73,31752524.59,32062450.94,31982481.61,31815407.14,30932149,..,..,..,..,..
High income,HIC,"Enrolment in secondary education, both sexes (number)",SE.SEC.ENRL,92808654.59,91888504.94,91368214.91,93518607.13,93067282.77,92685077.67,92229562.3,92134482.59,91762788.61,91195466.33,..,..,..,..,..
High income,HIC,"Enrolment in primary education, both sexes (number)",SE.PRM.ENRL,76750403.18,76528419.63,76429264.33,76973417.73,77116537.61,77479231.9,77832258.17,78368810.88,78439904.56,79525031.12,..,..,..,..,..
Honduras,HND,"Teachers in primary education, both sexes (number)",SE.PRM.TCHR,..,..,..,..,..,39599,40362,43908,..,44007,..,..,..,..,..
Honduras,HND,"Teachers in secondary education, both sexes (number)",SE.SEC.TCHR,..,..,..,..,..,39613,44956,39322,..,47069,..,..,..,..,..
Honduras,HND,"Teachers in pre-primary education, both sexes (number)",SE.PRE.TCHR,..,..,..,16684,..,11077,12185,..,..,12277,..,..,..,..,..
Honduras,HND,"Adult literacy rate, population 15+ years, both sexes (%)",SE.ADT.LITR.ZS,84.75536,85.1233,85.35555,85.46442,87.19753,87.90683,88.98748,..,87.20524,..,..,..,..,..,..
Honduras,HND,"Government expenditure on pre-primary education, US$ (millions)",UIS.X.US.02.FSGOV,74.93726,..,..,79.5537,..,..,..,..,..,..,..,..,..,..,..
Honduras,HND,"Government expenditure on primary education, US$ (millions)",UIS.X.US.1.FSGOV,483.88522,..,..,531.47176,..,..,..,..,..,..,..,..,..,..,..
Honduras,HND,"Government expenditure on secondary education, US$ (millions)",UIS.X.US.2T3.FSGOV,..,..,..,274.86759,..,..,..,..,..,..,..,..,..,..,..
Honduras,HND,"Enrolment in pre-primary education, both sexes (number)",SE.PRE.ENRL,247800,251220,244167,239279,238205,229396,235693,245010,..,235631,..,..,..,..,..
Honduras,HND,"Enrolment in secondary education, both sexes (number)",SE.SEC.ENRL,655294,663115,659558,642654,619832,637727,651807,655090,..,688235,..,..,..,..,..
Honduras,HND,"Enrolment in primary education, both sexes (number)",SE.PRM.ENRL,1274904,1259405,1216739,1179022,1150042,1154139,1145093,1123945,..,1103956,..,..,..,..,..
"Hong Kong SAR, China",HKG,"Teachers in primary education, both sexes (number)",SE.PRM.TCHR,22984,22596,22599,22916,23407,24339,24931,25599,27400,28522,..,..,..,..,..
"Hong Kong SAR, China",HKG,"Teachers in secondary education, both sexes (number)",SE.SEC.TCHR,30474,30828,32490,30926,30574,30405,30063,31007,31106,31050,..,..,..,..,..
"Hong Kong SAR, China",HKG,"Teachers in pre-primary education, both sexes (number)",SE.PRE.TCHR,10063,10454,11059,11817,12384,12893,13552,13930,14155,14145,..,..,..,..,..
"Hong Kong SAR, China",HKG,"Adult literacy rate, population 15+ years, both sexes (%)",SE.ADT.LITR.ZS,..,..,..,..,..,..,..,..,..,..,..,..,..,..,..
"Hong Kong SAR, China",HKG,"Government expenditure on pre-primary education, US$ (millions)",UIS.X.US.02.FSGOV,287.15911,312.6448,339.02878,364.21536,415.29139,444.66798,491.62775,560.7874,734.87143,845.44237,..,..,..,..,..
"Hong Kong SAR, China",HKG,"Government expenditure on primary education, US$ (millions)",UIS.X.US.1.FSGOV,1572.53799,1602.61031,1626.67009,1732.6337,1857.01392,1990.94672,2173.43069,2303.82747,2506.54417,2740.44779,..,..,..,..,..
"Hong Kong SAR, China",HKG,"Government expenditure on secondary education, US$ (millions)",UIS.X.US.2T3.FSGOV,2669.96053,2746.74355,2928.6999,3010.93291,3084.19288,3224.35873,3366.31492,3468.04427,3554.76569,3758.37214,..,..,..,..,..
"Hong Kong SAR, China",HKG,"Enrolment in pre-primary education, both sexes (number)",SE.PRE.ENRL,141967,150457,159040,166400,171497,178119,187155,185799,182995,176245,..,..,..,..,..
"Hong Kong SAR, China",HKG,"Enrolment in secondary education, both sexes (number)",SE.SEC.ENRL,508269,486817,486942,439093,415971,393952,371900,357158,349086,341388,..,..,..,..,..
"Hong Kong SAR, China",HKG,"Enrolment in primary education, both sexes (number)",SE.PRM.ENRL,348549,334415,326208,320654,324171,332531,340932,352469,365732,376310,..,..,..,..,..
Hungary,HUN,"Teachers in primary education, both sexes (number)",SE.PRM.TCHR,36675,36716,36719,37054,34955,36029,36632,..,..,..,..,..,..,..,..
Hungary,HUN,"Teachers in secondary education, both sexes (number)",SE.SEC.TCHR,88749,88003,86098,84994,78674,80322,80741,..,..,..,..,..,..,..,..
Hungary,HUN,"Teachers in pre-primary education, both sexes (number)",SE.PRE.TCHR,30087,30442,30478,30552,25748,26068,26260,..,..,..,..,..,..,..,..
Hungary,HUN,"Adult literacy rate, population 15+ years, both sexes (%)",SE.ADT.LITR.ZS,..,..,..,..,99.1,..,..,..,..,..,..,..,..,..,..
Hungary,HUN,"Government expenditure on pre-primary education, US$ (millions)",UIS.X.US.02.FSGOV,899.91044,862.28456,808.71719,880.50564,..,944.80224,969.28279,996.96805,..,..,..,..,..,..,..
Hungary,HUN,"Government expenditure on primary education, US$ (millions)",UIS.X.US.1.FSGOV,1113.97056,1046.01743,930.11002,1166.9885,813.41099,922.61869,962.68139,942.37552,..,..,..,..,..,..,..
Hungary,HUN,"Government expenditure on secondary education, US$ (millions)",UIS.X.US.2T3.FSGOV,2516.20413,2548.57638,2179.82842,1961.32462,2775.70535,2143.77597,2386.47014,2465.81183,..,..,..,..,..,..,..
Hungary,HUN,"Enrolment in pre-primary education, both sexes (number)",SE.PRE.ENRL,328545,338162,341190,340204,330184,310912,309866,306065,311111,..,..,..,..,..,..
Hungary,HUN,"Enrolment in secondary education, both sexes (number)",SE.SEC.ENRL,904848,882609,864391,890759,857807,826626,808744,807705,808569,..,..,..,..,..,..
Hungary,HUN,"Enrolment in primary education, both sexes (number)",SE.PRM.ENRL,387969,387262,384834,385466,393020,395549,394433,390970,373837,..,..,..,..,..,..
IBRD only,IBD,"Teachers in primary education, both sexes (number)",SE.PRM.TCHR,18547862.22,18690127.9,18904943.36,19609702.39,19638292.36,19865850.4,19839757.54,19923510.86,19852242.5,20537273.52,..,..,..,..,..
IBRD only,IBD,"Teachers in secondary education, both sexes (number)",SE.SEC.TCHR,21672480.22,21719337.1,21997169.04,21196880.93,21631162.47,21891853.96,22637926.08,22831897.4,23043414.58,24614591.18,..,..,..,..,..
IBRD only,IBD,"Teachers in pre-primary education, both sexes (number)",SE.PRE.TCHR,4646889.898,5011521.434,5437408.655,5669857.575,6157685.661,5795135.927,6885748.988,7280793.422,7567272.383,7833803.107,..,..,..,..,..
IBRD only,IBD,"Adult literacy rate, population 15+ years, both sexes (%)",SE.ADT.LITR.ZS,86.83493,87.19533,87.69956,87.86956,88.34096,88.45138,88.81775,89.04436,89.06654,89.36553,..,..,..,..,..
IBRD only,IBD,"Government expenditure on pre-primary education, US$ (millions)",UIS.X.US.02.FSGOV,..,..,..,..,..,..,..,..,..,..,..,..,..,..,..
IBRD only,IBD,"Government expenditure on primary education, US$ (millions)",UIS.X.US.1.FSGOV,..,..,..,..,..,..,..,..,..,..,..,..,..,..,..
IBRD only,IBD,"Government expenditure on secondary education, US$ (millions)",UIS.X.US.2T3.FSGOV,..,..,..,..,..,..,..,..,..,..,..,..,..,..,..
IBRD only,IBD,"Enrolment in pre-primary education, both sexes (number)",SE.PRE.ENRL,101509841.9,107815613.7,116469579.3,122913997.4,128910338.8,133390125.6,138492030.2,142944068.2,145043922,147066109.3,..,..,..,..,..
IBRD only,IBD,"Enrolment in secondary education, both sexes (number)",SE.SEC.ENRL,373795854.1,379758965.4,382882784.1,387680961.8,394679352.8,393403656,394536649,394497157.6,399858926.8,402200919.8,..,..,..,..,..
IBRD only,IBD,"Enrolment in primary education, both sexes (number)",SE.PRM.ENRL,427387784.2,425861704.7,428366189.3,431265371.1,424359233.2,426490613.1,437006066.7,437350617,419452612.5,423332483.1,..,..,..,..,..
Iceland,ISL,"Teachers in primary education, both sexes (number)",SE.PRM.TCHR,..,3034,2960,3001,2991,2999,..,..,3171,..,..,..,..,..,..
Iceland,ISL,"Teachers in secondary education, both sexes (number)",SE.SEC.TCHR,..,..,..,..,..,..,..,..,..,..,..,..,..,..,..
Iceland,ISL,"Teachers in pre-primary education, both sexes (number)",SE.PRE.TCHR,2089,2532,2634,2758,2892,2911,..,..,2897,..,..,..,..,..,..
Iceland,ISL,"Adult literacy rate, population 15+ years, both sexes (%)",SE.ADT.LITR.ZS,..,..,..,..,..,..,..,..,..,..,..,..,..,..,..
Iceland,ISL,"Government expenditure on pre-primary education, US$ (millions)",UIS.X.US.02.FSGOV,91.32392,102.79636,126.04151,138.72161,159.71975,150.82414,175.35385,221.27041,..,..,..,..,..,..,..
Iceland,ISL,"Government expenditure on primary education, US$ (millions)",UIS.X.US.1.FSGOV,309.15807,347.98786,317.13408,343.49714,396.13056,374.00431,431.77724,544.29592,..,..,..,..,..,..,..
Iceland,ISL,"Government expenditure on secondary education, US$ (millions)",UIS.X.US.2T3.FSGOV,297.45914,328.1301,313.19016,335.61369,377.67665,367.49503,421.38418,515.666,..,..,..,..,..,..,..
Iceland,ISL,"Enrolment in pre-primary education, both sexes (number)",SE.PRE.ENRL,12668,12822,13242,13549,13996,13880,13472,13115,13048,..,..,..,..,..,..
Iceland,ISL,"Enrolment in secondary education, both sexes (number)",SE.SEC.ENRL,35623,35217,36127,38238,37530,36818,35651,35161,35171,..,..,..,..,..,..
Iceland,ISL,"Enrolment in primary education, both sexes (number)",SE.PRM.ENRL,29568,29432,29387,29578,29892,30422,31194,31981,32421,..,..,..,..,..,..
IDA & IBRD total,IBT,"Teachers in primary education, both sexes (number)",SE.PRM.TCHR,23466854.33,23929388.78,24196418.87,25312710.3,25564455.84,25930304.16,26131018.38,26405036.4,26503920.61,27286659.28,..,..,..,..,..
IDA & IBRD total,IBT,"Teachers in secondary education, both sexes (number)",SE.SEC.TCHR,25215520.67,25625925.84,25946713.47,25526963.44,26069220.53,26563501.49,27371532.71,27738155.78,28035867.04,29679020.39,..,..,..,..,..
IDA & IBRD total,IBT,"Teachers in pre-primary education, both sexes (number)",SE.PRE.TCHR,5672246.592,6123141.353,6629274.556,6981124.636,7357510.87,7055738.057,8348302.533,8787766.973,9216304.792,9520941.902,..,..,..,..,..
IDA & IBRD total,IBT,"Adult literacy rate, population 15+ years, both sexes (%)",SE.ADT.LITR.ZS,..,81.93721,82.35303,82.56062,82.97848,..,83.71072,..,..,..,..,..,..,..,..
IDA & IBRD total,IBT,"Government expenditure on pre-primary education, US$ (millions)",UIS.X.US.02.FSGOV,..,..,..,..,..,..,..,..,..,..,..,..,..,..,..
IDA & IBRD total,IBT,"Government expenditure on primary education, US$ (millions)",UIS.X.US.1.FSGOV,..,..,..,..,..,..,..,..,..,..,..,..,..,..,..
IDA & IBRD total,IBT,"Government expenditure on secondary education, US$ (millions)",UIS.X.US.2T3.FSGOV,..,..,..,..,..,..,..,..,..,..,..,..,..,..,..
IDA & IBRD total,IBT,"Enrolment in pre-primary education, both sexes (number)",SE.PRE.ENRL,125851872,135116300.6,146729540.5,155928871.2,158142401.9,164566421.1,174937569.2,181582208.1,184821398.3,187442612.7,..,..,..,..,..
IDA & IBRD total,IBT,"Enrolment in secondary education, both sexes (number)",SE.SEC.ENRL,457096294,466729944.1,474041996.1,483847820.2,491142548.8,493520481.5,497443670.1,499006549.3,508307758.8,513020504.3,..,..,..,..,..
IDA & IBRD total,IBT,"Enrolment in primary education, both sexes (number)",SE.PRM.ENRL,623412498.3,628465623.7,636798732.5,643309283,641472226.8,645327361.7,661539754.1,666261847.6,654305526.7,663111657.5,..,..,..,..,..
IDA blend,IDB,"Teachers in primary education, both sexes (number)",SE.PRM.TCHR,1506946.928,1657782.114,1526322.171,1836680.845,1885919.704,1893480.777,1941909.099,2000470.647,2065857.424,2102644.008,..,..,..,..,..
IDA blend,IDB,"Teachers in secondary education, both sexes (number)",SE.SEC.TCHR,1291337.601,1566449.481,1497279.622,1784890.353,1821268.103,1916817.215,1827458.384,1910938.513,1942762.663,1995752.764,..,..,..,..,..
IDA blend,IDB,"Teachers in pre-primary education, both sexes (number)",SE.PRE.TCHR,..,..,..,..,581127.7181,609982.4136,..,..,..,..,..,..,..,..,..
IDA blend,IDB,"Adult literacy rate, population 15+ years, both sexes (%)",SE.ADT.LITR.ZS,62.39705,62.47046,63.87631,63.73583,64.59924,65.02774,65.72806,66.58383,66.56935,66.98145,..,..,..,..,..
IDA blend,IDB,"Government expenditure on pre-primary education, US$ (millions)",UIS.X.US.02.FSGOV,..,..,..,..,..,..,..,..,..,..,..,..,..,..,..
IDA blend,IDB,"Government expenditure on primary education, US$ (millions)",UIS.X.US.1.FSGOV,..,..,..,..,..,..,..,..,..,..,..,..,..,..,..
IDA blend,IDB,"Government expenditure on secondary education, US$ (millions)",UIS.X.US.2T3.FSGOV,..,..,..,..,..,..,..,..,..,..,..,..,..,..,..
IDA blend,IDB,"Enrolment in pre-primary education, both sexes (number)",SE.PRE.ENRL,12852065.25,14066283.09,15199916.39,16892114.6,12384439.35,13388540.85,17391759.9,18463188.78,19434602.55,19646124.5,..,..,..,..,..
IDA blend,IDB,"Enrolment in secondary education, both sexes (number)",SE.SEC.ENRL,29739389.69,30811605.59,32147433.06,35023065.59,33713063.28,35276587.65,35194370.56,35641083.23,37081836.49,38283717.47,..,..,..,..,..
IDA blend,IDB,"Enrolment in primary education, both sexes (number)",SE.PRM.ENRL,57810971.94,59776743.76,61800748.68,63465089.38,64761455.07,64898712.97,67636877.26,68740039.76,70849508.69,72830795.8,..,..,..,..,..
IDA only,IDX,"Teachers in primary education, both sexes (number)",SE.PRM.TCHR,3412045.187,3581478.766,3765153.338,3866327.065,4040243.779,4170972.98,4349351.743,4481054.891,4585820.69,4646741.748,..,..,..,..,..
IDA only,IDX,"Teachers in secondary education, both sexes (number)",SE.SEC.TCHR,2251702.842,2340139.257,2452264.813,2545192.159,2616789.956,2754830.313,2906148.242,2995319.866,3049689.797,3068676.446,..,..,..,..,..
IDA only,IDX,"Teachers in pre-primary education, both sexes (number)",SE.PRE.TCHR,410149.8089,479374.936,529298.8659,576664.9032,618697.4904,650619.7156,703596.3808,685069.3235,768490.8748,777085.2051,..,..,..,..,..
IDA only,IDX,"Adult literacy rate, population 15+ years, both sexes (%)",SE.ADT.LITR.ZS,58.46443,58.61864,59.26577,60.53036,61.27156,62.39787,64.25295,64.97928,65.49887,66.05657,..,..,..,..,..
IDA only,IDX,"Government expenditure on pre-primary education, US$ (millions)",UIS.X.US.02.FSGOV,..,..,..,..,..,..,..,..,..,..,..,..,..,..,..
IDA only,IDX,"Government expenditure on primary education, US$ (millions)",UIS.X.US.1.FSGOV,..,..,..,..,..,..,..,..,..,..,..,..,..,..,..
IDA only,IDX,"Government expenditure on secondary education, US$ (millions)",UIS.X.US.2T3.FSGOV,..,..,..,..,..,..,..,..,..,..,..,..,..,..,..
IDA only,IDX,"Enrolment in pre-primary education, both sexes (number)",SE.PRE.ENRL,11489964.91,13234403.84,15060044.89,16122759.18,16847623.73,17787754.64,19053779.07,20174951.05,20342873.81,20730378.88,..,..,..,..,..
IDA only,IDX,"Enrolment in secondary education, both sexes (number)",SE.SEC.ENRL,53561050.15,56159373.03,59011778.93,61143792.82,62750132.68,64840237.81,67712650.54,68868308.48,71366995.51,72535867.02,..,..,..,..,..
IDA only,IDX,"Enrolment in primary education, both sexes (number)",SE.PRM.ENRL,138213742.1,142827175.2,146631794.5,148578822.5,152351538.5,153938035.6,156896810.1,160171190.9,164003405.6,166948378.6,..,..,..,..,..
IDA total,IDA,"Teachers in primary education, both sexes (number)",SE.PRM.TCHR,4937212.115,5257356.88,5309138.509,5720370.91,5943193.483,6081290.758,6308414.842,6498969.538,6669735.114,6767984.895,..,..,..,..,..
IDA total,IDA,"Teachers in secondary education, both sexes (number)",SE.SEC.TCHR,3591382.443,3957682.153,3999313.84,4377700.111,4485179.059,4717490.529,4779958.626,4950898.379,5036628.46,5106607.008,..,..,..,..,..
IDA total,IDA,"Teachers in pre-primary education, both sexes (number)",SE.PRE.TCHR,1041517.695,1128231.918,1209102.901,1329384.77,1217481.481,1277655.762,1479335.545,1524260.551,1667926.409,..,..,..,..,..,..
IDA total,IDA,"Adult literacy rate, population 15+ years, both sexes (%)",SE.ADT.LITR.ZS,..,60.68527,61.67557,62.12955,62.91562,..,65.25168,..,..,..,..,..,..,..,..
IDA total,IDA,"Government expenditure on pre-primary education, US$ (millions)",UIS.X.US.02.FSGOV,..,..,..,..,..,..,..,..,..,..,..,..,..,..,..
IDA total,IDA,"Government expenditure on primary education, US$ (millions)",UIS.X.US.1.FSGOV,..,..,..,..,..,..,..,..,..,..,..,..,..,..,..
IDA total,IDA,"Government expenditure on secondary education, US$ (millions)",UIS.X.US.2T3.FSGOV,..,..,..,..,..,..,..,..,..,..,..,..,..,..,..
IDA total,IDA,"Enrolment in pre-primary education, both sexes (number)",SE.PRE.ENRL,24563907.16,27538529.93,30513060.28,33321250.78,29555304.08,31513868.49,36804130.97,39014632.83,40166655.36,40772072.54,..,..,..,..,..
IDA total,IDA,"Enrolment in secondary education, both sexes (number)",SE.SEC.ENRL,83884041.84,87577137.32,91739478.59,96723788.5,96997952.3,100633139.3,103414049.5,105017739.9,108961212.6,111338466,..,..,..,..,..
IDA total,IDA,"Enrolment in primary education, both sexes (number)",SE.PRM.ENRL,196439877,203007994,208827222.2,212427580.9,217490702.6,219226488.6,224945929.4,229341115.6,235304118.2,240247779.7,..,..,..,..,..
India,IND,"Teachers in primary education, both sexes (number)",SE.PRM.TCHR,..,3918312,..,4367637,4404451,4398590,4140250,4373417,..,4339390,..,..,..,..,..
India,IND,"Teachers in secondary education, both sexes (number)",SE.SEC.TCHR,4251657,4387444,..,3878747,4073937,4092933,4638710,4731207,..,6103309,..,..,..,..,..
India,IND,"Teachers in pre-primary education, both sexes (number)",SE.PRE.TCHR,..,..,..,..,..,..,..,..,..,1417492,..,..,..,..,..
India,IND,"Adult literacy rate, population 15+ years, both sexes (%)",SE.ADT.LITR.ZS,..,69.30256,..,..,..,..,..,..,74.37299,..,..,..,..,..,..
India,IND,"Government expenditure on pre-primary education, US$ (millions)",UIS.X.US.02.FSGOV,481.69207,752.63629,852.11552,1118.82489,..,..,..,..,..,..,..,..,..,..,..
India,IND,"Government expenditure on primary education, US$ (millions)",UIS.X.US.1.FSGOV,11424.82755,16886.67527,19186.82074,19956.54921,..,..,..,..,..,..,..,..,..,..,..
India,IND,"Government expenditure on primary education, US$ (millions)",UIS.X.US.1.FSGOV,11424.82755,16886.67527,19186.82074,19956.54921,..,..,..,..,..,..,..,..,..,..,..
India,IND,"Government expenditure on secondary education, US$ (millions)",UIS.X.US.2T3.FSGOV,16763.45492,23511.65194,27308.93042,29057.32754,..,..,..,..,..,..,..,..,..,..,..
India,IND,"Enrolment in pre-primary education, both sexes (number)",SE.PRE.ENRL,..,..,..,..,..,..,..,44056721,43234873,43896124,..,..,..,..,..
India,IND,"Enrolment in secondary education, both sexes (number)",SE.SEC.ENRL,107686865,113727867,119148200,119400532,129438989,129542058,132161359,129829194,131759759,130932819,..,..,..,..,..
India,IND,"Enrolment in primary education, both sexes (number)",SE.PRM.ENRL,138413842,137746817,139869904,141154752,137808906,138518028,145802543,143227427,..,120064163,..,..,..,..,..
Indonesia,IDN,"Teachers in primary education, both sexes (number)",SE.PRM.TCHR,1595955,1615479,1655764,1870834,1801909,..,2106887,1827213,1727377,1771614,..,..,..,..,..
Indonesia,IDN,"Teachers in secondary education, both sexes (number)",SE.SEC.TCHR,1640533,1407035,1290585,1451842,1459756,..,1674317,1586484,1636970,..,..,..,..,..,..
Indonesia,IDN,"Teachers in pre-primary education, both sexes (number)",SE.PRE.TCHR,297062,303318,307679,338798,427585,..,..,464307,465940,..,..,..,..,..,..
Indonesia,IDN,"Adult literacy rate, population 15+ years, both sexes (%)",SE.ADT.LITR.ZS,..,92.81191,..,..,95.11622,95.21793,95.37697,..,95.65856,..,..,..,..,..,..
Indonesia,IDN,"Government expenditure on pre-primary education, US$ (millions)",UIS.X.US.02.FSGOV,150.49287,..,688.89103,566.21964,514.09834,..,..,..,..,..,..,..,..,..,..
Indonesia,IDN,"Government expenditure on primary education, US$ (millions)",UIS.X.US.1.FSGOV,9438.18619,..,13061.28906,13014.87605,12792.95221,13141.89592,..,..,..,..,..,..,..,..,..
Indonesia,IDN,"Government expenditure on secondary education, US$ (millions)",UIS.X.US.2T3.FSGOV,5164.54397,..,8143.63079,7980.37742,7849.53512,8328.16576,..,..,..,..,..,..,..,..,..
Indonesia,IDN,"Enrolment in pre-primary education, both sexes (number)",SE.PRE.ENRL,3862508,4055035,4686572,5058077,5349040,..,5707624,5888529,5909251,..,..,..,..,..,..
Indonesia,IDN,"Enrolment in secondary education, both sexes (number)",SE.SEC.ENRL,19975916,20777855,21445796,22322494,22586955,23756316,23632854,24318262,24893570,..,..,..,..,..,..
Indonesia,IDN,"Enrolment in primary education, both sexes (number)",SE.PRM.ENRL,30341821,30662441,30784378,30109356,29838440,29699771,29450356,29351817,29425748,..,..,..,..,..,..
"Iran, Islamic Rep.",IRN,"Teachers in primary education, both sexes (number)",SE.PRM.TCHR,..,..,..,306282,287096,286477,293043,286476,..,..,..,..,..,..,..
"Iran, Islamic Rep.",IRN,"Teachers in secondary education, both sexes (number)",SE.SEC.TCHR,..,..,..,334369,330872,..,305644,299031,..,..,..,..,..,..,..
"Iran, Islamic Rep.",IRN,"Teachers in pre-primary education, both sexes (number)",SE.PRE.TCHR,..,..,..,..,..,..,..,..,..,..,..,..,..,..,..
"Iran, Islamic Rep.",IRN,"Adult literacy rate, population 15+ years, both sexes (%)",SE.ADT.LITR.ZS,..,..,83.62599,84.6268,84.70524,..,85.54425,..,..,..,..,..,..,..,..
"Iran, Islamic Rep.",IRN,"Government expenditure on pre-primary education, US$ (millions)",UIS.X.US.02.FSGOV,148.06997,282.78641,188.26369,16.14313,25.31426,29.69068,40.59199,55.89441,69.1129,..,..,..,..,..,..
"Iran, Islamic Rep.",IRN,"Government expenditure on primary education, US$ (millions)",UIS.X.US.1.FSGOV,3811.92031,4616.85155,4675.25999,4816.41036,3467.05084,3235.91202,3738.289,4772.68771,5826.07812,..,..,..,..,..,..
"Iran, Islamic Rep.",IRN,"Government expenditure on secondary education, US$ (millions)",UIS.X.US.2T3.FSGOV,7596.16557,6663.7587,7623.69398,8323.76872,5114.90746,4585.84214,4733.02449,5234.33565,6059.56925,..,..,..,..,..,..
"Iran, Islamic Rep.",IRN,"Enrolment in pre-primary education, both sexes (number)",SE.PRE.ENRL,462862,474883,415539,469565,542682,672021,706093,..,..,..,..,..,..,..,..
"Iran, Islamic Rep.",IRN,"Enrolment in secondary education, both sexes (number)",SE.SEC.ENRL,7347083,7237005,7118357,5868528,5794537,5712478,5713648,5684238,..,..,..,..,..,..,..
"Iran, Islamic Rep.",IRN,"Enrolment in primary education, both sexes (number)",SE.PRM.ENRL,5629585,5678434,5746859,7857540,7441078,7670175,8006278,8171667,..,..,..,..,..,..,..
Iraq,IRQ,"Teachers in primary education, both sexes (number)",SE.PRM.TCHR,..,..,..,..,..,..,..,..,..,..,..,..,..,..,..
Iraq,IRQ,"Teachers in secondary education, both sexes (number)",SE.SEC.TCHR,..,..,..,..,..,..,..,..,..,..,..,..,..,..,..
Iraq,IRQ,"Teachers in pre-primary education, both sexes (number)",SE.PRE.TCHR,..,..,..,..,..,..,..,..,..,..,..,..,..,..,..
Iraq,IRQ,"Adult literacy rate, population 15+ years, both sexes (%)",SE.ADT.LITR.ZS,..,..,77.2,72.7,82.2,..,83.3,85.6,..,..,..,..,..,..,..
Iraq,IRQ,"Government expenditure on pre-primary education, US$ (millions)",UIS.X.US.02.FSGOV,..,..,..,..,..,..,..,..,..,..,..,..,..,..,..
Iraq,IRQ,"Government expenditure on primary education, US$ (millions)",UIS.X.US.1.FSGOV,..,..,..,..,..,..,..,..,..,..,..,..,..,..,..
Iraq,IRQ,"Government expenditure on secondary education, US$ (millions)",UIS.X.US.2T3.FSGOV,..,..,..,..,..,..,..,..,..,..,..,..,..,..,..
Iraq,IRQ,"Enrolment in pre-primary education, both sexes (number)",SE.PRE.ENRL,..,..,..,..,..,..,..,..,..,..,..,..,..,..,..
Iraq,IRQ,"Enrolment in secondary education, both sexes (number)",SE.SEC.ENRL,..,..,..,..,..,..,..,..,..,..,..,..,..,..,..
Iraq,IRQ,"Enrolment in primary education, both sexes (number)",SE.PRM.ENRL,..,..,..,..,..,..,..,..,..,..,..,..,..,..,..
Ireland,IRL,"Teachers in primary education, both sexes (number)",SE.PRM.TCHR,32043,32848,32267,..,..,..,..,..,..,..,..,..,..,..,..
Ireland,IRL,"Teachers in secondary education, both sexes (number)",SE.SEC.TCHR,..,..,..,..,..,..,..,..,..,..,..,..,..,..,..
Ireland,IRL,"Teachers in pre-primary education, both sexes (number)",SE.PRE.TCHR,..,..,..,..,..,..,..,..,..,..,..,..,..,..,..
Ireland,IRL,"Adult literacy rate, population 15+ years, both sexes (%)",SE.ADT.LITR.ZS,..,..,..,..,..,..,..,..,..,..,..,..,..,..,..
Ireland,IRL,"Government expenditure on pre-primary education, US$ (millions)",UIS.X.US.02.FSGOV,210.2297,233.41482,240.39771,257.69984,255.70935,215.95015,..,..,..,..,..,..,..,..,..
Ireland,IRL,"Government expenditure on primary education, US$ (millions)",UIS.X.US.1.FSGOV,4741.01067,4969.04935,4786.6255,4612.85753,4596.23554,4039.19135,4171.51932,4073.38964,..,..,..,..,..,..,..
Ireland,IRL,"Government expenditure on secondary education, US$ (millions)",UIS.X.US.2T3.FSGOV,4535.49769,4732.12352,4336.4098,4260.11934,4207.3115,3647.87908,3973.52922,3636.11615,..,..,..,..,..,..,..
Ireland,IRL,"Enrolment in pre-primary education, both sexes (number)",SE.PRE.ENRL,..,..,72347,78056,78056,71098,82245,112646,122893,..,..,..,..,..,..
Ireland,IRL,"Enrolment in secondary education, both sexes (number)",SE.SEC.ENRL,336464,331047,340829,..,348116,354670,360088,392294,491761,..,..,..,..,..,..
Ireland,IRL,"Enrolment in primary education, both sexes (number)",SE.PRM.ENRL,506400,511466,518223,527768,536471,544856,553585,559151,564304,..,..,..,..,..,..
Isle of Man,IMN,"Teachers in primary education, both sexes (number)",SE.PRM.TCHR,..,..,..,..,..,..,..,..,..,..,..,..,..,..,..
Isle of Man,IMN,"Teachers in secondary education, both sexes (number)",SE.SEC.TCHR,..,..,..,..,..,..,..,..,..,..,..,..,..,..,..
Isle of Man,IMN,"Teachers in pre-primary education, both sexes (number)",SE.PRE.TCHR,..,..,..,..,..,..,..,..,..,..,..,..,..,..,..
Isle of Man,IMN,"Adult literacy rate, population 15+ years, both sexes (%)",SE.ADT.LITR.ZS,..,..,..,..,..,..,..,..,..,..,..,..,..,..,..
Isle of Man,IMN,"Government expenditure on pre-primary education, US$ (millions)",UIS.X.US.02.FSGOV,..,..,..,..,..,..,..,..,..,..,..,..,..,..,..
Isle of Man,IMN,"Government expenditure on primary education, US$ (millions)",UIS.X.US.1.FSGOV,..,..,..,..,..,..,..,..,..,..,..,..,..,..,..
Isle of Man,IMN,"Government expenditure on secondary education, US$ (millions)",UIS.X.US.2T3.FSGOV,..,..,..,..,..,..,..,..,..,..,..,..,..,..,..
Isle of Man,IMN,"Enrolment in pre-primary education, both sexes (number)",SE.PRE.ENRL,..,..,..,..,..,..,..,..,..,..,..,..,..,..,..
Isle of Man,IMN,"Enrolment in secondary education, both sexes (number)",SE.SEC.ENRL,..,..,..,..,..,..,..,..,..,..,..,..,..,..,..
Isle of Man,IMN,"Enrolment in primary education, both sexes (number)",SE.PRM.ENRL,..,..,..,..,..,..,..,..,..,..,..,..,..,..,..
Israel,ISR,"Teachers in primary education, both sexes (number)",SE.PRM.TCHR,61830,65705,..,70045.16,71134.99,73103.73,74272.94,..,77428,..,..,..,..,..,..
Israel,ISR,"Teachers in secondary education, both sexes (number)",SE.SEC.TCHR,..,..,..,..,..,..,..,..,..,..,..,..,..,..,..
Israel,ISR,"Teachers in pre-primary education, both sexes (number)",SE.PRE.TCHR,..,..,..,..,..,..,..,..,..,..,..,..,..,..,..
Israel,ISR,"Adult literacy rate, population 15+ years, both sexes (%)",SE.ADT.LITR.ZS,..,..,..,..,..,..,..,..,..,..,..,..,..,..,..
Israel,ISR,"Government expenditure on pre-primary education, US$ (millions)",UIS.X.US.02.FSGOV,1429.80362,1551.92826,1411.00967,2084.3267,2245.43555,2395.52335,2650.65051,3089.5481,..,..,..,..,..,..,..
Israel,ISR,"Government expenditure on primary education, US$ (millions)",UIS.X.US.1.FSGOV,5333.01239,6203.24144,5696.9771,6470.93985,6792.48447,6804.25368,7268.9794,8441.59775,..,..,..,..,..,..,..
Israel,ISR,"Government expenditure on secondary education, US$ (millions)",UIS.X.US.2T3.FSGOV,3322.8358,3704.44969,4455.47999,4998.9499,5246.6164,5387.41906,5750.45349,6596.36994,..,..,..,..,..,..,..
Israel,ISR,"Enrolment in pre-primary education, both sexes (number)",SE.PRE.ENRL,402536,437271,440456,499440,502406,516395,530117,534846,547982,..,..,..,..,..,..
Israel,ISR,"Enrolment in secondary education, both sexes (number)",SE.SEC.ENRL,708340,719916,733102,751930,767729,784752,808672,819462,836774,..,..,..,..,..,..
Israel,ISR,"Enrolment in primary education, both sexes (number)",SE.PRM.ENRL,807424,821481,842079,848721,861699,883706,896526,917118,936214,..,..,..,..,..,..
Italy,ITA,"Teachers in primary education, both sexes (number)",SE.PRM.TCHR,..,..,..,237735,237214,237483,254572,252806,252933,..,..,..,..,..,..
Italy,ITA,"Teachers in secondary education, both sexes (number)",SE.SEC.TCHR,..,..,..,403878,..,407866,456891,460896,460524,..,..,..,..,..,..
Italy,ITA,"Teachers in pre-primary education, both sexes (number)",SE.PRE.TCHR,..,..,..,132718,132788,131922,132880,132170,131040,..,..,..,..,..,..
Italy,ITA,"Adult literacy rate, population 15+ years, both sexes (%)",SE.ADT.LITR.ZS,..,98.84828,..,..,..,..,..,..,99.15576,..,..,..,..,..,..
Italy,ITA,"Government expenditure on pre-primary education, US$ (millions)",UIS.X.US.02.FSGOV,9256.16413,9704.55135,9279.45442,9680.52993,9805.11957,8767.83833,8336.94374,9277.16776,..,..,..,..,..,..,..
Italy,ITA,"Government expenditure on primary education, US$ (millions)",UIS.X.US.1.FSGOV,23102.30663,23324.78969,20298.89488,21647.615,21473.71629,18676.11893,17139.40036,19292.8081,..,..,..,..,..,..,..
Italy,ITA,"Government expenditure on secondary education, US$ (millions)",UIS.X.US.2T3.FSGOV,39711.29789,40062.89688,36377.77562,37889.50289,37189.72656,31966.54303,..,..,..,..,..,..,..,..,..
Italy,ITA,"Enrolment in pre-primary education, both sexes (number)",SE.PRE.ENRL,1680987,1687840,1694912,1686095,1663963,1637110,1599777,1535493,1491290,..,..,..,..,..,..
Italy,ITA,"Enrolment in secondary education, both sexes (number)",SE.SEC.ENRL,4626426,4630305,4572722,4594302,4596916,4606017,4589550,4601869,4630438,..,..,..,..,..,..
Italy,ITA,"Enrolment in primary education, both sexes (number)",SE.PRM.ENRL,2822146,2827564,2818734,2860957,2862666,2856247,2831821,2902379,2870763,..,..,..,..,..,..
Jamaica,JAM,"Teachers in primary education, both sexes (number)",SE.PRM.TCHR,..,12380,12409,12842,12055,11806,11180,11172,10036,11347,..,..,..,..,..
Jamaica,JAM,"Teachers in secondary education, both sexes (number)",SE.SEC.TCHR,18222,15486,14256,14150,13575,13099,11974,13173,12011,12957,..,..,..,..,..
Jamaica,JAM,"Teachers in pre-primary education, both sexes (number)",SE.PRE.TCHR,..,..,..,..,..,9978,9151,9826,9553,9847,..,..,..,..,..
Jamaica,JAM,"Adult literacy rate, population 15+ years, both sexes (%)",SE.ADT.LITR.ZS,..,..,..,..,88.1,..,..,..,..,..,..,..,..,..,..
Jamaica,JAM,"Government expenditure on pre-primary education, US$ (millions)",UIS.X.US.02.FSGOV,30.38899,28.18786,28.78614,31.43273,28.94226,27.01504,28.37608,27.90888,32.3555,32.51193,..,..,..,..,..
Jamaica,JAM,"Government expenditure on primary education, US$ (millions)",UIS.X.US.1.FSGOV,279.19212,293.8098,328.87078,335.8753,312.48339,278.14271,270.52108,280.47873,273.90686,285.64923,..,..,..,..,..
Jamaica,JAM,"Government expenditure on secondary education, US$ (millions)",UIS.X.US.2T3.FSGOV,281.12053,329.61398,345.75314,367.87007,269.87131,299.06761,293.66969,268.45145,302.65237,312.50473,..,..,..,..,..
Jamaica,JAM,"Enrolment in pre-primary education, both sexes (number)",SE.PRE.ENRL,..,..,..,132749,105510,114854,98282,103242,103220,108736,..,..,..,..,..
Jamaica,JAM,"Enrolment in secondary education, both sexes (number)",SE.SEC.ENRL,260371,260325,..,228935,223920,215200,216813,204080,200563,203115,..,..,..,..,..
Jamaica,JAM,"Enrolment in primary education, both sexes (number)",SE.PRM.ENRL,294285,289612,283628,278331,266201,259449,253196,246972,248836,232694,..,..,..,..,..
Japan,JPN,"Teachers in primary education, both sexes (number)",SE.PRM.TCHR,399424,401773,405144,406511,408247,410355,414683,417071,422724,..,..,..,..,..,..
Japan,JPN,"Teachers in secondary education, both sexes (number)",SE.SEC.TCHR,613851,617642,624215,..,631675,634117,638414,637889,637136,..,..,..,..,..,..
Japan,JPN,"Teachers in pre-primary education, both sexes (number)",SE.PRE.TCHR,108896,109663,110505,111935,113043,114139,104694,103777,102459,..,..,..,..,..,..
Japan,JPN,"Adult literacy rate, population 15+ years, both sexes (%)",SE.ADT.LITR.ZS,..,..,..,..,..,..,..,..,..,..,..,..,..,..,..
Japan,JPN,"Government expenditure on pre-primary education, US$ (millions)",UIS.X.US.02.FSGOV,5110.86471,5487.19855,6089.06238,6145.68533,5167.921,..,4338.91666,4935.64668,..,..,..,..,..,..,..
Japan,JPN,"Government expenditure on primary education, US$ (millions)",UIS.X.US.1.FSGOV,66465.67723,70824.94746,76118.95255,75940.25322,61241.33477,..,49117.23777,54953.51146,..,..,..,..,..,..,..
Japan,JPN,"Government expenditure on secondary education, US$ (millions)",UIS.X.US.2T3.FSGOV,70045.58984,79404.87586,86725.8795,87236.47767,69984.5419,..,58712.09613,65426.14716,..,..,..,..,..,..,..
Japan,JPN,"Enrolment in pre-primary education, both sexes (number)",SE.PRE.ENRL,2903905,2844155,2850735,2910036,2880706,2874837,2857813,2872084,2823857,..,..,..,..,..,..
Japan,JPN,"Enrolment in secondary education, both sexes (number)",SE.SEC.ENRL,7296330,7284867,7288434,7280759,7227485,7221135,7157298,7093113,6995597,..,..,..,..,..,..
Japan,JPN,"Enrolment in primary education, both sexes (number)",SE.PRM.ENRL,7098862,7029265,6923951,6801716,6714539,6638174,6581949,6531731,6504523,..,..,..,..,..,..
Jordan,JOR,"Teachers in primary education, both sexes (number)",SE.PRM.TCHR,..,..,..,..,57946,..,57162,52598,61174,70057,..,..,..,..,..
Jordan,JOR,"Teachers in secondary education, both sexes (number)",SE.SEC.TCHR,..,..,..,..,51313,..,..,66809,64416,57817,..,..,..,..,..
Jordan,JOR,"Teachers in pre-primary education, both sexes (number)",SE.PRE.TCHR,5381,6111,6504,6824,6658,6907,6816,6835,7292,8188,..,..,..,..,..
Jordan,JOR,"Adult literacy rate, population 15+ years, both sexes (%)",SE.ADT.LITR.ZS,92.55104,95.90445,97.89032,..,..,..,..,..,98.22711,..,..,..,..,..,..
Jordan,JOR,"Government expenditure on pre-primary education, US$ (millions)",UIS.X.US.02.FSGOV,..,7.98399,..,..,..,..,3.8831,3.98169,4.20423,4.4,..,..,..,..,..
Jordan,JOR,"Government expenditure on pre-primary education, US$ (millions)",UIS.X.US.02.FSGOV,..,7.98399,..,..,..,..,3.8831,3.98169,4.20423,4.4,..,..,..,..,..
Jordan,JOR,"Government expenditure on primary education, US$ (millions)",UIS.X.US.1.FSGOV,..,476.87405,..,..,..,..,640.66296,623.67154,640.12609,651.68291,..,..,..,..,..
Jordan,JOR,"Government expenditure on secondary education, US$ (millions)",UIS.X.US.2T3.FSGOV,..,505.61405,..,..,..,..,557.39901,543.33269,522.20067,560.17625,..,..,..,..,..
Jordan,JOR,"Enrolment in pre-primary education, both sexes (number)",SE.PRE.ENRL,99168,103544,110165,111771,118037,118386,115562,122176,128036,134733,..,..,..,..,..
Jordan,JOR,"Enrolment in secondary education, both sexes (number)",SE.SEC.ENRL,709712,719420,724356,731607,749134,..,..,763694,789822,832784,..,..,..,..,..
Jordan,JOR,"Enrolment in primary education, both sexes (number)",SE.PRM.ENRL,819601,834958,849390,883453,979792,..,1049674,1106611,1133982,1147202,..,..,..,..,..
Kazakhstan,KAZ,"Teachers in primary education, both sexes (number)",SE.PRM.TCHR,58957,60252,62285,64124,66578,73827,68663,65356,71641,84896,..,..,..,..,..
Kazakhstan,KAZ,"Teachers in secondary education, both sexes (number)",SE.SEC.TCHR,..,..,..,..,..,223704,252152,268245,264826,251053,..,..,..,..,..
Kazakhstan,KAZ,"Teachers in pre-primary education, both sexes (number)",SE.PRE.TCHR,..,53576,63959,75049,81639,..,..,..,..,..,..,..,..,..,..
Kazakhstan,KAZ,"Adult literacy rate, population 15+ years, both sexes (%)",SE.ADT.LITR.ZS,99.78163,..,..,..,..,..,..,..,99.78163,..,..,..,..,..,..
Kazakhstan,KAZ,"Government expenditure on pre-primary education, US$ (millions)",UIS.X.US.02.FSGOV,..,..,..,627.53264,616.72443,562.5815,483.72807,..,..,..,..,..,..,..,..
Kazakhstan,KAZ,"Government expenditure on primary education, US$ (millions)",UIS.X.US.1.FSGOV,..,..,..,..,..,..,..,32.40672,30.86128,..,..,..,..,..,..
Kazakhstan,KAZ,"Government expenditure on secondary education, US$ (millions)",UIS.X.US.2T3.FSGOV,..,..,..,4300.2162,4158.81923,3381.26775,2802.99787,..,..,..,..,..,..,..,..
Kazakhstan,KAZ,"Enrolment in pre-primary education, both sexes (number)",SE.PRE.ENRL,..,519760,617827,711009,763266,852257,880568,..,..,985721,..,..,..,..,..
Kazakhstan,KAZ,"Enrolment in secondary education, both sexes (number)",SE.SEC.ENRL,1817975,1763841,1718429,1658826,1661586,1679274,1713090,1768145,1842919,1928070,..,..,..,..,..
Kazakhstan,KAZ,"Enrolment in primary education, both sexes (number)",SE.PRM.ENRL,957919,985599,1008459,1056916,1122282,1196027,1273774,1356500,1406967,1461448,..,..,..,..,..
Kenya,KEN,"Teachers in primary education, both sexes (number)",SE.PRM.TCHR,..,..,142345,..,260197,266511,..,..,..,..,..,..,..,..,..
Kenya,KEN,"Teachers in secondary education, both sexes (number)",SE.SEC.TCHR,..,..,93171,..,185361,198752,..,..,..,..,..,..,..,..,..
Kenya,KEN,"Teachers in pre-primary education, both sexes (number)",SE.PRE.TCHR,..,..,99889,..,114831,107187,110819,..,..,..,..,..,..,..,..
Kenya,KEN,"Adult literacy rate, population 15+ years, both sexes (%)",SE.ADT.LITR.ZS,..,..,..,..,78.73304,..,..,..,81.53497,..,..,..,..,..,..
Kenya,KEN,"Government expenditure on pre-primary education, US$ (millions)",UIS.X.US.02.FSGOV,..,5.10897,18.99431,19.95751,19.44895,57.70381,..,..,..,..,..,..,..,..,..
Kenya,KEN,"Government expenditure on primary education, US$ (millions)",UIS.X.US.1.FSGOV,..,823.81649,790.20082,986.14231,1049.89339,1177.06501,..,..,..,..,..,..,..,..,..
Kenya,KEN,"Government expenditure on secondary education, US$ (millions)",UIS.X.US.2T3.FSGOV,..,908.13747,965.24353,1174.97455,1254.57913,1352.78069,..,..,..,..,..,..,..,..,..
Kenya,KEN,"Enrolment in pre-primary education, both sexes (number)",SE.PRE.ENRL,..,..,2405504,..,3019867,3167856,3199841,..,..,..,..,..,..,..,..
Kenya,KEN,"Enrolment in secondary education, both sexes (number)",SE.SEC.ENRL,..,..,..,..,..,..,..,..,..,..,..,..,..,..,..
Kenya,KEN,"Enrolment in primary education, both sexes (number)",SE.PRM.ENRL,..,..,8053125,..,8158000,8168710,8290450,..,..,..,..,..,..,..,..
Kiribati,KIR,"Teachers in primary education, both sexes (number)",SE.PRM.TCHR,..,..,..,..,614,..,656,655,..,..,..,..,..,..,..
Kiribati,KIR,"Teachers in secondary education, both sexes (number)",SE.SEC.TCHR,..,..,..,..,..,..,..,..,..,..,..,..,..,..,..
Kiribati,KIR,"Teachers in pre-primary education, both sexes (number)",SE.PRE.TCHR,..,..,..,..,..,..,..,..,..,..,..,..,..,..,..
Kiribati,KIR,"Adult literacy rate, population 15+ years, both sexes (%)",SE.ADT.LITR.ZS,..,..,..,..,..,..,..,..,..,..,..,..,..,..,..
Kiribati,KIR,"Government expenditure on pre-primary education, US$ (millions)",UIS.X.US.02.FSGOV,..,..,..,..,..,..,..,..,..,..,..,..,..,..,..
Kiribati,KIR,"Government expenditure on primary education, US$ (millions)",UIS.X.US.1.FSGOV,..,..,..,..,..,..,..,..,..,..,..,..,..,..,..
Kiribati,KIR,"Government expenditure on secondary education, US$ (millions)",UIS.X.US.2T3.FSGOV,..,..,..,..,..,..,..,..,..,..,..,..,..,..,..
Kiribati,KIR,"Enrolment in pre-primary education, both sexes (number)",SE.PRE.ENRL,..,..,..,..,..,..,..,..,..,..,..,..,..,..,..
Kiribati,KIR,"Enrolment in secondary education, both sexes (number)",SE.SEC.ENRL,..,..,..,..,..,..,..,..,..,..,..,..,..,..,..
Kiribati,KIR,"Enrolment in primary education, both sexes (number)",SE.PRM.ENRL,..,..,..,..,16192,15915,16880,16695,..,..,..,..,..,..,..
"Korea, Dem. People's Rep.",PRK,"Teachers in primary education, both sexes (number)",SE.PRM.TCHR,..,..,..,..,..,..,..,..,74274,..,..,..,..,..,..
"Korea, Dem. People's Rep.",PRK,"Teachers in secondary education, both sexes (number)",SE.SEC.TCHR,..,..,..,..,..,122971,..,..,123539,..,..,..,..,..,..
"Korea, Dem. People's Rep.",PRK,"Teachers in pre-primary education, both sexes (number)",SE.PRE.TCHR,..,..,..,..,..,..,..,..,..,..,..,..,..,..,..
"Korea, Dem. People's Rep.",PRK,"Adult literacy rate, population 15+ years, both sexes (%)",SE.ADT.LITR.ZS,..,..,..,..,..,..,..,..,..,..,..,..,..,..,..
"Korea, Dem. People's Rep.",PRK,"Government expenditure on pre-primary education, US$ (millions)",UIS.X.US.02.FSGOV,..,..,..,..,..,..,..,..,..,..,..,..,..,..,..
"Korea, Dem. People's Rep.",PRK,"Government expenditure on primary education, US$ (millions)",UIS.X.US.1.FSGOV,..,..,..,..,..,..,..,..,..,..,..,..,..,..,..
"Korea, Dem. People's Rep.",PRK,"Government expenditure on secondary education, US$ (millions)",UIS.X.US.2T3.FSGOV,..,..,..,..,..,..,..,..,..,..,..,..,..,..,..
"Korea, Dem. People's Rep.",PRK,"Enrolment in pre-primary education, both sexes (number)",SE.PRE.ENRL,..,..,..,..,..,..,..,..,..,..,..,..,..,..,..
"Korea, Dem. People's Rep.",PRK,"Enrolment in secondary education, both sexes (number)",SE.SEC.ENRL,..,..,..,..,..,2148364,..,..,..,..,..,..,..,..,..
"Korea, Dem. People's Rep.",PRK,"Enrolment in primary education, both sexes (number)",SE.PRM.ENRL,..,..,..,..,..,..,..,..,1507780,..,..,..,..,..,..
"Korea, Rep.",KOR,"Teachers in primary education, both sexes (number)",SE.PRM.TCHR,158056,164820,165536,165615,165786,164415,164354,164663,165837,..,..,..,..,..,..
"Korea, Rep.",KOR,"Teachers in secondary education, both sexes (number)",SE.SEC.TCHR,224503,239292,237375,238301,239996,235768,233461,231582,230340,..,..,..,..,..,..
"Korea, Rep.",KOR,"Teachers in pre-primary education, both sexes (number)",SE.PRE.TCHR,..,71973,..,86959,93024,95722,99346,99081,99020,..,..,..,..,..,..
"Korea, Rep.",KOR,"Adult literacy rate, population 15+ years, both sexes (%)",SE.ADT.LITR.ZS,..,..,..,..,..,..,..,..,..,..,..,..,..,..,..
"Korea, Rep.",KOR,"Government expenditure on pre-primary education, US$ (millions)",UIS.X.US.02.FSGOV,..,..,..,..,..,..,5963.30479,..,..,..,..,..,..,..,..
"Korea, Rep.",KOR,"Government expenditure on pre-primary education, US$ (millions)",UIS.X.US.02.FSGOV,..,..,..,..,..,..,5963.30479,..,..,..,..,..,..,..,..
"Korea, Rep.",KOR,"Government expenditure on primary education, US$ (millions)",UIS.X.US.1.FSGOV,..,..,..,..,..,..,20605.23199,..,..,..,..,..,..,..,..
"Korea, Rep.",KOR,"Government expenditure on secondary education, US$ (millions)",UIS.X.US.2T3.FSGOV,..,..,..,..,..,..,25141.74587,..,..,..,..,..,..,..,..
"Korea, Rep.",KOR,"Enrolment in pre-primary education, both sexes (number)",SE.PRE.ENRL,..,..,..,1275988,1267952,1278960,1316555,1291111,1260326,..,..,..,..,..,..
"Korea, Rep.",KOR,"Enrolment in secondary education, both sexes (number)",SE.SEC.ENRL,3959451,3877799,3793127,3720130,3579411,3396766,3231795,3072037,2893979,..,..,..,..,..,..
"Korea, Rep.",KOR,"Enrolment in secondary education, both sexes (number)",SE.SEC.ENRL,3959451,3877799,3793127,3720130,3579411,3396766,3231795,3072037,2893979,..,..,..,..,..,..
"Korea, Rep.",KOR,"Enrolment in primary education, both sexes (number)",SE.PRM.ENRL,3306211,3139724,2959090,2790890,2736224,2721766,2680126,2681815,2719358,..,..,..,..,..,..
Kosovo,XKX,"Teachers in primary education, both sexes (number)",SE.PRM.TCHR,..,..,..,..,..,..,..,..,..,..,..,..,..,..,..
Kosovo,XKX,"Teachers in secondary education, both sexes (number)",SE.SEC.TCHR,..,..,..,..,..,..,..,..,..,..,..,..,..,..,..
Kosovo,XKX,"Teachers in pre-primary education, both sexes (number)",SE.PRE.TCHR,..,..,..,..,..,..,..,..,..,..,..,..,..,..,..
Kosovo,XKX,"Adult literacy rate, population 15+ years, both sexes (%)",SE.ADT.LITR.ZS,..,..,..,..,..,..,..,..,..,..,..,..,..,..,..
Kosovo,XKX,"Government expenditure on pre-primary education, US$ (millions)",UIS.X.US.02.FSGOV,..,..,..,..,..,..,..,..,..,..,..,..,..,..,..
Kosovo,XKX,"Government expenditure on primary education, US$ (millions)",UIS.X.US.1.FSGOV,..,..,..,..,..,..,..,..,..,..,..,..,..,..,..
Kosovo,XKX,"Government expenditure on secondary education, US$ (millions)",UIS.X.US.2T3.FSGOV,..,..,..,..,..,..,..,..,..,..,..,..,..,..,..
Kosovo,XKX,"Enrolment in pre-primary education, both sexes (number)",SE.PRE.ENRL,..,..,..,..,..,..,..,..,..,..,..,..,..,..,..
Kosovo,XKX,"Enrolment in secondary education, both sexes (number)",SE.SEC.ENRL,..,..,..,..,..,..,..,..,..,..,..,..,..,..,..
Kosovo,XKX,"Enrolment in primary education, both sexes (number)",SE.PRM.ENRL,..,..,..,..,..,..,..,..,..,..,..,..,..,..,..
Kuwait,KWT,"Teachers in primary education, both sexes (number)",SE.PRM.TCHR,25520,25983,26775,27801,28610,29810,30635,31081,31524,33015,..,..,..,..,..
Kuwait,KWT,"Teachers in secondary education, both sexes (number)",SE.SEC.TCHR,..,..,..,..,..,39804,42121,43838,45349,46114,..,..,..,..,..
Kuwait,KWT,"Teachers in pre-primary education, both sexes (number)",SE.PRE.TCHR,6661,7069,7651,8038,8427,8756,8944,9291,9468,9408,..,..,..,..,..
Kuwait,KWT,"Adult literacy rate, population 15+ years, both sexes (%)",SE.ADT.LITR.ZS,94.46901,..,95.51317,95.58582,..,95.68545,..,96.03595,96.05647,..,..,..,..,..,..
Kuwait,KWT,"Government expenditure on pre-primary education, US$ (millions)",UIS.X.US.02.FSGOV,..,627.66887,..,..,677.79301,..,..,..,..,..,..,..,..,..,..
Kuwait,KWT,"Government expenditure on primary education, US$ (millions)",UIS.X.US.1.FSGOV,..,1503.92605,..,..,1793.57353,..,..,..,..,..,..,..,..,..,..
Kuwait,KWT,"Government expenditure on secondary education, US$ (millions)",UIS.X.US.2T3.FSGOV,..,2256.32381,..,..,2417.86472,..,..,..,..,..,..,..,..,..,..
Kuwait,KWT,"Enrolment in pre-primary education, both sexes (number)",SE.PRE.ENRL,73632,77884,82209,83044,81783,80853,81993,81135,78830,75989,..,..,..,..,..
Kuwait,KWT,"Enrolment in secondary education, both sexes (number)",SE.SEC.ENRL,263554,268827,274202,278581,283077,302047,..,..,..,..,..,..,..,..,..
Kuwait,KWT,"Enrolment in primary education, both sexes (number)",SE.PRM.ENRL,213733,223688,230280,239231,252585,264185,271285,275334,279956,276318,..,..,..,..,..
Kyrgyz Republic,KGZ,"Teachers in primary education, both sexes (number)",SE.PRM.TCHR,16089,15691,16959,17072,17175,17226,18770,20110,21154,21484,..,..,..,..,..
Kyrgyz Republic,KGZ,"Teachers in secondary education, both sexes (number)",SE.SEC.TCHR,48479,47441,52800,53305,52444,59575,66932,63240,63420,59498,..,..,..,..,..
Kyrgyz Republic,KGZ,"Teachers in pre-primary education, both sexes (number)",SE.PRE.TCHR,2895,3165,..,..,..,..,..,..,..,..,..,..,..,..,..
Kyrgyz Republic,KGZ,"Adult literacy rate, population 15+ years, both sexes (%)",SE.ADT.LITR.ZS,..,..,..,..,..,..,..,..,99.586,..,..,..,..,..,..
Kyrgyz Republic,KGZ,"Government expenditure on pre-primary education, US$ (millions)",UIS.X.US.02.FSGOV,22.58454,35.77195,45.80838,53.1916,44.05069,..,..,61.35041,..,..,..,..,..,..,..
Kyrgyz Republic,KGZ,"Government expenditure on primary education, US$ (millions)",UIS.X.US.1.FSGOV,..,..,..,..,..,..,..,..,..,..,..,..,..,..,..
Kyrgyz Republic,KGZ,"Government expenditure on secondary education, US$ (millions)",UIS.X.US.2T3.FSGOV,..,..,..,..,..,..,..,..,..,..,..,..,..,..,..
Kyrgyz Republic,KGZ,"Enrolment in pre-primary education, both sexes (number)",SE.PRE.ENRL,75955,85236,106161,122952,125908,144904,166108,221803,240098,251012,..,..,..,..,..
Kyrgyz Republic,KGZ,"Enrolment in secondary education, both sexes (number)",SE.SEC.ENRL,693521,678031,663414,650780,650516,643407,660375,660063,675200,697776,..,..,..,..,..
Kyrgyz Republic,KGZ,"Enrolment in primary education, both sexes (number)",SE.PRM.ENRL,390711,390963,405318,419064,434642,451212,469852,501011,528627,551210,..,..,..,..,..
Lao PDR,LAO,"Teachers in primary education, both sexes (number)",SE.PRM.TCHR,31782,33576,32586,34311,34619,35206,36069,36204,35199,35891,..,..,..,..,..
Lao PDR,LAO,"Teachers in secondary education, both sexes (number)",SE.SEC.TCHR,21498,24652,27686,31011,32757,34200,36260,37360,..,38576,..,..,..,..,..
Lao PDR,LAO,"Teachers in pre-primary education, both sexes (number)",SE.PRE.TCHR,4721,5895,5996,..,7816,8790,10210,11025,11945,12182,..,..,..,..,..
Lao PDR,LAO,"Adult literacy rate, population 15+ years, both sexes (%)",SE.ADT.LITR.ZS,..,58.28794,..,..,..,84.66104,..,..,..,..,..,..,..,..,..
Lao PDR,LAO,"Government expenditure on pre-primary education, US$ (millions)",UIS.X.US.02.FSGOV,8.32031,9.6111,11.41675,25.32781,25.54221,..,..,..,..,..,..,..,..,..,..
Lao PDR,LAO,"Government expenditure on primary education, US$ (millions)",UIS.X.US.1.FSGOV,56.63,53.6973,80.86412,159.64758,158.42651,..,..,..,..,..,..,..,..,..,..
Lao PDR,LAO,"Government expenditure on secondary education, US$ (millions)",UIS.X.US.2T3.FSGOV,36.43176,53.94457,63.47608,145.6676,150.45122,..,..,..,..,..,..,..,..,..,..
Lao PDR,LAO,"Enrolment in pre-primary education, both sexes (number)",SE.PRE.ENRL,89765,96761,113262,129619,149912,164497,186621,201104,217918,225176,..,..,..,..,..
Lao PDR,LAO,"Enrolment in secondary education, both sexes (number)",SE.SEC.ENRL,434717,490290,515130,549735,600747,640231,665278,677497,678129,666155,..,..,..,..,..
Lao PDR,LAO,"Enrolment in primary education, both sexes (number)",SE.PRM.ENRL,916341,900123,883938,878283,870893,850466,827987,808705,786246,770659,..,..,..,..,..
Late-demographic dividend,LTE,"Teachers in primary education, both sexes (number)",SE.PRM.TCHR,9356223.231,9308423.513,9314239.852,9334472.148,9398816.705,9420472.405,9478389.2,9590662.085,9845246.904,10130844.54,..,..,..,..,..
Late-demographic dividend,LTE,"Teachers in secondary education, both sexes (number)",SE.SEC.TCHR,11736622.55,11747590.52,11844175.81,11486422.29,11525627.41,11566420.77,11632945.17,11709714.58,11843164.65,11973717.88,..,..,..,..,..
Late-demographic dividend,LTE,"Teachers in pre-primary education, both sexes (number)",SE.PRE.TCHR,2727939.393,2980373.68,3290383.397,3364805.48,3655460.061,3921817.098,4200209.403,4486081.903,4737488.889,4928415.421,..,..,..,..,..
Late-demographic dividend,LTE,"Adult literacy rate, population 15+ years, both sexes (%)",SE.ADT.LITR.ZS,94.60775,95.12832,95.3002,95.3657,95.53117,95.67826,95.8756,96.01104,96.15606,96.34008,..,..,..,..,..
Late-demographic dividend,LTE,"Government expenditure on pre-primary education, US$ (millions)",UIS.X.US.02.FSGOV,..,..,..,..,..,..,..,..,..,..,..,..,..,..,..
Late-demographic dividend,LTE,"Government expenditure on primary education, US$ (millions)",UIS.X.US.1.FSGOV,..,..,..,..,..,..,..,..,..,..,..,..,..,..,..
Late-demographic dividend,LTE,"Government expenditure on secondary education, US$ (millions)",UIS.X.US.2T3.FSGOV,..,..,..,..,..,..,..,..,..,..,..,..,..,..,..
Late-demographic dividend,LTE,"Enrolment in pre-primary education, both sexes (number)",SE.PRE.ENRL,48891113.12,52634791.46,58059003.09,61619786.01,64649113.85,66804322.07,69812642.62,72381466.94,74932255.74,75969638.02,..,..,..,..,..
Late-demographic dividend,LTE,"Enrolment in secondary education, both sexes (number)",SE.SEC.ENRL,176077666.4,173552619.5,169965044.5,170639578,165946074.2,162589981.1,160385564.9,159647460.2,160835912.1,163079279.7,..,..,..,..,..
Late-demographic dividend,LTE,"Enrolment in primary education, both sexes (number)",SE.PRM.ENRL,163968661.9,162286122.8,161828138.2,162152354.8,159038987.2,159905032.3,162594422.6,165225149.5,167280273,171504900.6,..,..,..,..,..
Latin America & Caribbean,LCN,"Teachers in primary education, both sexes (number)",SE.PRM.TCHR,2923120.741,2934154.771,2956365.49,3017095.671,3021423.108,3018600.219,3011944.127,3026376.778,3031210.644,3082569.454,..,..,..,..,..
Latin America & Caribbean,LCN,"Teachers in secondary education, both sexes (number)",SE.SEC.TCHR,3552918.769,3621143.698,3670884.174,3739742.72,3877121.592,3884726.411,3910422.422,3888013.312,3910827.889,3912025.973,..,..,..,..,..
Latin America & Caribbean,LCN,"Teachers in pre-primary education, both sexes (number)",SE.PRE.TCHR,1016980.915,1059316.698,1102994.2,998443.8939,1015447.399,1037047.945,1047261.135,1069057.247,1086186.688,1123561.328,..,..,..,..,..
Latin America & Caribbean,LCN,"Adult literacy rate, population 15+ years, both sexes (%)",SE.ADT.LITR.ZS,91.64586,92.23796,92.46116,92.50706,92.94821,93.13275,93.59496,93.70875,93.86866,94.29451,..,..,..,..,..
Latin America & Caribbean,LCN,"Government expenditure on pre-primary education, US$ (millions)",UIS.X.US.02.FSGOV,..,..,..,..,..,..,..,..,..,..,..,..,..,..,..
Latin America & Caribbean,LCN,"Government expenditure on primary education, US$ (millions)",UIS.X.US.1.FSGOV,..,..,..,..,..,..,..,..,..,..,..,..,..,..,..
Latin America & Caribbean,LCN,"Government expenditure on secondary education, US$ (millions)",UIS.X.US.2T3.FSGOV,..,..,..,..,..,..,..,..,..,..,..,..,..,..,..
Latin America & Caribbean,LCN,"Enrolment in pre-primary education, both sexes (number)",SE.PRE.ENRL,19148102.83,19295024.12,19552528.87,20133038.27,20540967.53,20714856.07,20842396.32,21199681.65,21318021.35,21876435.85,..,..,..,..,..
Latin America & Caribbean,LCN,"Enrolment in secondary education, both sexes (number)",SE.SEC.ENRL,61302944.08,61614387.2,61688449.29,64465719.54,64336231.96,64120210.29,64428034.17,64207657.16,64138259.6,64210386.81,..,..,..,..,..
Latin America & Caribbean,LCN,"Enrolment in primary education, both sexes (number)",SE.PRM.ENRL,67227372.63,66609054.04,65827454.33,66120211.46,65383165.41,64612070.3,63978006.95,63635187.64,63348600.98,64343016.11,..,..,..,..,..
Latin America & Caribbean (excluding high income),LAC,"Teachers in primary education, both sexes (number)",SE.PRM.TCHR,2772074.743,2782263.098,2805465.734,2859088.588,2860637.632,2859300.085,2850214.317,2864037.795,2866933.598,2918323.329,..,..,..,..,..
Latin America & Caribbean (excluding high income),LAC,"Teachers in secondary education, both sexes (number)",SE.SEC.TCHR,3400459.34,3464037.956,3509146.157,3563267.809,3699041.729,3702539.823,3726826.044,3705970.863,3727632.347,3729568.405,..,..,..,..,..
Latin America & Caribbean (excluding high income),LAC,"Teachers in pre-primary education, both sexes (number)",SE.PRE.TCHR,973082.776,1017348.149,1062226.728,960197.7041,975898.3615,996540.127,1006639.592,1026312.018,1044232.539,1080888.986,..,..,..,..,..
Latin America & Caribbean (excluding high income),LAC,"Adult literacy rate, population 15+ years, both sexes (%)",SE.ADT.LITR.ZS,91.39029,92.014,92.23849,92.31038,92.76419,92.9518,93.42559,93.57028,93.72753,94.17028,..,..,..,..,..
Latin America & Caribbean (excluding high income),LAC,"Government expenditure on pre-primary education, US$ (millions)",UIS.X.US.02.FSGOV,..,..,..,..,..,..,..,..,..,..,..,..,..,..,..
Latin America & Caribbean (excluding high income),LAC,"Government expenditure on primary education, US$ (millions)",UIS.X.US.1.FSGOV,..,..,..,..,..,..,..,..,..,..,..,..,..,..,..
Latin America & Caribbean (excluding high income),LAC,"Government expenditure on secondary education, US$ (millions)",UIS.X.US.2T3.FSGOV,..,..,..,..,..,..,..,..,..,..,..,..,..,..,..
Latin America & Caribbean (excluding high income),LAC,"Enrolment in pre-primary education, both sexes (number)",SE.PRE.ENRL,18255128.75,18372313.03,18621134,19181893.71,19566687.28,19758269.14,19906563.51,20238755.84,20379847.7,20926392.55,..,..,..,..,..
Latin America & Caribbean (excluding high income),LAC,"Enrolment in secondary education, both sexes (number)",SE.SEC.ENRL,58712411.39,59060031.09,59170709.16,61809432.79,61694474.14,61475669.73,61803684.71,61611880.86,61551047.78,61636977.07,..,..,..,..,..
Latin America & Caribbean (excluding high income),LAC,"Enrolment in primary education, both sexes (number)",SE.PRM.ENRL,64350088.9,63787507.21,63035101.1,63371299.97,62655486.06,61895994.08,61284962.76,60925016.57,60626772.68,61618068.24,..,..,..,..,..
Latin America & the Caribbean (IDA & IBRD countries),TLA,"Teachers in primary education, both sexes (number)",SE.PRM.TCHR,2796848.595,2814056.253,2842202.553,2904761.243,2911322.31,2910562.976,2904755.652,2921567.807,2929906.74,2982483.09,..,..,..,..,..
Latin America & the Caribbean (IDA & IBRD countries),TLA,"Teachers in secondary education, both sexes (number)",SE.SEC.TCHR,3434719.892,3503247.261,3551885.384,3617683.156,3761716.246,3772653.143,3802060.891,3783320.516,3810631.812,3815146.028,..,..,..,..,..
Latin America & the Caribbean (IDA & IBRD countries),TLA,"Teachers in pre-primary education, both sexes (number)",SE.PRE.TCHR,990896.2608,1034215.699,1080028.205,978910.0135,994680.6794,1017093.852,1027271.988,1047700.689,1066645.195,1103081.892,..,..,..,..,..
Latin America & the Caribbean (IDA & IBRD countries),TLA,"Adult literacy rate, population 15+ years, both sexes (%)",SE.ADT.LITR.ZS,91.45825,92.06757,92.29744,92.34657,92.80142,92.9958,93.47264,93.59078,93.75613,94.19449,..,..,..,..,..
Latin America & the Caribbean (IDA & IBRD countries),TLA,"Government expenditure on pre-primary education, US$ (millions)",UIS.X.US.02.FSGOV,..,..,..,..,..,..,..,..,..,..,..,..,..,..,..
Latin America & the Caribbean (IDA & IBRD countries),TLA,"Government expenditure on primary education, US$ (millions)",UIS.X.US.1.FSGOV,..,..,..,..,..,..,..,..,..,..,..,..,..,..,..
Latin America & the Caribbean (IDA & IBRD countries),TLA,"Government expenditure on secondary education, US$ (millions)",UIS.X.US.2T3.FSGOV,..,..,..,..,..,..,..,..,..,..,..,..,..,..,..
Latin America & the Caribbean (IDA & IBRD countries),TLA,"Enrolment in pre-primary education, both sexes (number)",SE.PRE.ENRL,18645247.27,18782719.67,19076775.12,19700967.85,20089906.79,20289332.8,20415190.77,20747444.53,20897353.51,21438593.88,..,..,..,..,..
Latin America & the Caribbean (IDA & IBRD countries),TLA,"Enrolment in secondary education, both sexes (number)",SE.SEC.ENRL,60119873.43,60463107.89,60551072.86,63329214.19,63158128.45,62940287.92,63286856.94,63084528.8,63048492.43,63152781.62,..,..,..,..,..
Latin America & the Caribbean (IDA & IBRD countries),TLA,"Enrolment in primary education, both sexes (number)",SE.PRM.ENRL,65974377.9,65408871.19,64656144.27,64987051.01,64263708.3,63517970,62919324.7,62587771.11,62305207.05,63302156.67,..,..,..,..,..
Latvia,LVA,"Teachers in primary education, both sexes (number)",SE.PRM.TCHR,9566,9959,10296,10221,10338,10537,10619,10532,10622,..,..,..,..,..,..
Latvia,LVA,"Teachers in secondary education, both sexes (number)",SE.SEC.TCHR,16375,16380,15798,15242,14800,14661,14369,14189,13986,..,..,..,..,..,..
Latvia,LVA,"Teachers in pre-primary education, both sexes (number)",SE.PRE.TCHR,6332,6563,6845,5796,7252,7532,7650,7719,8723,..,..,..,..,..,..
Latvia,LVA,"Adult literacy rate, population 15+ years, both sexes (%)",SE.ADT.LITR.ZS,..,99.8959,..,..,..,..,..,..,99.88931,..,..,..,..,..,..
Latvia,LVA,"Government expenditure on pre-primary education, US$ (millions)",UIS.X.US.02.FSGOV,203.139,233.22821,318.09663,355.05592,268.1808,217.65944,222.3093,248.79478,..,..,..,..,..,..,..
Latvia,LVA,"Government expenditure on primary education, US$ (millions)",UIS.X.US.1.FSGOV,344.00503,388.29311,522.09067,634.40117,497.42816,433.14243,418.51169,407.53812,..,..,..,..,..,..,..
Latvia,LVA,"Government expenditure on secondary education, US$ (millions)",UIS.X.US.2T3.FSGOV,463.60542,487.19762,613.95402,691.71728,516.533,451.95854,436.6354,443.03742,..,..,..,..,..,..,..
Latvia,LVA,"Enrolment in pre-primary education, both sexes (number)",SE.PRE.ENRL,71057,74587,78200,79681,78732,76069,74428,75002,77391,..,..,..,..,..,..
Latvia,LVA,"Enrolment in secondary education, both sexes (number)",SE.SEC.ENRL,147375,136448,124802,126942,121580,117761,116471,117360,117326,..,..,..,..,..,..
Latvia,LVA,"Enrolment in primary education, both sexes (number)",SE.PRM.ENRL,113691,113668,113410,114089,114660,117303,120308,121506,121674,..,..,..,..,..,..
Least developed countries: UN classification,LDC,"Teachers in primary education, both sexes (number)",SE.PRM.TCHR,3116728.987,3303344.144,3470216.185,3599475.168,3739235.572,3862622.368,4015458.568,4144763.995,4248030.169,4302158.909,..,..,..,..,..
Least developed countries: UN classification,LDC,"Teachers in secondary education, both sexes (number)",SE.SEC.TCHR,1805730.617,1875403.808,1972402.179,2114639.712,2214460.366,2359850.087,2504747.146,2589345.365,2634280.02,2637834.768,..,..,..,..,..
Least developed countries: UN classification,LDC,"Teachers in pre-primary education, both sexes (number)",SE.PRE.TCHR,336769.0599,401952.8271,452650.2486,492180.5634,527919.4116,557843.6841,610229.0937,581129.9988,662682.1397,669941.5889,..,..,..,..,..
Least developed countries: UN classification,LDC,"Adult literacy rate, population 15+ years, both sexes (%)",SE.ADT.LITR.ZS,56.6508,56.76771,57.50632,58.87499,59.62564,60.87612,62.89241,63.68294,64.27588,64.8578,..,..,..,..,..
Least developed countries: UN classification,LDC,"Government expenditure on pre-primary education, US$ (millions)",UIS.X.US.02.FSGOV,..,..,..,..,..,..,..,..,..,..,..,..,..,..,..
Least developed countries: UN classification,LDC,"Government expenditure on primary education, US$ (millions)",UIS.X.US.1.FSGOV,..,..,..,..,..,..,..,..,..,..,..,..,..,..,..
Least developed countries: UN classification,LDC,"Government expenditure on secondary education, US$ (millions)",UIS.X.US.2T3.FSGOV,..,..,..,..,..,..,..,..,..,..,..,..,..,..,..
Least developed countries: UN classification,LDC,"Enrolment in pre-primary education, both sexes (number)",SE.PRE.ENRL,9778483.238,11428370.67,13137421.14,14144301.94,14752899.14,15500788.42,17065940.77,18134277.11,18300221.69,18621443.78,..,..,..,..,..
Least developed countries: UN classification,LDC,"Enrolment in secondary education, both sexes (number)",SE.SEC.ENRL,45650411.85,47955700.34,50825092.23,54011806.52,56458772.43,58548705.92,61547345.29,62647408.09,64906996.86,65850350.89,..,..,..,..,..
Least developed countries: UN classification,LDC,"Enrolment in primary education, both sexes (number)",SE.PRM.ENRL,130469819,135519853.8,139104282.7,142088227.5,145247553.2,146628013.5,149588491.6,152867649.4,156763329.9,159644460.8,..,..,..,..,..
Lebanon,LBN,"Teachers in primary education, both sexes (number)",SE.PRM.TCHR,32649,32112,31816,39149,39017,..,39967,40256,..,40600,..,..,..,..,..
Lebanon,LBN,"Teachers in secondary education, both sexes (number)",SE.SEC.TCHR,42858,42387,..,47439,47833,..,50049,..,..,..,..,..,..,..,..
Lebanon,LBN,"Teachers in pre-primary education, both sexes (number)",SE.PRE.TCHR,9735,10144,10159,12349,13188,..,14313,14521,..,14805,..,..,..,..,..
Lebanon,LBN,"Adult literacy rate, population 15+ years, both sexes (%)",SE.ADT.LITR.ZS,..,..,..,..,..,..,..,..,95.06944,..,..,..,..,..,..
Lebanon,LBN,"Government expenditure on pre-primary education, US$ (millions)",UIS.X.US.02.FSGOV,..,..,..,..,..,..,..,..,..,..,..,..,..,..,..
Lebanon,LBN,"Government expenditure on primary education, US$ (millions)",UIS.X.US.1.FSGOV,..,..,..,..,..,..,..,..,..,..,..,..,..,..,..
Lebanon,LBN,"Government expenditure on secondary education, US$ (millions)",UIS.X.US.2T3.FSGOV,..,..,139.32269,195.02488,..,..,..,..,..,..,..,..,..,..,..
Lebanon,LBN,"Enrolment in pre-primary education, both sexes (number)",SE.PRE.ENRL,154159,154168,158873,172404,208750,188334,222274,226846,220396,215647,..,..,..,..,..
Lebanon,LBN,"Enrolment in secondary education, both sexes (number)",SE.SEC.ENRL,383226,394453,384851,389354,370359,382427,384075,401031,402502,406169,..,..,..,..,..
Lebanon,LBN,"Enrolment in primary education, both sexes (number)",SE.PRM.ENRL,461719,456985,456206,471626,480923,491455,486613,502505,509280,516514,..,..,..,..,..
Lending category not classified,LNX,"Teachers in primary education, both sexes (number)",SE.PRM.TCHR,..,..,..,..,..,..,..,..,..,..,..,..,..,..,..
Lending category not classified,LNX,"Teachers in secondary education, both sexes (number)",SE.SEC.TCHR,..,..,..,..,..,..,..,..,..,..,..,..,..,..,..
Lending category not classified,LNX,"Teachers in pre-primary education, both sexes (number)",SE.PRE.TCHR,..,..,..,..,..,..,..,..,..,..,..,..,..,..,..
Lending category not classified,LNX,"Adult literacy rate, population 15+ years, both sexes (%)",SE.ADT.LITR.ZS,..,..,..,..,..,..,..,..,..,..,..,..,..,..,..
Lending category not classified,LNX,"Government expenditure on pre-primary education, US$ (millions)",UIS.X.US.02.FSGOV,..,..,..,..,..,..,..,..,..,..,..,..,..,..,..
Lending category not classified,LNX,"Government expenditure on primary education, US$ (millions)",UIS.X.US.1.FSGOV,..,..,..,..,..,..,..,..,..,..,..,..,..,..,..
Lending category not classified,LNX,"Government expenditure on secondary education, US$ (millions)",UIS.X.US.2T3.FSGOV,..,..,..,..,..,..,..,..,..,..,..,..,..,..,..
Lending category not classified,LNX,"Enrolment in pre-primary education, both sexes (number)",SE.PRE.ENRL,..,..,..,..,..,..,..,..,..,..,..,..,..,..,..
Lending category not classified,LNX,"Enrolment in secondary education, both sexes (number)",SE.SEC.ENRL,..,..,..,..,..,..,..,..,..,..,..,..,..,..,..
Lending category not classified,LNX,"Enrolment in primary education, both sexes (number)",SE.PRM.ENRL,..,..,..,..,..,..,..,..,..,..,..,..,..,..,..
Lesotho,LSO,"Teachers in primary education, both sexes (number)",SE.PRM.TCHR,11508,11378,11200,11324,11167,10930,10687,11167,..,..,..,..,..,..,..
Lesotho,LSO,"Teachers in secondary education, both sexes (number)",SE.SEC.TCHR,5139,5282,5449,5405,5575,5571,5559,5386,..,..,..,..,..,..,..
Lesotho,LSO,"Teachers in pre-primary education, both sexes (number)",SE.PRE.TCHR,2159,..,..,3048,3700,3095,2914,..,..,..,..,..,..,..,..
Lesotho,LSO,"Adult literacy rate, population 15+ years, both sexes (%)",SE.ADT.LITR.ZS,..,..,..,..,76.6352,..,..,..,..,..,..,..,..,..,..
Lesotho,LSO,"Government expenditure on pre-primary education, US$ (millions)",UIS.X.US.02.FSGOV,..,..,..,..,..,..,..,..,0.39594,..,..,..,..,..,..
Lesotho,LSO,"Government expenditure on primary education, US$ (millions)",UIS.X.US.1.FSGOV,..,..,..,..,..,..,..,..,94.01703,..,..,..,..,..,..
Lesotho,LSO,"Government expenditure on secondary education, US$ (millions)",UIS.X.US.2T3.FSGOV,..,..,..,..,..,..,..,..,50.51252,..,..,..,..,..,..
Lesotho,LSO,"Enrolment in pre-primary education, both sexes (number)",SE.PRE.ENRL,52646,60117,61013,55925,48396,53530,53793,..,..,..,..,..,..,..,..
Lesotho,LSO,"Enrolment in secondary education, both sexes (number)",SE.SEC.ENRL,125823,130831,134543,130476,130836,133434,128780,136497,..,..,..,..,..,..,..
Lesotho,LSO,"Enrolment in primary education, both sexes (number)",SE.PRM.ENRL,388681,385437,381690,369469,366048,361637,360756,367931,..,..,..,..,..,..,..
Liberia,LBR,"Teachers in primary education, both sexes (number)",SE.PRM.TCHR,..,25137,..,..,25812,22479,30434,28468,..,..,..,..,..,..,..
Liberia,LBR,"Teachers in secondary education, both sexes (number)",SE.SEC.TCHR,..,..,..,..,14974,12334,..,17512,..,..,..,..,..,..,..
Liberia,LBR,"Teachers in pre-primary education, both sexes (number)",SE.PRE.TCHR,..,..,..,..,13436,11738,14311,13658,..,..,..,..,..,..,..
Liberia,LBR,"Adult literacy rate, population 15+ years, both sexes (%)",SE.ADT.LITR.ZS,..,..,..,..,..,..,..,48.30136,..,..,..,..,..,..,..
Liberia,LBR,"Government expenditure on pre-primary education, US$ (millions)",UIS.X.US.02.FSGOV,..,..,..,..,..,10.89446,37.49437,..,19.76875,..,..,..,..,..,..
Liberia,LBR,"Government expenditure on primary education, US$ (millions)",UIS.X.US.1.FSGOV,..,..,13.09226,..,..,19.46319,67.47072,..,35.9872,..,..,..,..,..,..
Liberia,LBR,"Government expenditure on secondary education, US$ (millions)",UIS.X.US.2T3.FSGOV,..,..,14.69721,..,..,29.00412,94.55425,..,45.37409,..,..,..,..,..,..
Liberia,LBR,"Enrolment in pre-primary education, both sexes (number)",SE.PRE.ENRL,..,..,..,..,624655,625098,539250,509618,..,..,..,..,..,..,..
Liberia,LBR,"Enrolment in secondary education, both sexes (number)",SE.SEC.ENRL,..,237643,..,..,222857,226832,..,..,..,..,..,..,..,..,..
Liberia,LBR,"Enrolment in primary education, both sexes (number)",SE.PRM.ENRL,..,674534,..,..,683977,684404,655049,635478,..,..,..,..,..,..,..
Libya,LBY,"Teachers in primary education, both sexes (number)",SE.PRM.TCHR,..,..,..,..,..,..,..,..,..,..,..,..,..,..,..
Libya,LBY,"Teachers in secondary education, both sexes (number)",SE.SEC.TCHR,..,..,..,..,..,..,..,..,..,..,..,..,..,..,..
Libya,LBY,"Teachers in pre-primary education, both sexes (number)",SE.PRE.TCHR,..,..,..,..,..,..,..,..,..,..,..,..,..,..,..
Libya,LBY,"Adult literacy rate, population 15+ years, both sexes (%)",SE.ADT.LITR.ZS,..,..,..,..,..,..,..,..,..,..,..,..,..,..,..
Libya,LBY,"Government expenditure on pre-primary education, US$ (millions)",UIS.X.US.02.FSGOV,..,..,..,..,..,..,..,..,..,..,..,..,..,..,..
Libya,LBY,"Government expenditure on primary education, US$ (millions)",UIS.X.US.1.FSGOV,..,..,..,..,..,..,..,..,..,..,..,..,..,..,..
Libya,LBY,"Government expenditure on secondary education, US$ (millions)",UIS.X.US.2T3.FSGOV,..,..,..,..,..,..,..,..,..,..,..,..,..,..,..
Libya,LBY,"Enrolment in pre-primary education, both sexes (number)",SE.PRE.ENRL,..,..,..,..,..,..,..,..,..,..,..,..,..,..,..
Libya,LBY,"Enrolment in secondary education, both sexes (number)",SE.SEC.ENRL,..,..,..,..,..,..,..,..,..,..,..,..,..,..,..
Libya,LBY,"Enrolment in primary education, both sexes (number)",SE.PRM.ENRL,..,..,..,..,..,..,..,..,..,..,..,..,..,..,..
Liechtenstein,LIE,"Teachers in primary education, both sexes (number)",SE.PRM.TCHR,337,257,266,261,247.10823,252,260,257,257,..,..,..,..,..,..
Liechtenstein,LIE,"Teachers in secondary education, both sexes (number)",SE.SEC.TCHR,..,309,..,348,349,338,339,339,339,..,..,..,..,..,..
Liechtenstein,LIE,"Teachers in pre-primary education, both sexes (number)",SE.PRE.TCHR,97,67,70,83,99.56344,95,97,102,91,..,..,..,..,..,..
Liechtenstein,LIE,"Adult literacy rate, population 15+ years, both sexes (%)",SE.ADT.LITR.ZS,..,..,..,..,..,..,..,..,..,..,..,..,..,..,..
Liechtenstein,LIE,"Government expenditure on pre-primary education, US$ (millions)",UIS.X.US.02.FSGOV,9.16843,10.47477,..,..,..,..,..,..,..,..,..,..,..,..,..
Liechtenstein,LIE,"Government expenditure on primary education, US$ (millions)",UIS.X.US.1.FSGOV,61.04473,56.66195,..,..,..,..,..,..,..,..,..,..,..,..,..
Liechtenstein,LIE,"Government expenditure on secondary education, US$ (millions)",UIS.X.US.2T3.FSGOV,57.32835,69.58505,..,..,..,..,..,..,..,..,..,..,..,..,..
Liechtenstein,LIE,"Enrolment in pre-primary education, both sexes (number)",SE.PRE.ENRL,748,725,747,..,762,798,780,773,767,..,..,..,..,..,..
Liechtenstein,LIE,"Enrolment in secondary education, both sexes (number)",SE.SEC.ENRL,3274,3298,3277,..,3387,3349,3272,3240,3087,..,..,..,..,..,..
Liechtenstein,LIE,"Enrolment in primary education, both sexes (number)",SE.PRM.ENRL,2067,2014,1980,..,1929,1977,1998,2005,1999,..,..,..,..,..,..
Lithuania,LTU,"Teachers in primary education, both sexes (number)",SE.PRM.TCHR,9531,9312,8961,8642,8441,8401,8330,8425,8501,..,..,..,..,..,..
Lithuania,LTU,"Teachers in secondary education, both sexes (number)",SE.SEC.TCHR,38800,37981,36649,36330,34339,33365,32633,31075,29860,..,..,..,..,..,..
Lithuania,LTU,"Teachers in pre-primary education, both sexes (number)",SE.PRE.TCHR,12003,12008,12542,..,..,10773,11229,10727,11191,..,..,..,..,..,..
Lithuania,LTU,"Adult literacy rate, population 15+ years, both sexes (%)",SE.ADT.LITR.ZS,..,99.8156,..,..,..,..,..,..,..,..,..,..,..,..,..
Lithuania,LTU,"Government expenditure on pre-primary education, US$ (millions)",UIS.X.US.02.FSGOV,254.43943,303.83659,267.2889,..,244.97126,233.52621,270.0426,296.19224,..,..,..,..,..,..,..
Lithuania,LTU,"Government expenditure on primary education, US$ (millions)",UIS.X.US.1.FSGOV,328.85316,339.61305,311.90729,326.39276,330.58843,289.73593,325.46523,352.26622,..,..,..,..,..,..,..
Lithuania,LTU,"Government expenditure on secondary education, US$ (millions)",UIS.X.US.2T3.FSGOV,882.62918,900.69076,810.38254,823.43507,820.86291,642.04874,665.3768,688.51018,..,..,..,..,..,..,..
Lithuania,LTU,"Enrolment in pre-primary education, both sexes (number)",SE.PRE.ENRL,88254,87439,89180,93569,98780,102295,103988,103736,103419,..,..,..,..,..,..
Lithuania,LTU,"Enrolment in secondary education, both sexes (number)",SE.SEC.ENRL,342905,325215,304753,294274,277349,263242,250870,242640,232993,..,..,..,..,..,..
Lithuania,LTU,"Enrolment in primary education, both sexes (number)",SE.PRM.ENRL,122458,115581,111389,109028,108115,108038,110193,113881,116626,..,..,..,..,..,..
Low & middle income,LMY,"Teachers in primary education, both sexes (number)",SE.PRM.TCHR,23216088.83,23701151.84,23966747.35,25072634.92,25334949.9,25690478.56,25877586.29,26150942.89,26183999.35,26963612.04,..,..,..,..,..
Low & middle income,LMY,"Teachers in secondary education, both sexes (number)",SE.SEC.TCHR,24863863.48,25246723.24,25569852.62,25150676.42,25699041.95,26187838.26,26998033.35,27367881.75,27704181.27,29347278.01,..,..,..,..,..
Low & middle income,LMY,"Teachers in pre-primary education, both sexes (number)",SE.PRE.TCHR,5571782.645,6012637.905,6512957.234,6863600.743,7233742.654,6926275.286,8217839.936,8650914.98,9077185.174,9387874.793,..,..,..,..,..
Low & middle income,LMY,"Adult literacy rate, population 15+ years, both sexes (%)",SE.ADT.LITR.ZS,81.40623,81.67245,82.2067,82.45152,82.93346,83.1472,83.68802,83.97684,84.00709,84.29309,..,..,..,..,..
Low & middle income,LMY,"Government expenditure on pre-primary education, US$ (millions)",UIS.X.US.02.FSGOV,..,..,..,..,..,..,..,..,..,..,..,..,..,..,..
Low & middle income,LMY,"Government expenditure on primary education, US$ (millions)",UIS.X.US.1.FSGOV,..,..,..,..,..,..,..,..,..,..,..,..,..,..,..
Low & middle income,LMY,"Government expenditure on secondary education, US$ (millions)",UIS.X.US.2T3.FSGOV,..,..,..,..,..,..,..,..,..,..,..,..,..,..,..
Low & middle income,LMY,"Enrolment in pre-primary education, both sexes (number)",SE.PRE.ENRL,124177697.1,133363518.7,144843866.6,154031045.9,156182895.5,162599474.2,173022131.2,179707847.9,182894636.3,185594427.5,..,..,..,..,..
Low & middle income,LMY,"Enrolment in secondary education, both sexes (number)",SE.SEC.ENRL,453432059.8,463209267.2,470707129,480235767.7,487787736,490315083.5,494363713.2,496018878.7,505351960.2,510067539,..,..,..,..,..
Low & middle income,LMY,"Enrolment in primary education, both sexes (number)",SE.PRM.ENRL,620338354,625442593.8,633787080.2,640129070,638657273.5,642437219.3,658539090.5,663140434,651133491.6,659917952.9,..,..,..,..,..
Low income,LIC,"Teachers in primary education, both sexes (number)",SE.PRM.TCHR,2045046.653,2118104.497,2236998.593,2289721.185,2428945.823,2495586.34,2590028.319,2670247.053,2769813.713,2828637.322,..,..,..,..,..
Low income,LIC,"Teachers in secondary education, both sexes (number)",SE.SEC.TCHR,1287136.102,1356451.463,1414138.268,1462571.2,1490859.889,1547272.705,1593423.723,1652767.732,1694632.622,..,..,..,..,..,..
Low income,LIC,"Teachers in pre-primary education, both sexes (number)",SE.PRE.TCHR,205616.8087,219738.0177,255448.6993,279169.7692,312083.6077,342790.6608,371391.0771,320296.1191,402338.82,..,..,..,..,..,..
Low income,LIC,"Adult literacy rate, population 15+ years, both sexes (%)",SE.ADT.LITR.ZS,54.25216,56.16062,56.63294,57.62022,58.02705,58.58002,59.28539,60.10515,60.49671,60.95805,..,..,..,..,..
Low income,LIC,"Government expenditure on pre-primary education, US$ (millions)",UIS.X.US.02.FSGOV,..,..,..,..,..,..,..,..,..,..,..,..,..,..,..
Low income,LIC,"Government expenditure on primary education, US$ (millions)",UIS.X.US.1.FSGOV,..,..,..,..,..,..,..,..,..,..,..,..,..,..,..
Low income,LIC,"Government expenditure on secondary education, US$ (millions)",UIS.X.US.2T3.FSGOV,..,..,..,..,..,..,..,..,..,..,..,..,..,..,..
Low income,LIC,"Enrolment in pre-primary education, both sexes (number)",SE.PRE.ENRL,5752908.225,6132666.335,7456682.685,8118936.747,8723206.179,9491149.167,9911746.644,10392752.08,10705140.09,10995866.29,..,..,..,..,..
Low income,LIC,"Enrolment in secondary education, both sexes (number)",SE.SEC.ENRL,28437282.16,30039449.28,31587464.25,32009424.55,32682668.81,33502498.89,34429086.43,35375121.14,36331867.52,..,..,..,..,..,..
Low income,LIC,"Enrolment in primary education, both sexes (number)",SE.PRM.ENRL,84203446.27,86887543.76,90319485.64,92506272.07,96662345.94,97677012.89,100239349.5,102698960,105476093.1,107774923.5,..,..,..,..,..
Lower middle income,LMC,"Teachers in primary education, both sexes (number)",SE.PRM.TCHR,8678448.218,9127925.733,9249740.505,10010968.9,10167206.04,10262625.61,10141200.9,10500690.87,10309644.67,10667754.64,..,..,..,..,..
Lower middle income,LMC,"Teachers in secondary education, both sexes (number)",SE.SEC.TCHR,8713384.114,9213476.538,9469306.19,9061329.523,9342326.211,9529480.608,10127132.04,10391562.87,10461568.47,11935917.22,..,..,..,..,..
Lower middle income,LMC,"Teachers in pre-primary education, both sexes (number)",SE.PRE.TCHR,2144568.852,2318460.048,2480796.722,2657136.247,2635156.126,2011103.842,2999259.823,3202877.275,3301251.326,3392277.925,..,..,..,..,..
Lower middle income,LMC,"Adult literacy rate, population 15+ years, both sexes (%)",SE.ADT.LITR.ZS,70.50018,70.71012,71.58627,72.10707,72.86358,73.63827,74.35329,75.00414,75.43163,75.96757,..,..,..,..,..
Lower middle income,LMC,"Government expenditure on pre-primary education, US$ (millions)",UIS.X.US.02.FSGOV,..,..,..,..,..,..,..,..,..,..,..,..,..,..,..
Lower middle income,LMC,"Government expenditure on primary education, US$ (millions)",UIS.X.US.1.FSGOV,..,..,..,..,..,..,..,..,..,..,..,..,..,..,..
Lower middle income,LMC,"Government expenditure on secondary education, US$ (millions)",UIS.X.US.2T3.FSGOV,..,..,..,..,..,..,..,..,..,..,..,..,..,..,..
Lower middle income,LMC,"Enrolment in pre-primary education, both sexes (number)",SE.PRE.ENRL,59881889.94,64867303.27,69256589.96,73792362.72,72037574.02,75112902.63,82098478.99,85774254.2,86166718.64,87165468.69,..,..,..,..,..
Lower middle income,LMC,"Enrolment in secondary education, both sexes (number)",SE.SEC.ENRL,202613943.1,211302941.3,219372768.8,224256381.5,233897944.1,236918144.7,241962559.8,242265682.3,249260759.5,250855968.8,..,..,..,..,..
Lower middle income,LMC,"Enrolment in primary education, both sexes (number)",SE.PRM.ENRL,301932306.5,305859336.9,311510072,314980930.6,313687632.7,315605155.2,326961706.2,326954690.9,309877591.7,311856808.4,..,..,..,..,..
Luxembourg,LUX,"Teachers in primary education, both sexes (number)",SE.PRM.TCHR,3786,3903,4228,4330,4338,4247,4411,..,4718,..,..,..,..,..,..
Luxembourg,LUX,"Teachers in secondary education, both sexes (number)",SE.SEC.TCHR,5007,5008,5613,5815,5140,4977.73,5405,..,5485,..,..,..,..,..,..
Luxembourg,LUX,"Teachers in pre-primary education, both sexes (number)",SE.PRE.TCHR,1410,1517,1588,1690,1624,1842,1691,..,1707,..,..,..,..,..,..
Luxembourg,LUX,"Adult literacy rate, population 15+ years, both sexes (%)",SE.ADT.LITR.ZS,..,..,..,..,..,..,..,..,..,..,..,..,..,..,..
Luxembourg,LUX,"Government expenditure on pre-primary education, US$ (millions)",UIS.X.US.02.FSGOV,393.18451,437.9205,359.93205,362.71957,378.21807,328.93179,..,307.43151,..,..,..,..,..,..,..
Luxembourg,LUX,"Government expenditure on primary education, US$ (millions)",UIS.X.US.1.FSGOV,896.01677,997.72096,790.63758,786.99377,817.05582,714.92984,..,672.60326,..,..,..,..,..,..,..
Luxembourg,LUX,"Government expenditure on secondary education, US$ (millions)",UIS.X.US.2T3.FSGOV,888.23755,885.05052,1023.13591,1020.337,1117.63054,921.08325,..,1014.4537,..,..,..,..,..,..,..
Luxembourg,LUX,"Enrolment in pre-primary education, both sexes (number)",SE.PRE.ENRL,15431,15525,16155,16488,16685,16751,17064,17176,17584,..,..,..,..,..,..
Luxembourg,LUX,"Enrolment in secondary education, both sexes (number)",SE.SEC.ENRL,42536,43177,44237,46256,46872,47027,47715,48211,48749,..,..,..,..,..,..
Luxembourg,LUX,"Enrolment in primary education, both sexes (number)",SE.PRM.ENRL,35187,35099,35397,35250,35435,35920,36626,37452,38173,..,..,..,..,..,..
"Macao SAR, China",MAC,"Teachers in primary education, both sexes (number)",SE.PRM.TCHR,1577,1602,1606,1622,1669,1722,1908,2105,2235,2402,..,..,..,..,..
"Macao SAR, China",MAC,"Teachers in secondary education, both sexes (number)",SE.SEC.TCHR,2355,2523,2480,2587,2626,2629,2696,2710,2727,2684,..,..,..,..,..
"Macao SAR, China",MAC,"Teachers in pre-primary education, both sexes (number)",SE.PRE.TCHR,570,648,706,765,835,916,1038,1212,1297,1320,..,..,..,..,..
"Macao SAR, China",MAC,"Adult literacy rate, population 15+ years, both sexes (%)",SE.ADT.LITR.ZS,..,95.64004,..,..,..,..,96.53849,..,..,..,..,..,..,..,..
"Macao SAR, China",MAC,"Government expenditure on pre-primary education, US$ (millions)",UIS.X.US.02.FSGOV,..,..,..,..,..,..,..,..,..,..,..,..,..,..,..
"Macao SAR, China",MAC,"Government expenditure on primary education, US$ (millions)",UIS.X.US.1.FSGOV,..,..,..,..,..,..,..,..,..,..,..,..,..,..,..
"Macao SAR, China",MAC,"Government expenditure on secondary education, US$ (millions)",UIS.X.US.2T3.FSGOV,..,..,..,..,..,..,..,..,..,..,..,..,..,..,..
"Macao SAR, China",MAC,"Enrolment in pre-primary education, both sexes (number)",SE.PRE.ENRL,9776,10804,11787,12669,13395,14552,16789,17757,18802,18626,..,..,..,..,..
"Macao SAR, China",MAC,"Enrolment in secondary education, both sexes (number)",SE.SEC.ENRL,38222,37224,35726,33921,32054,30088,28745,27473,26608,26022,..,..,..,..,..
"Macao SAR, China",MAC,"Enrolment in primary education, both sexes (number)",SE.PRM.ENRL,25326,23785,22646,22231,22862,24252,26436,28438,30169,32530,..,..,..,..,..
Madagascar,MDG,"Teachers in primary education, both sexes (number)",SE.PRM.TCHR,105673,99551,102229,112734,110528,115640,116577,120351,122097,126649,..,..,..,..,..
Madagascar,MDG,"Teachers in secondary education, both sexes (number)",SE.SEC.TCHR,..,..,50842,..,64622,..,..,76549,80227,..,..,..,..,..,..
Madagascar,MDG,"Teachers in pre-primary education, both sexes (number)",SE.PRE.TCHR,7075,..,..,9294,13985,15335,26005,36091,39512,40521,..,..,..,..,..
Madagascar,MDG,"Adult literacy rate, population 15+ years, both sexes (%)",SE.ADT.LITR.ZS,..,..,71.57262,..,..,..,..,..,74.80432,..,..,..,..,..,..
Madagascar,MDG,"Government expenditure on pre-primary education, US$ (millions)",UIS.X.US.02.FSGOV,..,0.77329,0.56584,..,..,..,..,..,..,..,..,..,..,..,..
Madagascar,MDG,"Government expenditure on primary education, US$ (millions)",UIS.X.US.1.FSGOV,..,129.49076,128.33543,..,..,..,..,..,..,..,..,..,..,..,..
Madagascar,MDG,"Government expenditure on secondary education, US$ (millions)",UIS.X.US.2T3.FSGOV,..,61.38755,52.4295,..,..,..,..,..,..,..,..,..,..,..,..
Madagascar,MDG,"Enrolment in pre-primary education, both sexes (number)",SE.PRE.ENRL,163731,..,..,248750,285353,378379,608384,815246,874378,901960,..,..,..,..,..
Madagascar,MDG,"Enrolment in secondary education, both sexes (number)",SE.SEC.ENRL,..,1313804,1405063,..,1493830,1536209,1561307,1534273,1548208,1494520,..,..,..,..,..
Madagascar,MDG,"Enrolment in primary education, both sexes (number)",SE.PRM.ENRL,4241916,4305069,4402722,4483030,4610722,4763524,4733726,..,4860888,4648600,..,..,..,..,..
Malawi,MWI,"Teachers in primary education, both sexes (number)",SE.PRM.TCHR,43110,46852,49775,57148,56336,60488,..,..,75697,83431,..,..,..,..,..
Malawi,MWI,"Teachers in secondary education, both sexes (number)",SE.SEC.TCHR,16011,17479,18336,20470,23468,25372,..,..,14396,14528,..,..,..,..,..
Malawi,MWI,"Teachers in pre-primary education, both sexes (number)",SE.PRE.TCHR,..,..,..,..,..,32361,..,..,..,..,..,..,..,..,..
Malawi,MWI,"Adult literacy rate, population 15+ years, both sexes (%)",SE.ADT.LITR.ZS,61.30972,..,..,..,65.14537,62.14354,..,..,..,..,..,..,..,..,..
Malawi,MWI,"Government expenditure on pre-primary education, US$ (millions)",UIS.X.US.02.FSGOV,0.05343,0.73886,..,0.09519,0,0,0,..,..,..,..,..,..,..,..
Malawi,MWI,"Government expenditure on primary education, US$ (millions)",UIS.X.US.1.FSGOV,76.17868,100.11485,..,119.94789,132.15913,149.08418,132.9183,..,..,..,..,..,..,..,..
Malawi,MWI,"Government expenditure on secondary education, US$ (millions)",UIS.X.US.2T3.FSGOV,52.79439,87.8653,..,79.7837,65.88033,94.30455,87.02597,..,..,..,..,..,..,..,..
Malawi,MWI,"Enrolment in pre-primary education, both sexes (number)",SE.PRE.ENRL,..,..,..,..,..,1360619,..,..,..,..,..,..,..,..,..
Malawi,MWI,"Enrolment in secondary education, both sexes (number)",SE.SEC.ENRL,692157,736364,761366,853210,920209,961589,951555,998940,1040975,989847,..,..,..,..,..
Malawi,MWI,"Enrolment in primary education, both sexes (number)",SE.PRM.ENRL,3417404,3564199,3687625,3951611,4096614,4204502,4280527,4433977,4441839,4593328,..,..,..,..,..
Malaysia,MYS,"Teachers in primary education, both sexes (number)",SE.PRM.TCHR,256615,262707,270069,274348,278496,269757,267060,264648,239725,235289,..,..,..,..,..
Malaysia,MYS,"Teachers in secondary education, both sexes (number)",SE.SEC.TCHR,190581,193506,198044,207454,..,..,208866,223594,227412,228634,..,..,..,..,..
Malaysia,MYS,"Teachers in pre-primary education, both sexes (number)",SE.PRE.TCHR,45192,38670,42719,45674,49947,56340,57279,64514,55193,61852,..,..,..,..,..
Malaysia,MYS,"Adult literacy rate, population 15+ years, both sexes (%)",SE.ADT.LITR.ZS,93.11789,..,..,..,..,..,94.88058,95.08265,94.85441,..,..,..,..,..,..
Malaysia,MYS,"Government expenditure on pre-primary education, US$ (millions)",UIS.X.US.02.FSGOV,148.96963,287.28095,627.60093,553.29456,590.38216,457.98153,486.27985,477.28305,515.28582,489.82287,..,..,..,..,..
Malaysia,MYS,"Government expenditure on primary education, US$ (millions)",UIS.X.US.1.FSGOV,3620.05219,5026.13578,6061.38047,5696.52828,5682.62127,4896.86825,4836.75119,5036.26376,5469.18353,5536.92973,..,..,..,..,..
Malaysia,MYS,"Government expenditure on secondary education, US$ (millions)",UIS.X.US.2T3.FSGOV,4270.31694,5246.43706,6218.68236,6062.15754,..,..,5643.98486,6273.98422,6647.6889,5704.20046,..,..,..,..,..
Malaysia,MYS,"Enrolment in pre-primary education, both sexes (number)",SE.PRE.ENRL,805474,..,833121,866710,894079,934418,943022,988393,999557,1003871,..,..,..,..,..
Malaysia,MYS,"Enrolment in secondary education, both sexes (number)",SE.SEC.ENRL,2615717,2627704,2757435,2754185,2846473,2801439,2759653,2744639,2592970,2602216,..,..,..,..,..
Malaysia,MYS,"Enrolment in primary education, both sexes (number)",SE.PRM.ENRL,3233645,3237724,3241803,3245882,3178364,3107870,3101007,3084630,..,..,..,..,..,..,..
Maldives,MDV,"Teachers in primary education, both sexes (number)",SE.PRM.TCHR,3602,3275,3405,3411,3292,4075,4252,4460,4582,5084,..,..,..,..,..
Maldives,MDV,"Teachers in secondary education, both sexes (number)",SE.SEC.TCHR,..,..,..,..,..,..,..,..,3665,3932,..,..,..,..,..
Maldives,MDV,"Teachers in pre-primary education, both sexes (number)",SE.PRE.TCHR,923,715,869,1164,1373,1391,1395,1352,1339,1408,..,..,..,..,..
Maldives,MDV,"Adult literacy rate, population 15+ years, both sexes (%)",SE.ADT.LITR.ZS,..,..,..,..,98.61012,..,97.73495,..,..,..,..,..,..,..,..
Maldives,MDV,"Government expenditure on pre-primary education, US$ (millions)",UIS.X.US.02.FSGOV,13.49574,12.72396,13.0394,14.61308,15.20521,21.20012,19.46377,..,..,24.88939,..,..,..,..,..
Maldives,MDV,"Government expenditure on primary education, US$ (millions)",UIS.X.US.1.FSGOV,45.30714,42.71616,43.77512,49.0582,51.04606,71.17185,65.34266,..,..,83.55723,..,..,..,..,..
Maldives,MDV,"Government expenditure on secondary education, US$ (millions)",UIS.X.US.2T3.FSGOV,26.68313,25.03037,25.85636,29.39647,30.65947,43.61344,38.78824,..,..,49.41848,..,..,..,..,..
Maldives,MDV,"Enrolment in pre-primary education, both sexes (number)",SE.PRE.ENRL,17692,17885,22049,22481,22823,23412,22263,21000,20411,19596,..,..,..,..,..
Maldives,MDV,"Enrolment in secondary education, both sexes (number)",SE.SEC.ENRL,..,..,..,..,..,..,..,..,22765,21293,..,..,..,..,..
Maldives,MDV,"Enrolment in primary education, both sexes (number)",SE.PRM.ENRL,42146,40201,38849,38183,39570,42137,43781,45326,47236,49373,..,..,..,..,..
Mali,MLI,"Teachers in primary education, both sexes (number)",SE.PRM.TCHR,40052,43629,..,50095,51363,52148,60288,66418,65485,..,..,..,..,..,..
Mali,MLI,"Teachers in secondary education, both sexes (number)",SE.SEC.TCHR,..,33220,..,45778,50882,49262,52033,58364,..,..,..,..,..,..,..
Mali,MLI,"Teachers in pre-primary education, both sexes (number)",SE.PRE.TCHR,1718,1618,..,4050,4658,4552,5660,6221,6677,..,..,..,..,..,..
Mali,MLI,"Adult literacy rate, population 15+ years, both sexes (%)",SE.ADT.LITR.ZS,31.09975,30.61867,..,..,..,33.06889,..,..,35.47377,..,..,..,..,..,..
Mali,MLI,"Government expenditure on pre-primary education, US$ (millions)",UIS.X.US.02.FSGOV,0.73918,1.43876,1.48494,1.38306,1.22495,1.57695,1.39141,2.04836,..,..,..,..,..,..,..
Mali,MLI,"Government expenditure on primary education, US$ (millions)",UIS.X.US.1.FSGOV,90.36125,187.67471,165.872,171.63359,226.33002,224.83946,171.79946,260.12515,..,..,..,..,..,..,..
Mali,MLI,"Government expenditure on secondary education, US$ (millions)",UIS.X.US.2T3.FSGOV,192.20077,185.28609,172.80736,174.80482,178.80548,164.4348,162.33545,215.46794,..,..,..,..,..,..,..
Mali,MLI,"Enrolment in pre-primary education, both sexes (number)",SE.PRE.ENRL,64409,71216,..,83194,91607,96627,106544,126495,131114,..,..,..,..,..,..
Mali,MLI,"Enrolment in secondary education, both sexes (number)",SE.SEC.ENRL,758285,821160,..,882380,961046,945484,1013780,1017415,1046493,..,..,..,..,..,..
Mali,MLI,"Enrolment in primary education, both sexes (number)",SE.PRM.ENRL,2018551,2114844,2113857,2068714,2181617,2227082,2356420,2538502,2477081,..,..,..,..,..,..
Malta,MLT,"Teachers in primary education, both sexes (number)",SE.PRM.TCHR,1748,1909,2058,1701.8,1798.831,1824.75,1932.7,1993.615,..,..,..,..,..,..,..
Malta,MLT,"Teachers in secondary education, both sexes (number)",SE.SEC.TCHR,..,3876,3728,3826,3841,3775.6591,3991,4324.8,..,..,..,..,..,..,..
Malta,MLT,"Teachers in pre-primary education, both sexes (number)",SE.PRE.TCHR,601,704,720,682.5,675.5,731.5,783.5,782.5,..,..,..,..,..,..,..
Malta,MLT,"Adult literacy rate, population 15+ years, both sexes (%)",SE.ADT.LITR.ZS,..,93.30736,..,..,..,..,..,..,94.50319,..,..,..,..,..,..
Malta,MLT,"Government expenditure on pre-primary education, US$ (millions)",UIS.X.US.02.FSGOV,41.67322,39.34064,42.41323,44.67363,58.75554,54.06475,42.75645,44.74944,..,..,..,..,..,..,..
Malta,MLT,"Government expenditure on primary education, US$ (millions)",UIS.X.US.1.FSGOV,122.25522,109.69824,136.45748,161.86317,171.14747,135.26668,109.98566,121.11414,..,..,..,..,..,..,..
Malta,MLT,"Government expenditure on secondary education, US$ (millions)",UIS.X.US.2T3.FSGOV,258.15042,479.0908,279.58919,286.67048,268.56326,209.20741,242.13585,244.78015,..,..,..,..,..,..,..
Malta,MLT,"Enrolment in pre-primary education, both sexes (number)",SE.PRE.ENRL,8515,8750,9127,8901,8910,9217,9451,9224,9426,..,..,..,..,..,..
Malta,MLT,"Enrolment in secondary education, both sexes (number)",SE.SEC.ENRL,37163,32227,31768,30989,30230,29434,28776,30760,30925,..,..,..,..,..,..
Malta,MLT,"Enrolment in primary education, both sexes (number)",SE.PRM.ENRL,24985,24075,23567,23655,24072,24624,25177,25796,26532,..,..,..,..,..,..
Marshall Islands,MHL,"Teachers in primary education, both sexes (number)",SE.PRM.TCHR,..,..,..,..,..,..,..,..,..,..,..,..,..,..,..
Marshall Islands,MHL,"Teachers in secondary education, both sexes (number)",SE.SEC.TCHR,..,..,..,..,..,..,..,..,..,..,..,..,..,..,..
Marshall Islands,MHL,"Teachers in pre-primary education, both sexes (number)",SE.PRE.TCHR,..,..,..,..,..,..,..,..,..,..,..,..,..,..,..
Marshall Islands,MHL,"Adult literacy rate, population 15+ years, both sexes (%)",SE.ADT.LITR.ZS,..,98.26508,..,..,..,..,..,..,..,..,..,..,..,..,..
Marshall Islands,MHL,"Government expenditure on pre-primary education, US$ (millions)",UIS.X.US.02.FSGOV,..,..,..,..,..,..,..,..,..,1.57977,..,..,..,..,..
Marshall Islands,MHL,"Government expenditure on primary education, US$ (millions)",UIS.X.US.1.FSGOV,..,..,..,..,..,..,..,..,..,11.86492,..,..,..,..,..
Marshall Islands,MHL,"Government expenditure on secondary education, US$ (millions)",UIS.X.US.2T3.FSGOV,..,..,..,..,..,..,..,..,..,4.69646,..,..,..,..,..
Marshall Islands,MHL,"Enrolment in pre-primary education, both sexes (number)",SE.PRE.ENRL,..,1448,..,..,..,1205,1162,..,..,1262,..,..,..,..,..
Marshall Islands,MHL,"Enrolment in secondary education, both sexes (number)",SE.SEC.ENRL,..,..,..,..,..,5454,5500,..,..,5764,..,..,..,..,..
Marshall Islands,MHL,"Enrolment in primary education, both sexes (number)",SE.PRM.ENRL,..,8546,..,..,..,8236,7941,..,..,7234,..,..,..,..,..
Mauritania,MRT,"Teachers in primary education, both sexes (number)",SE.PRM.TCHR,14303,13640,13795,16082,17227,17669,16536,16964,19116,16630,..,..,..,..,..
Mauritania,MRT,"Teachers in secondary education, both sexes (number)",SE.SEC.TCHR,..,..,..,..,5408,5591,7582,8612,9136,9029,..,..,..,..,..
Mauritania,MRT,"Teachers in pre-primary education, both sexes (number)",SE.PRE.TCHR,..,..,..,..,..,1883,..,..,..,..,..,..,..,..,..
Mauritania,MRT,"Adult literacy rate, population 15+ years, both sexes (%)",SE.ADT.LITR.ZS,..,..,..,..,..,..,..,53.49759,..,..,..,..,..,..,..
Mauritania,MRT,"Government expenditure on pre-primary education, US$ (millions)",UIS.X.US.02.FSGOV,0.84453,0,0,0,..,..,0.62198,..,..,2.41563,..,..,..,..,..
Mauritania,MRT,"Government expenditure on primary education, US$ (millions)",UIS.X.US.1.FSGOV,74.33652,71.07336,68.63327,71.5822,..,72.54205,69.54136,..,..,70.45016,..,..,..,..,..
Mauritania,MRT,"Government expenditure on secondary education, US$ (millions)",UIS.X.US.2T3.FSGOV,36.27843,33.28496,41.60164,38.65787,..,40.00662,32.17459,..,..,38.00908,..,..,..,..,..
Mauritania,MRT,"Enrolment in pre-primary education, both sexes (number)",SE.PRE.ENRL,..,..,..,..,..,36182,..,..,..,..,..,..,..,..,..
Mauritania,MRT,"Enrolment in secondary education, both sexes (number)",SE.SEC.ENRL,110206,124421,151531,171265,178968,187560,199920,204156,236775,259873,..,..,..,..,..
Mauritania,MRT,"Enrolment in primary education, both sexes (number)",SE.PRM.ENRL,531383,535976,553584,568953,592249,632761,601364,616647,655261,677458,..,..,..,..,..
Mauritius,MUS,"Teachers in primary education, both sexes (number)",SE.PRM.TCHR,5472,5701,5427,5512,5629,5400,5468,5184,5534,5639,..,..,..,..,..
Mauritius,MUS,"Teachers in secondary education, both sexes (number)",SE.SEC.TCHR,8323,8507,8643,9845,10026,10020,..,9901,11141,10038,..,..,..,..,..
Mauritius,MUS,"Teachers in pre-primary education, both sexes (number)",SE.PRE.TCHR,2538,2550,2541,2288,2251,2128,2256,2219,2115,2134,..,..,..,..,..
Mauritius,MUS,"Adult literacy rate, population 15+ years, both sexes (%)",SE.ADT.LITR.ZS,..,89.24984,91.76601,91.49003,92.47476,92.7076,93.15784,..,91.32539,..,..,..,..,..,..
Mauritius,MUS,"Government expenditure on pre-primary education, US$ (millions)",UIS.X.US.02.FSGOV,4.90833,5.47969,6.30616,7.39706,..,6.73195,7.21973,7.30124,7.94051,8.51938,..,..,..,..,..
Mauritius,MUS,"Government expenditure on primary education, US$ (millions)",UIS.X.US.1.FSGOV,95.78878,104.02355,105.35441,120.48311,142.79463,117.81485,126.88302,141.64971,146.32527,151.92253,..,..,..,..,..
Mauritius,MUS,"Government expenditure on secondary education, US$ (millions)",UIS.X.US.2T3.FSGOV,187.03954,186.97485,214.40266,238.93373,387.96144,366.47488,373.55199,387.61012,402.08344,416.24723,..,..,..,..,..
Mauritius,MUS,"Enrolment in pre-primary education, both sexes (number)",SE.PRE.ENRL,36717,35591,33518,31419,30142,29832,28866,27276,26183,25479,..,..,..,..,..
Mauritius,MUS,"Enrolment in secondary education, both sexes (number)",SE.SEC.ENRL,127002,126864,127123,129179,133001,129008,128761,125270,122424,122055,..,..,..,..,..
Mauritius,MUS,"Enrolment in primary education, both sexes (number)",SE.PRM.ENRL,117432,116068,113634,109097,105447,101633,97300,92989,89642,85730,..,..,..,..,..
Mayotte,MYT,"Teachers in primary education, both sexes (number)",SE.PRM.TCHR,..,..,..,..,..,..,..,..,..,..,..,..,..,..,..
Mayotte,MYT,"Teachers in secondary education, both sexes (number)",SE.SEC.TCHR,..,..,..,..,..,..,..,..,..,..,..,..,..,..,..
Mayotte,MYT,"Teachers in pre-primary education, both sexes (number)",SE.PRE.TCHR,..,..,..,..,..,..,..,..,..,..,..,..,..,..,..
Mayotte,MYT,"Adult literacy rate, population 15+ years, both sexes (%)",SE.ADT.LITR.ZS,..,..,..,..,..,..,..,..,..,..,..,..,..,..,..
Mayotte,MYT,"Government expenditure on pre-primary education, US$ (millions)",UIS.X.US.02.FSGOV,..,..,..,..,..,..,..,..,..,..,..,..,..,..,..
Mayotte,MYT,"Government expenditure on primary education, US$ (millions)",UIS.X.US.1.FSGOV,..,..,..,..,..,..,..,..,..,..,..,..,..,..,..
Mayotte,MYT,"Government expenditure on secondary education, US$ (millions)",UIS.X.US.2T3.FSGOV,..,..,..,..,..,..,..,..,..,..,..,..,..,..,..
Mayotte,MYT,"Enrolment in pre-primary education, both sexes (number)",SE.PRE.ENRL,..,..,..,..,..,..,..,..,..,..,..,..,..,..,..
Mayotte,MYT,"Enrolment in secondary education, both sexes (number)",SE.SEC.ENRL,..,..,..,..,..,..,..,..,..,..,..,..,..,..,..
Mayotte,MYT,"Enrolment in primary education, both sexes (number)",SE.PRM.ENRL,..,..,..,..,..,..,..,..,..,..,..,..,..,..,..
Mexico,MEX,"Teachers in primary education, both sexes (number)",SE.PRM.TCHR,529599,531256,533866,575337,573238,574276,574210,573284,571520,..,..,..,..,..,..
Mexico,MEX,"Teachers in secondary education, both sexes (number)",SE.SEC.TCHR,652140,669583,684249,683411,782545,813747,830578,827017,833944,..,..,..,..,..,..
Mexico,MEX,"Teachers in pre-primary education, both sexes (number)",SE.PRE.TCHR,182054,184550,186752,226063,227356,229587,230781,234635,238153,..,..,..,..,..,..
Mexico,MEX,"Adult literacy rate, population 15+ years, both sexes (%)",SE.ADT.LITR.ZS,93.06894,93.51998,94.2284,93.96285,94.55588,94.47228,94.85962,94.97278,95.37991,..,..,..,..,..,..
Mexico,MEX,"Government expenditure on pre-primary education, US$ (millions)",UIS.X.US.02.FSGOV,5566.55482,6254.20935,..,..,..,..,..,..,..,..,..,..,..,..,..
Mexico,MEX,"Government expenditure on primary education, US$ (millions)",UIS.X.US.1.FSGOV,19637.93444,21397.90627,21244.68488,22595.66634,22653.21586,19898.06716,17173.49203,17262.03331,..,..,..,..,..,..,..
Mexico,MEX,"Government expenditure on secondary education, US$ (millions)",UIS.X.US.2T3.FSGOV,16510.80341,18480.64691,19226.7277,21068.9689,22116.97906,19800.21056,17434.16732,17423.01555,..,..,..,..,..,..,..
Mexico,MEX,"Enrolment in pre-primary education, both sexes (number)",SE.PRE.ENRL,4619209,4652294,4716545,4772612,4797728,4814886,4822677,4942523,4899899,..,..,..,..,..,..
Mexico,MEX,"Enrolment in secondary education, both sexes (number)",SE.SEC.ENRL,11681530,11836424,12139246,12467278,12993322,13473206,13725467,14034552,14160635,..,..,..,..,..,..
Mexico,MEX,"Enrolment in primary education, both sexes (number)",SE.PRM.ENRL,14906476,14934663,14956982,14837204,14627368,14397928,14297027,14182288,14061377,..,..,..,..,..,..
"Micronesia, Fed. Sts.",FSM,"Teachers in primary education, both sexes (number)",SE.PRM.TCHR,..,..,..,..,..,698,612,..,..,612,..,..,..,..,..
"Micronesia, Fed. Sts.",FSM,"Teachers in secondary education, both sexes (number)",SE.SEC.TCHR,..,..,..,..,..,..,..,..,..,..,..,..,..,..,..
"Micronesia, Fed. Sts.",FSM,"Teachers in pre-primary education, both sexes (number)",SE.PRE.TCHR,..,..,..,..,..,..,144,..,..,..,..,..,..,..,..
"Micronesia, Fed. Sts.",FSM,"Adult literacy rate, population 15+ years, both sexes (%)",SE.ADT.LITR.ZS,..,..,..,..,..,..,..,..,..,..,..,..,..,..,..
"Micronesia, Fed. Sts.",FSM,"Government expenditure on pre-primary education, US$ (millions)",UIS.X.US.02.FSGOV,..,..,..,..,..,..,..,..,..,..,..,..,..,..,..
"Micronesia, Fed. Sts.",FSM,"Government expenditure on primary education, US$ (millions)",UIS.X.US.1.FSGOV,..,..,..,..,..,..,..,..,..,..,..,..,..,..,..
"Micronesia, Fed. Sts.",FSM,"Government expenditure on secondary education, US$ (millions)",UIS.X.US.2T3.FSGOV,..,..,..,..,..,..,..,..,..,..,..,..,..,..,..
"Micronesia, Fed. Sts.",FSM,"Enrolment in pre-primary education, both sexes (number)",SE.PRE.ENRL,..,..,..,..,..,2264,2061,..,..,2061,..,..,..,..,..
"Micronesia, Fed. Sts.",FSM,"Enrolment in secondary education, both sexes (number)",SE.SEC.ENRL,..,..,..,..,..,..,..,..,..,..,..,..,..,..,..
"Micronesia, Fed. Sts.",FSM,"Enrolment in primary education, both sexes (number)",SE.PRM.ENRL,..,..,..,..,14307,13758,13819,..,..,13819,..,..,..,..,..
Middle East & North Africa,MEA,"Teachers in primary education, both sexes (number)",SE.PRM.TCHR,2086038.514,2162798.976,2309569.528,2388185.716,2412006.322,2407130.726,2393334.868,2380647.243,2415277.896,2490460.182,..,..,..,..,..
Middle East & North Africa,MEA,"Teachers in secondary education, both sexes (number)",SE.SEC.TCHR,2371284.681,2470703.89,2500553.944,2449467.216,2406217.151,2417452.323,2407641.105,2397803.349,2451656.736,2431824.39,..,..,..,..,..
Middle East & North Africa,MEA,"Teachers in pre-primary education, both sexes (number)",SE.PRE.TCHR,206518.8559,220703.2755,239738.4384,250741.0001,269685.0379,275373.7161,279007.5599,284165.4271,281014.6558,286643.536,..,..,..,..,..
Middle East & North Africa,MEA,"Adult literacy rate, population 15+ years, both sexes (%)",SE.ADT.LITR.ZS,76.48092,77.26802,79.89382,79.69486,81.14234,79.43243,80.45519,81.5254,78.98143,79.31014,..,..,..,..,..
Middle East & North Africa,MEA,"Government expenditure on pre-primary education, US$ (millions)",UIS.X.US.02.FSGOV,..,..,..,..,..,..,..,..,..,..,..,..,..,..,..
Middle East & North Africa,MEA,"Government expenditure on primary education, US$ (millions)",UIS.X.US.1.FSGOV,..,..,..,..,..,..,..,..,..,..,..,..,..,..,..
Middle East & North Africa,MEA,"Government expenditure on secondary education, US$ (millions)",UIS.X.US.2T3.FSGOV,..,..,..,..,..,..,..,..,..,..,..,..,..,..,..
Middle East & North Africa,MEA,"Enrolment in pre-primary education, both sexes (number)",SE.PRE.ENRL,4373508.92,4408533.891,4485718.913,4618214.402,5209752.269,5496024.239,5630221.925,5783141.53,5903503.711,6142319.823,..,..,..,..,..
Middle East & North Africa,MEA,"Enrolment in secondary education, both sexes (number)",SE.SEC.ENRL,36335006.66,37507732.08,37646363.04,35680317.98,35194585.46,35483702.46,35769663,36082862.16,36783221,37593382.95,..,..,..,..,..
Middle East & North Africa,MEA,"Enrolment in primary education, both sexes (number)",SE.PRM.ENRL,43127647.22,43490805.08,44722660.73,46774850.2,47629930.41,48286547.78,49242799.45,50297664.18,51508444.45,52942722.81,..,..,..,..,..
Middle East & North Africa (excluding high income),MNA,"Teachers in primary education, both sexes (number)",SE.PRM.TCHR,1645234.126,1708755.357,1836014.593,1876483.355,1894522.932,1911287.3,1925220.042,1927979.048,1993823.913,2072987.763,..,..,..,..,..
Middle East & North Africa (excluding high income),MNA,"Teachers in secondary education, both sexes (number)",SE.SEC.TCHR,1913238.184,1999009.327,2014810.148,1941196.731,1895691.672,1888545.517,1891740.381,1894577.939,1931690.854,1944584.407,..,..,..,..,..
Middle East & North Africa (excluding high income),MNA,"Teachers in pre-primary education, both sexes (number)",SE.PRE.TCHR,155526.7822,165091.3725,176971.503,176626.7727,191788.2586,197060.8641,193264.5892,200814.0502,204656.8583,210926.6703,..,..,..,..,..
Middle East & North Africa (excluding high income),MNA,"Adult literacy rate, population 15+ years, both sexes (%)",SE.ADT.LITR.ZS,74.27388,74.50911,77.51191,77.1405,78.79463,76.62332,77.81656,79.03477,75.96434,76.34241,..,..,..,..,..
Middle East & North Africa (excluding high income),MNA,"Government expenditure on pre-primary education, US$ (millions)",UIS.X.US.02.FSGOV,..,..,..,..,..,..,..,..,..,..,..,..,..,..,..
Middle East & North Africa (excluding high income),MNA,"Government expenditure on primary education, US$ (millions)",UIS.X.US.1.FSGOV,..,..,..,..,..,..,..,..,..,..,..,..,..,..,..
Middle East & North Africa (excluding high income),MNA,"Government expenditure on secondary education, US$ (millions)",UIS.X.US.2T3.FSGOV,..,..,..,..,..,..,..,..,..,..,..,..,..,..,..
Middle East & North Africa (excluding high income),MNA,"Enrolment in pre-primary education, both sexes (number)",SE.PRE.ENRL,3470660.874,3431485.891,3460953.417,3513054.402,4005928.269,4209346.239,4307010.925,4468289.53,4563884.024,4776287.28,..,..,..,..,..
Middle East & North Africa (excluding high income),MNA,"Enrolment in secondary education, both sexes (number)",SE.SEC.ENRL,31382171.94,32457225.93,32506093.16,30472469.01,29925377.18,30133459.4,30534008.93,30855310.86,31301663.17,31988908.16,..,..,..,..,..
Middle East & North Africa (excluding high income),MNA,"Enrolment in primary education, both sexes (number)",SE.PRM.ENRL,37954475.93,38255321.08,39330039.73,41123988.2,41786417.41,42569405.78,43605209.45,44719440.18,45913942.52,47200853.42,..,..,..,..,..
Middle East & North Africa (IDA & IBRD countries),TMN,"Teachers in primary education, both sexes (number)",SE.PRM.TCHR,1630743.126,1692713.357,1818639.593,1858241.355,1875902.932,1892528.3,1905953.042,1908681.048,1973859.913,2051366.763,..,..,..,..,..
Middle East & North Africa (IDA & IBRD countries),TMN,"Teachers in secondary education, both sexes (number)",SE.SEC.TCHR,1881652.184,1964586.327,1979855.148,1905632.731,1859723.672,1852377.517,1854407.381,1857111.939,1887558.854,1896795.407,..,..,..,..,..
Middle East & North Africa (IDA & IBRD countries),TMN,"Teachers in pre-primary education, both sexes (number)",SE.PRE.TCHR,150861.7822,160003.3725,171690.503,170383.7727,185198.2586,191172.8641,187137.5892,192101.0502,195623.8583,201526.6703,..,..,..,..,..
Middle East & North Africa (IDA & IBRD countries),TMN,"Adult literacy rate, population 15+ years, both sexes (%)",SE.ADT.LITR.ZS,74.06036,74.29205,77.31735,76.93567,78.60376,76.40354,77.60457,78.83198,75.72258,76.09991,..,..,..,..,..
Middle East & North Africa (IDA & IBRD countries),TMN,"Government expenditure on pre-primary education, US$ (millions)",UIS.X.US.02.FSGOV,..,..,..,..,..,..,..,..,..,..,..,..,..,..,..
Middle East & North Africa (IDA & IBRD countries),TMN,"Government expenditure on primary education, US$ (millions)",UIS.X.US.1.FSGOV,..,..,..,..,..,..,..,..,..,..,..,..,..,..,..
Middle East & North Africa (IDA & IBRD countries),TMN,"Government expenditure on secondary education, US$ (millions)",UIS.X.US.2T3.FSGOV,..,..,..,..,..,..,..,..,..,..,..,..,..,..,..
Middle East & North Africa (IDA & IBRD countries),TMN,"Enrolment in pre-primary education, both sexes (number)",SE.PRE.ENRL,3379742.874,3335760.891,3364181.417,3401472.402,3878488.269,4074470.239,4165333.925,4321456.53,4413033.024,4628034.28,..,..,..,..,..
Middle East & North Africa (IDA & IBRD countries),TMN,"Enrolment in secondary education, both sexes (number)",SE.SEC.ENRL,30671235.94,31751598.93,31800650.16,29766139.01,29216151.18,29412045.4,29800663.93,30102758.86,30536677.17,31201720.16,..,..,..,..,..
Middle East & North Africa (IDA & IBRD countries),TMN,"Enrolment in primary education, both sexes (number)",SE.PRM.ENRL,37551609.93,37843953.08,38905944.73,40693579.2,41343941.41,42119223.78,43145746.45,44242236.18,45425758.52,46703851.42,..,..,..,..,..
Middle income,MIC,"Teachers in primary education, both sexes (number)",SE.PRM.TCHR,21171042.18,21583047.34,21729748.75,22782913.74,22906004.08,23194892.22,23287557.97,23480695.83,23414185.64,24134974.72,..,..,..,..,..
Middle income,MIC,"Teachers in secondary education, both sexes (number)",SE.SEC.TCHR,23576727.38,23890271.78,24155714.35,23688105.22,24208182.06,24640565.56,25404609.63,25715114.02,26009548.65,27621042.07,..,..,..,..,..
Middle income,MIC,"Teachers in pre-primary education, both sexes (number)",SE.PRE.TCHR,5366165.836,5792899.888,6257508.535,6584430.973,6921659.047,6583484.626,7846448.859,8330618.861,8674846.354,8978263.348,..,..,..,..,..
Middle income,MIC,"Adult literacy rate, population 15+ years, both sexes (%)",SE.ADT.LITR.ZS,83.53068,83.69688,84.26536,84.47999,84.99931,85.21755,85.77729,86.05455,86.08866,86.39626,..,..,..,..,..
Middle income,MIC,"Government expenditure on pre-primary education, US$ (millions)",UIS.X.US.02.FSGOV,..,..,..,..,..,..,..,..,..,..,..,..,..,..,..
Middle income,MIC,"Government expenditure on primary education, US$ (millions)",UIS.X.US.1.FSGOV,..,..,..,..,..,..,..,..,..,..,..,..,..,..,..
Middle income,MIC,"Government expenditure on secondary education, US$ (millions)",UIS.X.US.2T3.FSGOV,..,..,..,..,..,..,..,..,..,..,..,..,..,..,..
Middle income,MIC,"Enrolment in pre-primary education, both sexes (number)",SE.PRE.ENRL,118424788.9,127230852.3,137387183.9,145912109.2,147459689.3,153108325.1,163110384.5,169315095.8,172189496.2,174598561.2,..,..,..,..,..
Middle income,MIC,"Enrolment in secondary education, both sexes (number)",SE.SEC.ENRL,424994777.6,433169818,439119664.8,448226343.1,455105067.2,456812584.6,459934626.8,460643757.6,469020092.6,473037396.3,..,..,..,..,..
Middle income,MIC,"Enrolment in primary education, both sexes (number)",SE.PRM.ENRL,536134907.8,538555050.1,543467594.5,547622797.9,541994927.6,544760206.4,558299740.9,560441474,545657398.5,552143029.4,..,..,..,..,..
Moldova,MDA,"Teachers in primary education, both sexes (number)",SE.PRM.TCHR,9160,9037,8747,8468,8235,7936,7913,7880,7819,7771,..,..,..,..,..
Moldova,MDA,"Teachers in secondary education, both sexes (number)",SE.SEC.TCHR,29299,29237,28662,27142,26213,24968,24599,22931,22942,21841,..,..,..,..,..
Moldova,MDA,"Teachers in pre-primary education, both sexes (number)",SE.PRE.TCHR,11696,11961,12330,..,..,..,9949,9985,11149,11391,..,..,..,..,..
Moldova,MDA,"Adult literacy rate, population 15+ years, both sexes (%)",SE.ADT.LITR.ZS,99.02318,..,99.13831,..,99.35989,..,..,..,..,..,..,..,..,..,..
Moldova,MDA,"Government expenditure on pre-primary education, US$ (millions)",UIS.X.US.02.FSGOV,103.17054,124.0813,133.33104,..,125.11045,114.63273,100.97539,125.35551,151.84098,..,..,..,..,..,..
Moldova,MDA,"Government expenditure on primary education, US$ (millions)",UIS.X.US.1.FSGOV,95.41729,113.28132,111.1013,..,135.25249,105.13754,101.94447,123.51232,145.41803,..,..,..,..,..,..
Moldova,MDA,"Government expenditure on secondary education, US$ (millions)",UIS.X.US.2T3.FSGOV,197.51262,218.36129,212.09741,..,212.98991,167.03603,157.36473,191.92921,224.35068,..,..,..,..,..,..
Moldova,MDA,"Enrolment in pre-primary education, both sexes (number)",SE.PRE.ENRL,112398,115738,119748,125408,129569,130937,133204,133061,132459,133194,..,..,..,..,..
Moldova,MDA,"Enrolment in secondary education, both sexes (number)",SE.SEC.ENRL,307619,289402,274365,260185,245773,233260,226960,227263,226281,224148,..,..,..,..,..
Moldova,MDA,"Enrolment in primary education, both sexes (number)",SE.PRM.ENRL,141197,138436,138095,138282,138420,138536,137845,139335,140141,139612,..,..,..,..,..
Monaco,MCO,"Teachers in primary education, both sexes (number)",SE.PRM.TCHR,..,..,..,..,..,155,146,193,174,170,176,..,..,..,..
Monaco,MCO,"Teachers in secondary education, both sexes (number)",SE.SEC.TCHR,..,..,..,..,..,406,..,401,..,..,..,..,..,..,..
Monaco,MCO,"Teachers in pre-primary education, both sexes (number)",SE.PRE.TCHR,..,..,..,..,..,46,54,52,69,50,57,..,..,..,..
Monaco,MCO,"Adult literacy rate, population 15+ years, both sexes (%)",SE.ADT.LITR.ZS,..,..,..,..,..,..,..,..,..,..,..,..,..,..,..
Monaco,MCO,"Government expenditure on pre-primary education, US$ (millions)",UIS.X.US.02.FSGOV,2.23964,2.48143,2.52419,2.60702,2.62222,..,2.65826,..,..,4.43806,..,..,..,..,..
Monaco,MCO,"Government expenditure on primary education, US$ (millions)",UIS.X.US.1.FSGOV,10.78444,11.5065,10.48389,11.47705,11.55538,..,11.27119,..,..,10.74911,..,..,..,..,..
Monaco,MCO,"Government expenditure on secondary education, US$ (millions)",UIS.X.US.2T3.FSGOV,26.69074,49.79671,59.12272,45.78915,29.66598,..,27.92032,..,..,29.69969,..,..,..,..,..
Monaco,MCO,"Enrolment in pre-primary education, both sexes (number)",SE.PRE.ENRL,857,855,850,851,899,989,1007,994,983,999,1001,..,..,..,..
Monaco,MCO,"Enrolment in secondary education, both sexes (number)",SE.SEC.ENRL,2999,3060,3024,3042,3085,3297,3319,3426,3426,3370,3392,..,..,..,..
Monaco,MCO,"Enrolment in primary education, both sexes (number)",SE.PRM.ENRL,1820,1760,1766,1753,1752,1959,2001,2018,1981,1989,1971,..,..,..,..
Mongolia,MNG,"Teachers in primary education, both sexes (number)",SE.PRM.TCHR,9060,9059,8916,8895,8795,8901,9241,9564,10238,..,..,..,..,..,..
Mongolia,MNG,"Teachers in secondary education, both sexes (number)",SE.SEC.TCHR,19043,..,..,..,20908,20875,21753,21709,21234,..,..,..,..,..,..
Mongolia,MNG,"Teachers in pre-primary education, both sexes (number)",SE.PRE.TCHR,4465,4651,4907,..,..,..,6833,7302,7745,..,..,..,..,..,..
Mongolia,MNG,"Adult literacy rate, population 15+ years, both sexes (%)",SE.ADT.LITR.ZS,98.257,..,..,..,..,..,..,..,98.42312,..,..,..,..,..,..
Mongolia,MNG,"Government expenditure on pre-primary education, US$ (millions)",UIS.X.US.02.FSGOV,73.41018,113.96221,136.52148,141.72749,133.13808,126.22289,145.4723,122.96361,..,..,..,..,..,..,..
Mongolia,MNG,"Government expenditure on primary education, US$ (millions)",UIS.X.US.1.FSGOV,89.8215,157.06348,117.46945,140.3262,140.39108,129.76559,166.61425,150.49838,..,..,..,..,..,..,..
Mongolia,MNG,"Government expenditure on secondary education, US$ (millions)",UIS.X.US.2T3.FSGOV,112.41192,145.79098,241.81774,219.29875,203.04081,165.55573,163.78973,136.53089,..,..,..,..,..,..,..
Mongolia,MNG,"Enrolment in pre-primary education, both sexes (number)",SE.PRE.ENRL,109479,122105,133351,180969,193672,206636,225388,243432,256720,..,..,..,..,..,..
Mongolia,MNG,"Enrolment in secondary education, both sexes (number)",SE.SEC.ENRL,275983,..,..,..,..,..,..,..,..,..,..,..,..,..,..
Mongolia,MNG,"Enrolment in primary education, both sexes (number)",SE.PRM.ENRL,273966,265639,256584,245387,239289,251204,274397,290550,311063,..,..,..,..,..,..
Montenegro,MNE,"Teachers in primary education, both sexes (number)",SE.PRM.TCHR,..,..,..,..,..,..,..,..,..,..,..,..,..,..,..
Montenegro,MNE,"Teachers in secondary education, both sexes (number)",SE.SEC.TCHR,..,..,..,..,..,..,..,..,..,..,..,..,..,..,..
Montenegro,MNE,"Teachers in pre-primary education, both sexes (number)",SE.PRE.TCHR,744,729,..,..,..,..,..,..,..,..,..,..,..,..,..
Montenegro,MNE,"Adult literacy rate, population 15+ years, both sexes (%)",SE.ADT.LITR.ZS,..,98.44221,..,..,..,..,..,..,98.84718,..,..,..,..,..,..
Montenegro,MNE,"Government expenditure on pre-primary education, US$ (millions)",UIS.X.US.02.FSGOV,..,..,..,..,..,..,..,..,..,..,..,..,..,..,..
Montenegro,MNE,"Government expenditure on primary education, US$ (millions)",UIS.X.US.1.FSGOV,..,..,..,..,..,..,..,..,..,..,..,..,..,..,..
Montenegro,MNE,"Government expenditure on secondary education, US$ (millions)",UIS.X.US.2T3.FSGOV,..,..,..,..,..,..,..,..,..,..,..,..,..,..,..
Montenegro,MNE,"Enrolment in pre-primary education, both sexes (number)",SE.PRE.ENRL,9927,12803,14155,..,..,13046,12937,14198,15490,16184,..,..,..,..,..
Montenegro,MNE,"Enrolment in secondary education, both sexes (number)",SE.SEC.ENRL,69619,64164,63013,..,..,60504,58540,57575,57085,56896,..,..,..,..,..
Montenegro,MNE,"Enrolment in primary education, both sexes (number)",SE.PRM.ENRL,35264,38898,38362,..,..,37585,37869,38740,39288,39085,..,..,..,..,..
Montserrat,MSR,"Teachers in primary education, both sexes (number)",SE.PRM.TCHR,..,..,..,..,40,..,30,30,27,..,..,..,..,..,..
Montserrat,MSR,"Teachers in secondary education, both sexes (number)",SE.SEC.TCHR,..,..,..,..,27,..,33,36,36,..,..,..,..,..,..
Montserrat,MSR,"Teachers in pre-primary education, both sexes (number)",SE.PRE.TCHR,..,..,..,..,..,..,11,11,11,..,..,..,..,..,..
Montserrat,MSR,"Adult literacy rate, population 15+ years, both sexes (%)",SE.ADT.LITR.ZS,..,..,..,..,..,..,..,..,..,..,..,..,..,..,..
Montserrat,MSR,"Government expenditure on pre-primary education, US$ (millions)",UIS.X.US.02.FSGOV,..,..,..,..,..,..,..,..,..,..,..,..,..,..,..
Montserrat,MSR,"Government expenditure on primary education, US$ (millions)",UIS.X.US.1.FSGOV,..,..,..,..,..,..,..,..,..,..,..,..,..,..,..
Montserrat,MSR,"Government expenditure on secondary education, US$ (millions)",UIS.X.US.2T3.FSGOV,..,..,..,..,..,..,..,..,..,..,..,..,..,..,..
Montserrat,MSR,"Enrolment in pre-primary education, both sexes (number)",SE.PRE.ENRL,..,..,..,..,113,..,85,..,85,..,..,..,..,..,..
Montserrat,MSR,"Enrolment in secondary education, both sexes (number)",SE.SEC.ENRL,..,..,..,..,343,..,349,327,317,..,..,..,..,..,..
Montserrat,MSR,"Enrolment in primary education, both sexes (number)",SE.PRM.ENRL,..,..,..,..,439,..,477,452,460,..,..,..,..,..,..
Morocco,MAR,"Teachers in primary education, both sexes (number)",SE.PRM.TCHR,150367,151477,155481,154754,157019,156072,154252,150198,161288,171812,..,..,..,..,..
Morocco,MAR,"Teachers in secondary education, both sexes (number)",SE.SEC.TCHR,..,..,..,..,..,..,..,140474,147805,155188,..,..,..,..,..
Morocco,MAR,"Teachers in pre-primary education, both sexes (number)",SE.PRE.TCHR,36152,..,37621,..,..,..,..,..,..,..,..,..,..,..,..
Morocco,MAR,"Adult literacy rate, population 15+ years, both sexes (%)",SE.ADT.LITR.ZS,..,67.08416,69.42539,..,..,..,..,..,73.75001,..,..,..,..,..,..
Morocco,MAR,"Government expenditure on pre-primary education, US$ (millions)",UIS.X.US.02.FSGOV,0,0,0,0,..,..,..,..,..,..,..,..,..,..,..
Morocco,MAR,"Government expenditure on primary education, US$ (millions)",UIS.X.US.1.FSGOV,2003.58789,2198.5315,2213.02327,2447.60692,..,..,..,..,..,..,..,..,..,..,..
Morocco,MAR,"Government expenditure on secondary education, US$ (millions)",UIS.X.US.2T3.FSGOV,2328.49404,2555.05012,2704.80622,2896.513,..,..,..,..,..,..,..,..,..,..,..
Morocco,MAR,"Enrolment in pre-primary education, both sexes (number)",SE.PRE.ENRL,673759,..,682701,679268,740342,729676,655659,719155,693233,761726,..,..,..,..,..
Morocco,MAR,"Enrolment in secondary education, both sexes (number)",SE.SEC.ENRL,2393275,2478987,2554050,..,..,..,..,2847122,2871043,2920791,..,..,..,..,..
Morocco,MAR,"Enrolment in primary education, both sexes (number)",SE.PRM.ENRL,3945201,4001313,4016934,4021052,4030142,4039392,4101743,4210676,4322623,4432229,..,..,..,..,..
Mozambique,MOZ,"Teachers in primary education, both sexes (number)",SE.PRM.TCHR,90236,94798,97717,101372,104051,107976,112730,117065,118743,121488,..,..,..,..,..
Mozambique,MOZ,"Teachers in secondary education, both sexes (number)",SE.SEC.TCHR,19690,21553,22008,24317,25618,27040,31000,33281,..,..,..,..,..,..,..
Mozambique,MOZ,"Teachers in pre-primary education, both sexes (number)",SE.PRE.TCHR,..,..,..,..,..,..,..,..,..,..,..,..,..,..,..
Mozambique,MOZ,"Adult literacy rate, population 15+ years, both sexes (%)",SE.ADT.LITR.ZS,..,..,..,..,..,56.039,..,60.65543,..,..,..,..,..,..,..
Mozambique,MOZ,"Government expenditure on pre-primary education, US$ (millions)",UIS.X.US.02.FSGOV,..,..,..,..,..,..,..,..,..,..,..,..,..,..,..
Mozambique,MOZ,"Government expenditure on primary education, US$ (millions)",UIS.X.US.1.FSGOV,..,..,481.61201,511.19767,..,..,..,..,..,..,..,..,..,..,..
Mozambique,MOZ,"Government expenditure on secondary education, US$ (millions)",UIS.X.US.2T3.FSGOV,..,..,272.96352,317.67989,..,..,..,..,..,..,..,..,..,..,..
Mozambique,MOZ,"Enrolment in pre-primary education, both sexes (number)",SE.PRE.ENRL,..,..,..,..,..,..,..,..,..,..,..,..,..,..,..
Mozambique,MOZ,"Enrolment in secondary education, both sexes (number)",SE.SEC.ENRL,671902,716289,727895,1008992,1025975,1073111,..,1216214,..,..,..,..,..,..,..
Mozambique,MOZ,"Enrolment in primary education, both sexes (number)",SE.PRM.ENRL,5277868,5253670,5359019,5567807,5705343,5901996,6042936,6138518,6563376,6940864,..,..,..,..,..
Myanmar,MMR,"Teachers in primary education, both sexes (number)",SE.PRM.TCHR,181666,..,..,..,187828,..,241433,233815,217561,..,..,..,..,..,..
Myanmar,MMR,"Teachers in secondary education, both sexes (number)",SE.SEC.TCHR,83703,..,..,..,100346,..,155858,150309,153660,..,..,..,..,..,..
Myanmar,MMR,"Teachers in pre-primary education, both sexes (number)",SE.PRE.TCHR,9194,..,..,..,..,..,11384,9404,10306,..,..,..,..,..,..
Myanmar,MMR,"Adult literacy rate, population 15+ years, both sexes (%)",SE.ADT.LITR.ZS,..,..,..,..,..,..,75.5512,..,..,..,..,..,..,..,..
Myanmar,MMR,"Government expenditure on pre-primary education, US$ (millions)",UIS.X.US.02.FSGOV,..,0,..,..,..,..,..,6.95253,..,..,..,..,..,..,..
Myanmar,MMR,"Government expenditure on primary education, US$ (millions)",UIS.X.US.1.FSGOV,..,196.95632,..,..,..,..,..,504.62842,521.42399,534.04607,..,..,..,..,..
Myanmar,MMR,"Government expenditure on secondary education, US$ (millions)",UIS.X.US.2T3.FSGOV,..,91.84727,..,..,..,..,..,552.62424,543.07592,564.2102,..,..,..,..,..
Myanmar,MMR,"Enrolment in pre-primary education, both sexes (number)",SE.PRE.ENRL,159270,..,..,..,..,..,167795,178608,154103,..,..,..,..,..,..
Myanmar,MMR,"Enrolment in secondary education, both sexes (number)",SE.SEC.ENRL,2852447,..,..,..,3191268,..,3748367,3970936,4186742,..,..,..,..,..,..
Myanmar,MMR,"Enrolment in primary education, both sexes (number)",SE.PRM.ENRL,5125942,..,..,..,5177276,..,5321524,5388349,5299765,..,..,..,..,..,..
Namibia,NAM,"Teachers in primary education, both sexes (number)",SE.PRM.TCHR,13652,..,..,..,..,..,..,..,19557,..,..,..,..,..,..
Namibia,NAM,"Teachers in secondary education, both sexes (number)",SE.SEC.TCHR,..,..,..,..,..,..,..,11343,..,..,..,..,..,..,..
Namibia,NAM,"Teachers in pre-primary education, both sexes (number)",SE.PRE.TCHR,..,..,..,..,..,..,..,1110,1920,..,..,..,..,..,..
Namibia,NAM,"Adult literacy rate, population 15+ years, both sexes (%)",SE.ADT.LITR.ZS,..,88.27463,..,..,..,..,..,..,91.52727,..,..,..,..,..,..
Namibia,NAM,"Government expenditure on pre-primary education, US$ (millions)",UIS.X.US.02.FSGOV,..,..,..,..,4.97219,..,4.62766,4.05288,..,..,..,..,..,..,..
Namibia,NAM,"Government expenditure on primary education, US$ (millions)",UIS.X.US.1.FSGOV,296.54897,..,..,..,66.98143,..,69.02429,67.23472,..,..,..,..,..,..,..
Namibia,NAM,"Government expenditure on secondary education, US$ (millions)",UIS.X.US.2T3.FSGOV,174.48741,..,..,..,60.7806,..,65.93406,64.38459,..,..,..,..,..,..,..
Namibia,NAM,"Enrolment in pre-primary education, both sexes (number)",SE.PRE.ENRL,..,..,17572,24745,..,..,..,41743,43448,..,..,..,..,..,..
Namibia,NAM,"Enrolment in secondary education, both sexes (number)",SE.SEC.ENRL,..,..,..,..,..,..,..,..,..,..,..,..,..,..,..
Namibia,NAM,"Enrolment in primary education, both sexes (number)",SE.PRM.ENRL,406535,..,415454,425242,..,..,..,476360,490719,..,..,..,..,..,..
Nauru,NRU,"Teachers in primary education, both sexes (number)",SE.PRM.TCHR,..,..,..,..,40,..,45,..,..,69,..,..,..,..,..
Nauru,NRU,"Teachers in secondary education, both sexes (number)",SE.SEC.TCHR,..,..,..,..,45,..,40,..,..,20,..,..,..,..,..
Nauru,NRU,"Teachers in pre-primary education, both sexes (number)",SE.PRE.TCHR,..,..,..,..,..,..,30,..,..,12,..,..,..,..,..
Nauru,NRU,"Adult literacy rate, population 15+ years, both sexes (%)",SE.ADT.LITR.ZS,..,..,..,..,..,..,..,..,..,..,..,..,..,..,..
Nauru,NRU,"Government expenditure on pre-primary education, US$ (millions)",UIS.X.US.02.FSGOV,..,..,..,..,..,..,..,..,..,..,..,..,..,..,..
Nauru,NRU,"Government expenditure on primary education, US$ (millions)",UIS.X.US.1.FSGOV,..,..,..,..,..,..,..,..,..,..,..,..,..,..,..
Nauru,NRU,"Government expenditure on secondary education, US$ (millions)",UIS.X.US.2T3.FSGOV,..,..,..,..,..,..,..,..,..,..,..,..,..,..,..
Nauru,NRU,"Enrolment in pre-primary education, both sexes (number)",SE.PRE.ENRL,..,..,609,..,..,..,675,..,..,281,..,..,..,..,..
Nauru,NRU,"Enrolment in secondary education, both sexes (number)",SE.SEC.ENRL,..,..,945,..,1028,..,992,..,..,1203,..,..,..,..,..
Nauru,NRU,"Enrolment in primary education, both sexes (number)",SE.PRM.ENRL,..,..,1304,..,1578,..,1808,..,..,1856,..,..,..,..,..
Nepal,NPL,"Teachers in primary education, both sexes (number)",SE.PRM.TCHR,153536,167216,173714,178534,183922,187684,190219,197797,..,201075,..,..,..,..,..
Nepal,NPL,"Teachers in secondary education, both sexes (number)",SE.SEC.TCHR,84268,95966,102685,106620,109705,111171,113385,115759,..,122582,..,..,..,..,..
Nepal,NPL,"Teachers in pre-primary education, both sexes (number)",SE.PRE.TCHR,38057,40980,45084,45566,46161,46005,47086,47802,..,51490,..,..,..,..,..
Nepal,NPL,"Adult literacy rate, population 15+ years, both sexes (%)",SE.ADT.LITR.ZS,..,59.62725,..,..,..,..,..,..,67.90843,..,..,..,..,..,..
Nepal,NPL,"Government expenditure on pre-primary education, US$ (millions)",UIS.X.US.02.FSGOV,4.89734,11.78223,11.70965,11.45524,15.85228,15.65586,..,..,..,..,..,..,..,..,..
Nepal,NPL,"Government expenditure on primary education, US$ (millions)",UIS.X.US.1.FSGOV,260.0454,335.17763,385.86097,358.85593,411.47713,398.34379,..,..,..,..,..,..,..,..,..
Nepal,NPL,"Government expenditure on secondary education, US$ (millions)",UIS.X.US.2T3.FSGOV,142.40913,195.59005,228.85365,210.4229,254.34366,246.83441,..,..,..,..,..,..,..,..,..
Nepal,NPL,"Enrolment in pre-primary education, both sexes (number)",SE.PRE.ENRL,947278,1018543,1056430,1053054,1047117,1014339,977365,973412,..,958127,..,..,..,..,..
Nepal,NPL,"Enrolment in secondary education, both sexes (number)",SE.SEC.ENRL,2694256,2850361,3035958,3111257,3163946,3176320,3277231,3336650,..,3463763,..,..,..,..,..
Nepal,NPL,"Enrolment in primary education, both sexes (number)",SE.PRM.ENRL,4900665,4951956,4782885,4576693,4401780,4335355,4264942,4135253,..,3970016,..,..,..,..,..
Netherlands,NLD,"Teachers in primary education, both sexes (number)",SE.PRM.TCHR,..,111752,111039,107656,104815.4673,103930.1196,101643.1022,100110.1727,100658.0254,..,..,..,..,..,..
Netherlands,NLD,"Teachers in secondary education, both sexes (number)",SE.SEC.TCHR,107433,113370,111870,110183,107839.31,111562.16,111849.22,113686.43,114548.07,..,..,..,..,..,..
Netherlands,NLD,"Teachers in pre-primary education, both sexes (number)",SE.PRE.TCHR,..,34605,35174,33758.18505,33028.11523,33002.33516,32490.29817,31742.28957,30341.20469,..,..,..,..,..,..
Netherlands,NLD,"Adult literacy rate, population 15+ years, both sexes (%)",SE.ADT.LITR.ZS,..,..,..,..,..,..,..,..,..,..,..,..,..,..,..
Netherlands,NLD,"Government expenditure on pre-primary education, US$ (millions)",UIS.X.US.02.FSGOV,3196.51998,3434.48003,3120.54473,3325.85735,3249.56895,2708.97483,2732.42369,2841.15042,..,..,..,..,..,..,..
Netherlands,NLD,"Government expenditure on primary education, US$ (millions)",UIS.X.US.1.FSGOV,..,..,..,..,..,9145.71786,9110.92251,9582.68664,..,..,..,..,..,..,..
Netherlands,NLD,"Government expenditure on secondary education, US$ (millions)",UIS.X.US.2T3.FSGOV,..,..,..,..,..,16742.21801,17383.89307,17488.6858,..,..,..,..,..,..,..
Netherlands,NLD,"Enrolment in pre-primary education, both sexes (number)",SE.PRE.ENRL,..,529767,521985,521306,511789,511579,511240,504272,475053,..,..,..,..,..,..
Netherlands,NLD,"Enrolment in secondary education, both sexes (number)",SE.SEC.ENRL,1474983,1538898,1550175,..,..,1613497,1611016,1650379,1632486,..,..,..,..,..,..
Netherlands,NLD,"Enrolment in primary education, both sexes (number)",SE.PRM.ENRL,1294015,1291665,1277199,..,..,1208038,1192268,1181893,1175018,..,..,..,..,..,..
Netherlands Antilles,ANT,"Teachers in primary education, both sexes (number)",SE.PRM.TCHR,..,..,..,..,..,..,..,..,..,..,..,..,..,..,..
Netherlands Antilles,ANT,"Teachers in secondary education, both sexes (number)",SE.SEC.TCHR,..,..,..,..,..,..,..,..,..,..,..,..,..,..,..
Netherlands Antilles,ANT,"Teachers in pre-primary education, both sexes (number)",SE.PRE.TCHR,..,..,..,..,..,..,..,..,..,..,..,..,..,..,..
Netherlands Antilles,ANT,"Adult literacy rate, population 15+ years, both sexes (%)",SE.ADT.LITR.ZS,..,..,..,..,..,..,..,..,..,..,..,..,..,..,..
Netherlands Antilles,ANT,"Government expenditure on pre-primary education, US$ (millions)",UIS.X.US.02.FSGOV,..,..,..,..,..,..,..,..,..,..,..,..,..,..,..
Netherlands Antilles,ANT,"Government expenditure on primary education, US$ (millions)",UIS.X.US.1.FSGOV,..,..,..,..,..,..,..,..,..,..,..,..,..,..,..
Netherlands Antilles,ANT,"Government expenditure on secondary education, US$ (millions)",UIS.X.US.2T3.FSGOV,..,..,..,..,..,..,..,..,..,..,..,..,..,..,..
Netherlands Antilles,ANT,"Enrolment in pre-primary education, both sexes (number)",SE.PRE.ENRL,..,..,..,..,..,..,..,..,..,..,..,..,..,..,..
Netherlands Antilles,ANT,"Enrolment in secondary education, both sexes (number)",SE.SEC.ENRL,..,..,..,..,..,..,..,..,..,..,..,..,..,..,..
Netherlands Antilles,ANT,"Enrolment in primary education, both sexes (number)",SE.PRM.ENRL,..,..,..,..,..,..,..,..,..,..,..,..,..,..,..
New Caledonia,NCL,"Teachers in primary education, both sexes (number)",SE.PRM.TCHR,..,..,..,..,..,..,..,..,..,..,..,..,..,..,..
New Caledonia,NCL,"Teachers in secondary education, both sexes (number)",SE.SEC.TCHR,..,..,..,..,..,..,..,..,..,..,..,..,..,..,..
New Caledonia,NCL,"Teachers in pre-primary education, both sexes (number)",SE.PRE.TCHR,..,..,..,..,..,..,..,..,..,..,..,..,..,..,..
New Caledonia,NCL,"Adult literacy rate, population 15+ years, both sexes (%)",SE.ADT.LITR.ZS,..,..,..,..,97.8,..,..,..,..,..,..,..,..,..,..
New Caledonia,NCL,"Government expenditure on pre-primary education, US$ (millions)",UIS.X.US.02.FSGOV,..,..,..,..,..,..,..,..,..,..,..,..,..,..,..
New Caledonia,NCL,"Government expenditure on primary education, US$ (millions)",UIS.X.US.1.FSGOV,..,..,..,..,..,..,..,..,..,..,..,..,..,..,..
New Caledonia,NCL,"Government expenditure on secondary education, US$ (millions)",UIS.X.US.2T3.FSGOV,..,..,..,..,..,..,..,..,..,..,..,..,..,..,..
New Caledonia,NCL,"Enrolment in pre-primary education, both sexes (number)",SE.PRE.ENRL,..,..,..,..,..,..,..,..,..,..,..,..,..,..,..
New Caledonia,NCL,"Enrolment in secondary education, both sexes (number)",SE.SEC.ENRL,..,..,..,..,..,..,..,..,..,..,..,..,..,..,..
New Caledonia,NCL,"Enrolment in primary education, both sexes (number)",SE.PRM.ENRL,..,..,..,..,..,..,..,..,..,..,..,..,..,..,..
New Zealand,NZL,"Teachers in primary education, both sexes (number)",SE.PRM.TCHR,24053,23872,23829,..,25071.83,25406.92625,25787.17567,25761.83033,26126.47168,..,..,..,..,..,..
New Zealand,NZL,"Teachers in secondary education, both sexes (number)",SE.SEC.TCHR,35322,35381,34920,..,35210.16,35276.69,35054.37326,35684.41051,36057,..,..,..,..,..,..
New Zealand,NZL,"Teachers in pre-primary education, both sexes (number)",SE.PRE.TCHR,..,..,..,..,13016.55,14438.75099,..,15058.97815,14815.43861,..,..,..,..,..,..
New Zealand,NZL,"Adult literacy rate, population 15+ years, both sexes (%)",SE.ADT.LITR.ZS,..,..,..,..,..,..,..,..,..,..,..,..,..,..,..
New Zealand,NZL,"Government expenditure on pre-primary education, US$ (millions)",UIS.X.US.02.FSGOV,566.92673,748.6415,832.78188,828.80549,837.70353,965.75507,857.41151,865.05652,..,..,..,..,..,..,..
New Zealand,NZL,"Government expenditure on primary education, US$ (millions)",UIS.X.US.1.FSGOV,..,..,..,2719.329,2784.76785,2958.75599,2982.74674,3065.45012,..,..,..,..,..,..,..
New Zealand,NZL,"Government expenditure on secondary education, US$ (millions)",UIS.X.US.2T3.FSGOV,..,..,..,4472.22017,4637.64299,4708.64331,4066.16866,4284.13786,..,..,..,..,..,..,..
New Zealand,NZL,"Enrolment in pre-primary education, both sexes (number)",SE.PRE.ENRL,..,..,..,..,116338.48,117606.9635,115557.3,117752.7,114706.6,..,..,..,..,..,..
New Zealand,NZL,"Enrolment in secondary education, both sexes (number)",SE.SEC.ENRL,512195,508362,501466,492648.1112,491617.0331,487363.3514,484412.8008,486333.8761,489898.7072,..,..,..,..,..,..
New Zealand,NZL,"Enrolment in primary education, both sexes (number)",SE.PRM.ENRL,348492,347349,347594,353285,360206,368306,377073,384251,388279,..,..,..,..,..,..
Nicaragua,NIC,"Teachers in primary education, both sexes (number)",SE.PRM.TCHR,30571,..,..,..,..,..,..,..,..,..,..,..,..,..,..
Nicaragua,NIC,"Teachers in secondary education, both sexes (number)",SE.SEC.TCHR,15089,..,..,..,..,..,..,..,..,..,..,..,..,..,..
Nicaragua,NIC,"Teachers in pre-primary education, both sexes (number)",SE.PRE.TCHR,10289,..,..,..,..,..,..,..,..,..,..,..,..,..,..
Nicaragua,NIC,"Adult literacy rate, population 15+ years, both sexes (%)",SE.ADT.LITR.ZS,..,..,..,..,..,82.61455,..,..,..,..,..,..,..,..,..
Nicaragua,NIC,"Government expenditure on pre-primary education, US$ (millions)",UIS.X.US.02.FSGOV,14.02148,..,..,..,..,..,..,..,..,..,..,..,..,..,..
Nicaragua,NIC,"Government expenditure on primary education, US$ (millions)",UIS.X.US.1.FSGOV,156.36375,..,..,..,..,..,..,..,..,..,..,..,..,..,..
Nicaragua,NIC,"Government expenditure on secondary education, US$ (millions)",UIS.X.US.2T3.FSGOV,51.97337,..,..,..,..,..,..,..,..,..,..,..,..,..,..
Nicaragua,NIC,"Enrolment in pre-primary education, both sexes (number)",SE.PRE.ENRL,218062,..,..,..,..,..,..,..,..,..,..,..,..,..,..
Nicaragua,NIC,"Enrolment in secondary education, both sexes (number)",SE.SEC.ENRL,465201,..,..,..,..,..,..,..,..,..,..,..,..,..,..
Nicaragua,NIC,"Enrolment in primary education, both sexes (number)",SE.PRM.ENRL,923745,..,..,..,..,..,..,..,..,..,..,..,..,..,..
Niger,NER,"Teachers in primary education, both sexes (number)",SE.PRM.TCHR,44710,48976,52913,59653,63688,66750,72021,76185,68975,67285,..,..,..,..,..
Niger,NER,"Teachers in secondary education, both sexes (number)",SE.SEC.TCHR,9945,9873,..,16406,20509,21296,26839,26456,29225,..,..,..,..,..,..
Niger,NER,"Teachers in pre-primary education, both sexes (number)",SE.PRE.TCHR,1995,2961,3486,4335,5021,5707,7841,6236,5731,5643,..,..,..,..,..
Niger,NER,"Adult literacy rate, population 15+ years, both sexes (%)",SE.ADT.LITR.ZS,..,..,30.56039,..,..,..,..,..,35.05,..,..,..,..,..,..
Niger,NER,"Government expenditure on pre-primary education, US$ (millions)",UIS.X.US.02.FSGOV,5.18073,4.93911,19.38946,19.36286,24.9185,33.09683,31.36631,31.02833,..,..,..,..,..,..,..
Niger,NER,"Government expenditure on primary education, US$ (millions)",UIS.X.US.1.FSGOV,130.41897,152.15053,156.14048,200.92278,289.3981,198.91352,155.83182,138.70569,..,..,..,..,..,..,..
Niger,NER,"Government expenditure on secondary education, US$ (millions)",UIS.X.US.2T3.FSGOV,45.5134,65.53787,71.63394,94.6547,161.48537,139.78565,53.58525,50.76856,..,..,..,..,..,..,..
Niger,NER,"Enrolment in pre-primary education, both sexes (number)",SE.PRE.ENRL,67678,96022,110175,132987,141558,152629,168879,177021,186772,177822,..,..,..,..,..
Niger,NER,"Enrolment in secondary education, both sexes (number)",SE.SEC.ENRL,306675,342391,388641,439160,515075,595426,717660,786582,..,..,..,..,..,..,..
Niger,NER,"Enrolment in primary education, both sexes (number)",SE.PRM.ENRL,1726452,1910166,2050656,2166268,2277021,2444979,2611352,2768305,..,2666748,..,..,..,..,..
Nigeria,NGA,"Teachers in primary education, both sexes (number)",SE.PRM.TCHR,574078,..,..,..,..,..,..,..,..,..,..,..,..,..,..
Nigeria,NGA,"Teachers in secondary education, both sexes (number)",SE.SEC.TCHR,390427,..,..,..,..,..,..,..,..,..,..,..,..,..,..
Nigeria,NGA,"Teachers in pre-primary education, both sexes (number)",SE.PRE.TCHR,..,..,..,..,..,..,..,..,..,..,..,..,..,..,..
Nigeria,NGA,"Adult literacy rate, population 15+ years, both sexes (%)",SE.ADT.LITR.ZS,..,..,..,..,..,..,..,..,62.01601,..,..,..,..,..,..
Nigeria,NGA,"Government expenditure on pre-primary education, US$ (millions)",UIS.X.US.02.FSGOV,..,..,..,..,..,..,..,..,..,..,..,..,..,..,..
Nigeria,NGA,"Government expenditure on primary education, US$ (millions)",UIS.X.US.1.FSGOV,..,..,..,..,..,..,..,..,..,..,..,..,..,..,..
Nigeria,NGA,"Government expenditure on secondary education, US$ (millions)",UIS.X.US.2T3.FSGOV,..,..,..,..,..,..,..,..,..,..,..,..,..,..,..
Nigeria,NGA,"Enrolment in pre-primary education, both sexes (number)",SE.PRE.ENRL,2020668,..,..,..,..,..,..,..,..,..,..,..,..,..,..
Nigeria,NGA,"Enrolment in secondary education, both sexes (number)",SE.SEC.ENRL,9056768,9591205,10212250,12532753,10495583,11116030,10314796,..,..,..,..,..,..,..,..
Nigeria,NGA,"Enrolment in primary education, both sexes (number)",SE.PRM.ENRL,21558461,23668903,24822374,26167545,25801197,..,25591181,..,..,..,..,..,..,..,..
Niue,NIU,"Teachers in primary education, both sexes (number)",SE.PRM.TCHR,..,..,..,..,15,12,13,..,..,..,..,..,..,..,..
Niue,NIU,"Teachers in secondary education, both sexes (number)",SE.SEC.TCHR,..,..,..,..,22,23,..,..,..,..,..,..,..,..,..
Niue,NIU,"Teachers in pre-primary education, both sexes (number)",SE.PRE.TCHR,..,..,..,..,6,5,5,..,..,..,..,..,..,..,..
Niue,NIU,"Adult literacy rate, population 15+ years, both sexes (%)",SE.ADT.LITR.ZS,..,..,..,..,..,..,..,..,..,..,..,..,..,..,..
Niue,NIU,"Government expenditure on pre-primary education, US$ (millions)",UIS.X.US.02.FSGOV,..,..,..,..,..,..,..,..,..,..,..,..,..,..,..
Niue,NIU,"Government expenditure on primary education, US$ (millions)",UIS.X.US.1.FSGOV,..,..,..,..,..,..,..,..,..,..,..,..,..,..,..
Niue,NIU,"Government expenditure on secondary education, US$ (millions)",UIS.X.US.2T3.FSGOV,..,..,..,..,..,..,..,..,..,..,..,..,..,..,..
Niue,NIU,"Enrolment in pre-primary education, both sexes (number)",SE.PRE.ENRL,..,..,..,..,32,27,31,..,..,..,..,..,..,..,..
Niue,NIU,"Enrolment in secondary education, both sexes (number)",SE.SEC.ENRL,..,..,..,..,186,182,..,..,..,..,..,..,..,..,..
Niue,NIU,"Enrolment in primary education, both sexes (number)",SE.PRM.ENRL,..,..,..,..,202,207,201,..,..,..,..,..,..,..,..
North America,NAC,"Teachers in primary education, both sexes (number)",SE.PRM.TCHR,1919904.783,1834428.912,1816351.784,1816620.322,1817690.891,1847103.382,1879745.906,1905604.939,1896357.272,..,..,..,..,..,..
North America,NAC,"Teachers in secondary education, both sexes (number)",SE.SEC.TCHR,1898019.954,1809155.528,1791172.619,1783901.706,1780985.218,1802537.793,1826467.808,1836704.05,1842459.052,..,..,..,..,..,..
North America,NAC,"Teachers in pre-primary education, both sexes (number)",SE.PRE.TCHR,546445.4477,607822.1657,660821.7517,640924.0778,640362.8296,635648.1278,624145.1884,619524.8652,613628.3309,..,..,..,..,..,..
North America,NAC,"Adult literacy rate, population 15+ years, both sexes (%)",SE.ADT.LITR.ZS,..,..,..,..,..,..,..,..,..,..,..,..,..,..,..
North America,NAC,"Government expenditure on pre-primary education, US$ (millions)",UIS.X.US.02.FSGOV,..,..,..,..,..,..,..,..,..,..,..,..,..,..,..
North America,NAC,"Government expenditure on primary education, US$ (millions)",UIS.X.US.1.FSGOV,..,..,..,..,..,..,..,..,..,..,..,..,..,..,..
North America,NAC,"Government expenditure on secondary education, US$ (millions)",UIS.X.US.2T3.FSGOV,..,..,..,..,..,..,..,..,..,..,..,..,..,..,..
North America,NAC,"Enrolment in pre-primary education, both sexes (number)",SE.PRE.ENRL,8732587.23,8841789.655,8963415.662,8963701.712,9011439.096,8910243.153,8915901.643,9011529.677,8926259.006,8788458.803,..,..,..,..,..
North America,NAC,"Enrolment in secondary education, both sexes (number)",SE.SEC.ENRL,26808823,26802413,26861292,26797141.34,26894959,27062901,27352821.02,27444882.6,27529397.03,27763410.73,..,..,..,..,..
North America,NAC,"Enrolment in primary education, both sexes (number)",SE.PRM.ENRL,26565497,26589787,26568982,26627910.73,26791635,27093808.04,27342023.1,27492267.15,27368825.68,27783111.66,..,..,..,..,..
North Macedonia,MKD,"Teachers in primary education, both sexes (number)",SE.PRM.TCHR,6949,6999,7081,7060,7137,7554,7357,7317,7457,..,..,..,..,..,..
North Macedonia,MKD,"Teachers in secondary education, both sexes (number)",SE.SEC.TCHR,16537,17268,17742,17978,17861,17924,18056,18435,18741,..,..,..,..,..,..
North Macedonia,MKD,"Teachers in pre-primary education, both sexes (number)",SE.PRE.TCHR,2339,2413,2475,..,..,..,..,..,..,..,..,..,..,..,..
North Macedonia,MKD,"Adult literacy rate, population 15+ years, both sexes (%)",SE.ADT.LITR.ZS,..,..,..,..,97.8,..,..,..,..,..,..,..,..,..,..
North Macedonia,MKD,"Government expenditure on pre-primary education, US$ (millions)",UIS.X.US.02.FSGOV,..,..,..,..,..,..,..,..,..,..,..,..,..,..,..
North Macedonia,MKD,"Government expenditure on primary education, US$ (millions)",UIS.X.US.1.FSGOV,..,..,..,..,..,..,..,..,..,..,..,..,..,..,..
North Macedonia,MKD,"Government expenditure on secondary education, US$ (millions)",UIS.X.US.2T3.FSGOV,..,..,..,..,..,..,..,..,..,..,..,..,..,..,..
North Macedonia,MKD,"Enrolment in pre-primary education, both sexes (number)",SE.PRE.ENRL,17405,17942,19785,21001,22770,24031,..,27886,28987,..,..,..,..,..,..
North Macedonia,MKD,"Enrolment in secondary education, both sexes (number)",SE.SEC.ENRL,196991,..,186149,177048,170834,168967,..,161128,155815,..,..,..,..,..,..
North Macedonia,MKD,"Enrolment in primary education, both sexes (number)",SE.PRM.ENRL,110759,..,107278,109945,108254,108827,..,109121,109818,..,..,..,..,..,..
Northern Mariana Islands,MNP,"Teachers in primary education, both sexes (number)",SE.PRM.TCHR,..,..,..,..,..,..,..,..,..,..,..,..,..,..,..
Northern Mariana Islands,MNP,"Teachers in secondary education, both sexes (number)",SE.SEC.TCHR,..,..,..,..,..,..,..,..,..,..,..,..,..,..,..
Northern Mariana Islands,MNP,"Teachers in pre-primary education, both sexes (number)",SE.PRE.TCHR,..,..,..,..,..,..,..,..,..,..,..,..,..,..,..
Northern Mariana Islands,MNP,"Adult literacy rate, population 15+ years, both sexes (%)",SE.ADT.LITR.ZS,..,..,..,..,..,..,..,..,..,..,..,..,..,..,..
Northern Mariana Islands,MNP,"Government expenditure on pre-primary education, US$ (millions)",UIS.X.US.02.FSGOV,..,..,..,..,..,..,..,..,..,..,..,..,..,..,..
Northern Mariana Islands,MNP,"Government expenditure on primary education, US$ (millions)",UIS.X.US.1.FSGOV,..,..,..,..,..,..,..,..,..,..,..,..,..,..,..
Northern Mariana Islands,MNP,"Government expenditure on secondary education, US$ (millions)",UIS.X.US.2T3.FSGOV,..,..,..,..,..,..,..,..,..,..,..,..,..,..,..
Northern Mariana Islands,MNP,"Enrolment in pre-primary education, both sexes (number)",SE.PRE.ENRL,..,..,..,..,..,..,..,..,..,..,..,..,..,..,..
Northern Mariana Islands,MNP,"Enrolment in secondary education, both sexes (number)",SE.SEC.ENRL,..,..,..,..,..,..,..,..,..,..,..,..,..,..,..
Northern Mariana Islands,MNP,"Enrolment in primary education, both sexes (number)",SE.PRM.ENRL,..,..,..,..,..,..,..,..,..,..,..,..,..,..,..
Norway,NOR,"Teachers in primary education, both sexes (number)",SE.PRM.TCHR,..,..,..,47444,48123.6,48583.28,48644.48,51737.12,52720.4,..,..,..,..,..,..
Norway,NOR,"Teachers in secondary education, both sexes (number)",SE.SEC.TCHR,..,..,..,..,..,51336.72,50972.48,52178.24,52711.04,..,..,..,..,..,..
Norway,NOR,"Teachers in pre-primary education, both sexes (number)",SE.PRE.TCHR,..,..,..,..,..,..,17918.53176,13672.54571,13991.79105,..,..,..,..,..,..
Norway,NOR,"Adult literacy rate, population 15+ years, both sexes (%)",SE.ADT.LITR.ZS,..,..,..,..,..,..,..,..,..,..,..,..,..,..,..
Norway,NOR,"Government expenditure on pre-primary education, US$ (millions)",UIS.X.US.02.FSGOV,1405.30539,1763.95945,3629.1933,3824.52255,3760.46549,2561.5418,2761.53361,2860.41144,..,..,..,..,..,..,..
Norway,NOR,"Government expenditure on primary education, US$ (millions)",UIS.X.US.1.FSGOV,7713.37102,8347.79271,8278.40825,8740.92255,8291.10817,6926.68224,6764.32961,7408.72928,..,..,..,..,..,..,..
Norway,NOR,"Government expenditure on secondary education, US$ (millions)",UIS.X.US.2T3.FSGOV,10219.62223,11333.3364,..,11170.3966,10345.70431,8575.33616,8463.76304,8823.94491,..,..,..,..,..,..,..
Norway,NOR,"Enrolment in pre-primary education, both sexes (number)",SE.PRE.ENRL,173563,175811,179739,183697,186582,186415,184149,181358,179900,..,..,..,..,..,..
Norway,NOR,"Enrolment in secondary education, both sexes (number)",SE.SEC.ENRL,435085,437010,432546,442563,439250,443491,444851,447525,449330,..,..,..,..,..,..
Norway,NOR,"Enrolment in primary education, both sexes (number)",SE.PRM.ENRL,424052,423333,423351,424993,425917,430864,438387,444638,447355,..,..,..,..,..,..
OECD members,OED,"Teachers in primary education, both sexes (number)",SE.PRM.TCHR,5903402.009,5844128.245,5822886.144,5824988.874,5843497.444,5928888.19,6038665.727,6085852.522,6127945.136,6193418.532,..,..,..,..,..
OECD members,OED,"Teachers in secondary education, both sexes (number)",SE.SEC.TCHR,7842500.898,7802024.278,7733635.189,7881928.046,7989866.403,8061413.976,8156684.397,8205259.008,8207769.151,8130903.288,..,..,..,..,..
OECD members,OED,"Teachers in pre-primary education, both sexes (number)",SE.PRE.TCHR,2118749.562,2225674.16,2337535.389,2409904.814,2447557.329,2458080.904,2457492.566,2466159.327,2486967.831,2448302.943,..,..,..,..,..
OECD members,OED,"Adult literacy rate, population 15+ years, both sexes (%)",SE.ADT.LITR.ZS,..,..,..,..,..,..,..,..,..,..,..,..,..,..,..
OECD members,OED,"Government expenditure on pre-primary education, US$ (millions)",UIS.X.US.02.FSGOV,..,..,..,..,..,..,..,..,..,..,..,..,..,..,..
OECD members,OED,"Government expenditure on primary education, US$ (millions)",UIS.X.US.1.FSGOV,..,..,..,..,..,..,..,..,..,..,..,..,..,..,..
OECD members,OED,"Government expenditure on secondary education, US$ (millions)",UIS.X.US.2T3.FSGOV,..,..,..,..,..,..,..,..,..,..,..,..,..,..,..
OECD members,OED,"Enrolment in pre-primary education, both sexes (number)",SE.PRE.ENRL,34697476.91,35386744.64,36029001.02,36375065.07,36774804.23,37100676.3,37562681.3,37787417.56,37853752.73,36986516.74,..,..,..,..,..
OECD members,OED,"Enrolment in secondary education, both sexes (number)",SE.SEC.ENRL,108499007.2,108217372.3,107537025,112861900.1,113246089.9,113429890.7,113534786.2,114222904.2,113730704.6,113013026.8,..,..,..,..,..
OECD members,OED,"Enrolment in primary education, both sexes (number)",SE.PRM.ENRL,95760667,95366738,94869287,94027363.99,93638685.24,93766431.32,94070366.38,94094221.39,94114866.73,95073866.4,..,..,..,..,..
Oman,OMN,"Teachers in primary education, both sexes (number)",SE.PRM.TCHR,..,..,..,..,..,..,..,37916,28814,28044,..,..,..,..,..
Oman,OMN,"Teachers in secondary education, both sexes (number)",SE.SEC.TCHR,..,..,..,..,..,..,..,29653,41340,41032,..,..,..,..,..
Oman,OMN,"Teachers in pre-primary education, both sexes (number)",SE.PRE.TCHR,..,..,..,2278,2465,2986,3121,3458,3815,4338,..,..,..,..,..
Oman,OMN,"Adult literacy rate, population 15+ years, both sexes (%)",SE.ADT.LITR.ZS,86.939,..,..,..,91.9812,93.03861,94.89999,95.576,95.65153,..,..,..,..,..,..
Oman,OMN,"Government expenditure on pre-primary education, US$ (millions)",UIS.X.US.02.FSGOV,0,0,..,..,..,..,..,..,..,91.19113,..,..,..,..,..
Oman,OMN,"Government expenditure on primary education, US$ (millions)",UIS.X.US.1.FSGOV,672.34102,965.01622,..,..,..,..,1722.08102,..,..,1124.57272,..,..,..,..,..
Oman,OMN,"Government expenditure on secondary education, US$ (millions)",UIS.X.US.2T3.FSGOV,812.95492,1106.76419,..,1258.53475,..,..,1516.21555,1616.42826,..,1823.63537,..,..,..,..,..
Oman,OMN,"Enrolment in pre-primary education, both sexes (number)",SE.PRE.ENRL,..,56464,56679,58500,68986,75395,77766,78019,79246,87956,..,..,..,..,..
Oman,OMN,"Enrolment in secondary education, both sexes (number)",SE.SEC.ENRL,..,301073,300067,292814,..,286900,294485,295770,422440,436578,..,..,..,..,..
Oman,OMN,"Enrolment in primary education, both sexes (number)",SE.PRM.ENRL,..,295581,299471,320324,337038,350544,368141,384001,278745,290045,..,..,..,..,..
Other small states,OSS,"Teachers in primary education, both sexes (number)",SE.PRM.TCHR,140363.4695,144645.8658,149093.763,151000.605,151778.3637,156786.5876,161150.0099,165852.7514,168567.2776,172025.0138,..,..,..,..,..
Other small states,OSS,"Teachers in secondary education, both sexes (number)",SE.SEC.TCHR,126110.7262,128425.1236,132300.688,135171.6773,137121.7485,141447.7161,150429.6411,155527.8543,150633.5234,151293.0763,..,..,..,..,..
Other small states,OSS,"Teachers in pre-primary education, both sexes (number)",SE.PRE.TCHR,35710.52678,37257.07509,39022.03458,40333.05175,42371.81605,43595.84286,44033.31923,44737.77109,45046.23176,46377.59076,..,..,..,..,..
Other small states,OSS,"Adult literacy rate, population 15+ years, both sexes (%)",SE.ADT.LITR.ZS,81.4859,82.19191,82.44003,82.886,83.30425,84.69232,84.61512,84.82926,85.06986,85.36423,..,..,..,..,..
Other small states,OSS,"Government expenditure on pre-primary education, US$ (millions)",UIS.X.US.02.FSGOV,..,..,..,..,..,..,..,..,..,..,..,..,..,..,..
Other small states,OSS,"Government expenditure on primary education, US$ (millions)",UIS.X.US.1.FSGOV,..,..,..,..,..,..,..,..,..,..,..,..,..,..,..
Other small states,OSS,"Government expenditure on secondary education, US$ (millions)",UIS.X.US.2T3.FSGOV,..,..,..,..,..,..,..,..,..,..,..,..,..,..,..
Other small states,OSS,"Enrolment in pre-primary education, both sexes (number)",SE.PRE.ENRL,553380.5574,582277.8861,601746.4242,619346.4505,655919.2784,682796.2839,698853.0057,712968.2723,736124.1938,748880.2488,..,..,..,..,..
Other small states,OSS,"Enrolment in secondary education, both sexes (number)",SE.SEC.ENRL,1883904.817,1916778.309,1947506.228,1966100.025,1998174.761,2023901.362,2049234.119,2085021.256,2118272.195,2154886.283,..,..,..,..,..
Other small states,OSS,"Enrolment in primary education, both sexes (number)",SE.PRM.ENRL,3506561.765,3548211.926,3542535.516,3574543.153,3628861.777,3693329.587,3752051.401,3823597.999,3895434.344,3976444.819,..,..,..,..,..
Pacific island small states,PSS,"Teachers in primary education, both sexes (number)",SE.PRM.TCHR,14025.82515,14023.71838,14556.12956,14572.27014,15096.6851,14464.24749,15124.69462,15851.03179,16670.32241,17845.37562,..,..,..,..,..
Pacific island small states,PSS,"Teachers in secondary education, both sexes (number)",SE.SEC.TCHR,11155.65398,11050.89203,12243.66526,12228.61107,12153.64181,12510.0906,12016.96848,..,..,..,..,..,..,..,..
Pacific island small states,PSS,"Teachers in pre-primary education, both sexes (number)",SE.PRE.TCHR,3484.36722,3465.58322,3642.3507,3797.26799,3926.76221,4603.28704,4813.48467,4858.06909,4878.84767,4878.81191,..,..,..,..,..
Pacific island small states,PSS,"Adult literacy rate, population 15+ years, both sexes (%)",SE.ADT.LITR.ZS,90.56086,90.68677,90.79221,90.88946,90.94668,91.01599,91.1451,91.27797,91.29381,..,..,..,..,..,..
Pacific island small states,PSS,"Government expenditure on pre-primary education, US$ (millions)",UIS.X.US.02.FSGOV,..,..,..,..,..,..,..,..,..,..,..,..,..,..,..
Pacific island small states,PSS,"Government expenditure on primary education, US$ (millions)",UIS.X.US.1.FSGOV,..,..,..,..,..,..,..,..,..,..,..,..,..,..,..
Pacific island small states,PSS,"Government expenditure on secondary education, US$ (millions)",UIS.X.US.2T3.FSGOV,..,..,..,..,..,..,..,..,..,..,..,..,..,..,..
Pacific island small states,PSS,"Enrolment in pre-primary education, both sexes (number)",SE.PRE.ENRL,82612.39566,84583.80845,82965.38825,85086.10164,88385.60768,90545.66493,93818.50421,97032.27792,90280.81931,90314.72936,..,..,..,..,..
Pacific island small states,PSS,"Enrolment in secondary education, both sexes (number)",SE.SEC.ENRL,236934.9535,238098.7992,235954.1467,235415.5322,..,..,..,..,..,..,..,..,..,..,..
Pacific island small states,PSS,"Enrolment in primary education, both sexes (number)",SE.PRM.ENRL,329681.2957,331341.5398,332769.8484,340315.5065,345433.7675,350587.1028,357832.3019,365155.5941,367341.8017,375762.7352,..,..,..,..,..
Pakistan,PAK,"Teachers in primary education, both sexes (number)",SE.PRM.TCHR,463674,453164,438161,426575,417675,428281,452414,484267,520252,514304,..,..,..,..,..
Pakistan,PAK,"Teachers in secondary education, both sexes (number)",SE.SEC.TCHR,..,..,444439,483738,527388,571685,590003,646318,654895,..,..,..,..,..,..
Pakistan,PAK,"Teachers in pre-primary education, both sexes (number)",SE.PRE.TCHR,..,..,..,..,..,..,..,..,..,..,..,..,..,..,..
Pakistan,PAK,"Adult literacy rate, population 15+ years, both sexes (%)",SE.ADT.LITR.ZS,55.37519,54.73802,56.76434,55.59499,56.97715,..,..,59.13205,..,..,..,..,..,..,..
Pakistan,PAK,"Government expenditure on pre-primary education, US$ (millions)",UIS.X.US.02.FSGOV,..,..,..,..,..,..,..,..,..,..,..,..,..,..,..
Pakistan,PAK,"Government expenditure on primary education, US$ (millions)",UIS.X.US.1.FSGOV,..,..,..,1828.53651,2003.29491,2010.75744,..,..,..,..,..,..,..,..,..
Pakistan,PAK,"Government expenditure on secondary education, US$ (millions)",UIS.X.US.2T3.FSGOV,..,..,..,1406.19631,1903.11519,2421.22944,..,..,..,..,..,..,..,..,..
Pakistan,PAK,"Enrolment in pre-primary education, both sexes (number)",SE.PRE.ENRL,..,..,6783624,7021475,6550215,6829979,6937302,7833401,8636383,8537946,..,..,..,..,..
Pakistan,PAK,"Enrolment in secondary education, both sexes (number)",SE.SEC.ENRL,9654940,9939407,10371759,10794350,11286628,12077917,12597433,12529168,13357618,13857545,..,..,..,..,..
Pakistan,PAK,"Enrolment in primary education, both sexes (number)",SE.PRM.ENRL,18756348,18050718,18119160,18150234,19431565,19846822,21550582,21686451,22931305,23557724,..,..,..,..,..
Palau,PLW,"Teachers in primary education, both sexes (number)",SE.PRM.TCHR,..,..,..,..,..,..,..,..,..,..,..,..,..,..,..
Palau,PLW,"Teachers in secondary education, both sexes (number)",SE.SEC.TCHR,..,..,..,..,..,..,..,..,..,..,..,..,..,..,..
Palau,PLW,"Teachers in pre-primary education, both sexes (number)",SE.PRE.TCHR,..,..,..,..,29,..,..,..,..,..,..,..,..,..,..
Palau,PLW,"Adult literacy rate, population 15+ years, both sexes (%)",SE.ADT.LITR.ZS,..,..,..,99.50313,..,96.59374,..,..,..,..,..,..,..,..,..
Palau,PLW,"Government expenditure on pre-primary education, US$ (millions)",UIS.X.US.02.FSGOV,..,..,..,..,..,..,..,..,..,..,..,..,..,..,..
Palau,PLW,"Government expenditure on primary education, US$ (millions)",UIS.X.US.1.FSGOV,..,..,..,..,..,..,..,..,..,..,..,..,..,..,..
Palau,PLW,"Government expenditure on secondary education, US$ (millions)",UIS.X.US.2T3.FSGOV,..,..,..,..,..,..,..,..,..,..,..,..,..,..,..
Palau,PLW,"Enrolment in pre-primary education, both sexes (number)",SE.PRE.ENRL,..,..,..,581,518,..,..,..,..,..,..,..,..,..,..
Palau,PLW,"Enrolment in secondary education, both sexes (number)",SE.SEC.ENRL,..,..,..,1672,1604,..,..,..,..,..,..,..,..,..,..
Palau,PLW,"Enrolment in primary education, both sexes (number)",SE.PRM.ENRL,..,..,..,1654,1639,..,..,..,..,..,..,..,..,..,..
Panama,PAN,"Teachers in primary education, both sexes (number)",SE.PRM.TCHR,18746,19108,19340,19507,19404,19072,19072,19072,..,..,..,..,..,..,..
Panama,PAN,"Teachers in secondary education, both sexes (number)",SE.SEC.TCHR,18501,19463,..,20001,22946,23777,23777,23777,..,..,..,..,..,..,..
Panama,PAN,"Teachers in pre-primary education, both sexes (number)",SE.PRE.TCHR,5348,4882,5504,5498,5158,6203,6203,6203,..,..,..,..,..,..,..
Panama,PAN,"Adult literacy rate, population 15+ years, both sexes (%)",SE.ADT.LITR.ZS,94.09412,..,..,..,..,..,..,..,95.41181,..,..,..,..,..,..
Panama,PAN,"Government expenditure on pre-primary education, US$ (millions)",UIS.X.US.02.FSGOV,..,33.16427,..,..,..,..,..,..,..,..,..,..,..,..,..
Panama,PAN,"Government expenditure on primary education, US$ (millions)",UIS.X.US.1.FSGOV,..,257.18122,..,..,..,..,..,..,..,..,..,..,..,..,..
Panama,PAN,"Government expenditure on secondary education, US$ (millions)",UIS.X.US.2T3.FSGOV,..,245.74638,..,..,..,..,..,..,..,..,..,..,..,..,..
Panama,PAN,"Enrolment in pre-primary education, both sexes (number)",SE.PRE.ENRL,92667,91493,96265,102418,105114,114203,93295,95481,..,..,..,..,..,..,..
Panama,PAN,"Enrolment in secondary education, both sexes (number)",SE.SEC.ENRL,283787,285846,..,310391,311816,316899,344790,322913,..,..,..,..,..,..,..
Panama,PAN,"Enrolment in primary education, both sexes (number)",SE.PRM.ENRL,439746,439698,437277,435973,426637,417556,408961,418852,..,..,..,..,..,..,..
Papua New Guinea,PNG,"Teachers in primary education, both sexes (number)",SE.PRM.TCHR,..,..,..,..,..,..,35896,..,..,..,..,..,..,..,..
Papua New Guinea,PNG,"Teachers in secondary education, both sexes (number)",SE.SEC.TCHR,..,..,13804,..,..,..,14791,..,..,..,..,..,..,..,..
Papua New Guinea,PNG,"Teachers in pre-primary education, both sexes (number)",SE.PRE.TCHR,..,..,..,..,..,..,8607,..,..,..,..,..,..,..,..
Papua New Guinea,PNG,"Adult literacy rate, population 15+ years, both sexes (%)",SE.ADT.LITR.ZS,61.6,..,..,..,..,..,..,..,..,..,..,..,..,..,..
Papua New Guinea,PNG,"Government expenditure on pre-primary education, US$ (millions)",UIS.X.US.02.FSGOV,..,..,..,..,..,..,..,..,..,..,..,..,..,..,..
Papua New Guinea,PNG,"Government expenditure on primary education, US$ (millions)",UIS.X.US.1.FSGOV,..,..,..,..,..,..,..,..,..,..,..,..,..,..,..
Papua New Guinea,PNG,"Government expenditure on secondary education, US$ (millions)",UIS.X.US.2T3.FSGOV,..,..,..,..,..,..,..,..,..,..,..,..,..,..,..
Papua New Guinea,PNG,"Enrolment in pre-primary education, both sexes (number)",SE.PRE.ENRL,..,..,..,..,..,..,358198,..,..,..,..,..,..,..,..
Papua New Guinea,PNG,"Enrolment in secondary education, both sexes (number)",SE.SEC.ENRL,..,..,378365,..,..,..,507278,..,..,..,..,..,..,..,..
Papua New Guinea,PNG,"Enrolment in primary education, both sexes (number)",SE.PRM.ENRL,..,..,1132119,..,..,..,1275085,..,..,..,..,..,..,..,..
Paraguay,PRY,"Teachers in primary education, both sexes (number)",SE.PRM.TCHR,..,..,34694,..,..,..,..,..,..,..,..,..,..,..,..
Paraguay,PRY,"Teachers in secondary education, both sexes (number)",SE.SEC.TCHR,..,..,34286,..,..,..,..,..,..,..,..,..,..,..,..
Paraguay,PRY,"Teachers in pre-primary education, both sexes (number)",SE.PRE.TCHR,..,..,6293,..,..,..,..,..,..,..,..,..,..,..,..
Paraguay,PRY,"Adult literacy rate, population 15+ years, both sexes (%)",SE.ADT.LITR.ZS,93.87092,..,94.19747,95.05904,95.03481,95.55484,94.65024,..,94.0208,..,..,..,..,..,..
Paraguay,PRY,"Government expenditure on pre-primary education, US$ (millions)",UIS.X.US.02.FSGOV,50.47327,61.34752,74.91304,..,..,..,107.86924,..,..,..,..,..,..,..,..
Paraguay,PRY,"Government expenditure on primary education, US$ (millions)",UIS.X.US.1.FSGOV,290.60241,376.98808,466.95921,..,..,..,451.69273,..,..,..,..,..,..,..,..
Paraguay,PRY,"Government expenditure on secondary education, US$ (millions)",UIS.X.US.2T3.FSGOV,272.66501,389.44092,402.72118,..,..,..,387.75011,..,..,..,..,..,..,..,..
Paraguay,PRY,"Enrolment in pre-primary education, both sexes (number)",SE.PRE.ENRL,155860,152843,151576,..,..,..,181007,..,..,..,..,..,..,..,..
Paraguay,PRY,"Enrolment in secondary education, both sexes (number)",SE.SEC.ENRL,560866,579734,631003,..,..,..,611308,..,..,..,..,..,..,..,..
Paraguay,PRY,"Enrolment in primary education, both sexes (number)",SE.PRM.ENRL,839291,820437,838198,..,..,..,727363,..,..,..,..,..,..,..,..
Peru,PER,"Teachers in primary education, both sexes (number)",SE.PRM.TCHR,191177,187654,181292,196036,197928,195444,195273,197603,206638,212567,..,..,..,..,..
Peru,PER,"Teachers in secondary education, both sexes (number)",SE.SEC.TCHR,167262,160018,155868,176662,188070,190307,191963,190361,195767,208630.6035,..,..,..,..,..
Peru,PER,"Teachers in pre-primary education, both sexes (number)",SE.PRE.TCHR,68793,76117,76395,..,..,86964,84343,84343,84032,88544.70408,..,..,..,..,..
Peru,PER,"Adult literacy rate, population 15+ years, both sexes (%)",SE.ADT.LITR.ZS,..,..,93.84173,..,93.70795,94.16234,94.17367,94.14961,94.40827,..,..,..,..,..,..
Peru,PER,"Government expenditure on pre-primary education, US$ (millions)",UIS.X.US.02.FSGOV,509.42963,561.41931,754.64972,994.15638,1230.6448,1253.55494,1144.76991,1327.71607,1328.37132,1375.9557,..,..,..,..,..
Peru,PER,"Government expenditure on primary education, US$ (millions)",UIS.X.US.1.FSGOV,1686.13469,1776.44848,2061.5158,2632.80785,2854.9511,2749.14577,2549.40987,2777.78374,2801.29345,2849.60797,..,..,..,..,..
Peru,PER,"Government expenditure on secondary education, US$ (millions)",UIS.X.US.2T3.FSGOV,1447.34552,1436.75513,1794.37547,1889.57234,2279.61941,2318.93822,2379.96458,2802.00701,2829.2493,2916.30367,..,..,..,..,..
Peru,PER,"Enrolment in pre-primary education, both sexes (number)",SE.PRE.ENRL,1376126,1350054,1363710,1502590,1551243,1578698,1598561,1611683,1642768,1680320,..,..,..,..,..
Peru,PER,"Enrolment in secondary education, both sexes (number)",SE.SEC.ENRL,2674593,2671275,2611168,2731762,2670847,2681531,2752717,2775348,2779973,2825788,..,..,..,..,..
Peru,PER,"Enrolment in primary education, both sexes (number)",SE.PRM.ENRL,3762681,3671207,3478689,3545103,3495614,3513439,3576943,3544359,3592865,3715130,..,..,..,..,..
Philippines,PHL,"Teachers in primary education, both sexes (number)",SE.PRM.TCHR,..,..,..,..,461244,477530,493084,482743,495636,..,..,..,..,..,..
Philippines,PHL,"Teachers in secondary education, both sexes (number)",SE.SEC.TCHR,..,..,..,..,267515,279052,314482,377174,421823.8576,..,..,..,..,..,..
Philippines,PHL,"Teachers in pre-primary education, both sexes (number)",SE.PRE.TCHR,..,..,..,..,..,74619,63031,67001,69782,..,..,..,..,..,..
Philippines,PHL,"Adult literacy rate, population 15+ years, both sexes (%)",SE.ADT.LITR.ZS,..,..,..,96.398,..,98.18255,..,..,..,..,..,..,..,..,..
Philippines,PHL,"Government expenditure on pre-primary education, US$ (millions)",UIS.X.US.02.FSGOV,..,..,..,..,..,..,..,..,..,..,..,..,..,..,..
Philippines,PHL,"Government expenditure on primary education, US$ (millions)",UIS.X.US.1.FSGOV,..,..,..,..,..,..,..,..,..,..,..,..,..,..,..
Philippines,PHL,"Government expenditure on secondary education, US$ (millions)",UIS.X.US.2T3.FSGOV,..,..,..,..,..,..,..,..,..,..,..,..,..,..,..
Philippines,PHL,"Enrolment in pre-primary education, both sexes (number)",SE.PRE.ENRL,..,..,..,..,..,2211846,2119579,..,2268455,..,..,..,..,..,..
Philippines,PHL,"Enrolment in secondary education, both sexes (number)",SE.SEC.ENRL,..,..,..,..,7220389,7319461,7397290,9007148,10562477,..,..,..,..,..,..
Philippines,PHL,"Enrolment in primary education, both sexes (number)",SE.PRM.ENRL,..,..,..,..,14460377,14453060,14293635,14039867,13418841,..,..,..,..,..,..
Poland,POL,"Teachers in primary education, both sexes (number)",SE.PRM.TCHR,239888,215813,214730,211238,211201,219826,229490,225581,283469,..,..,..,..,..,..
Poland,POL,"Teachers in secondary education, both sexes (number)",SE.SEC.TCHR,273368,305993,301481,291374,279213,273481,267777,264616,228412,..,..,..,..,..,..
Poland,POL,"Teachers in pre-primary education, both sexes (number)",SE.PRE.TCHR,58579,72130,77000,81134,86968,91024,92356,100161,102463,..,..,..,..,..,..
Poland,POL,"Adult literacy rate, population 15+ years, both sexes (%)",SE.ADT.LITR.ZS,..,..,..,..,..,..,..,..,..,..,..,..,..,..,..
Poland,POL,"Government expenditure on pre-primary education, US$ (millions)",UIS.X.US.02.FSGOV,2437.37437,2789.98764,2755.70981,3075.04714,3325.06149,2912.35839,3003.03744,3519.08172,..,..,..,..,..,..,..
Poland,POL,"Government expenditure on primary education, US$ (millions)",UIS.X.US.1.FSGOV,7539.29972,7828.23476,7336.80301,7847.22837,8410.84105,7089.42132,6942.47033,7576.82138,..,..,..,..,..,..,..
Poland,POL,"Government expenditure on secondary education, US$ (millions)",UIS.X.US.2T3.FSGOV,8625.05993,8830.91111,8174.85767,8473.63507,8413.26676,7079.54438,6856.04139,7159.03783,..,..,..,..,..,..,..
Poland,POL,"Enrolment in pre-primary education, both sexes (number)",SE.PRE.ENRL,994138,1059281,1160509,1216467,1297190,..,..,1299138,1361183,..,..,..,..,..,..
Poland,POL,"Enrolment in secondary education, both sexes (number)",SE.SEC.ENRL,2841629,2726279,2611081,2777727,2641287,2548405,2462928,2407618,2392353,..,..,..,..,..,..
Poland,POL,"Enrolment in primary education, both sexes (number)",SE.PRM.ENRL,2234937,2191659,2187172,2160861,2152655,..,..,2296529,2277483,..,..,..,..,..,..
Portugal,PRT,"Teachers in primary education, both sexes (number)",SE.PRM.TCHR,67734,64929,59955,54222,50276,49355,50001,50982,51382,..,..,..,..,..,..
Portugal,PRT,"Teachers in secondary education, both sexes (number)",SE.SEC.TCHR,98089,96447,89901,81749,77685,78418,79425,80914,82664,..,..,..,..,..,..
Portugal,PRT,"Teachers in pre-primary education, both sexes (number)",SE.PRE.TCHR,17531,17499,16892,16331,15563,15385,15318,15335,15304,..,..,..,..,..,..
Portugal,PRT,"Adult literacy rate, population 15+ years, both sexes (%)",SE.ADT.LITR.ZS,..,94.47705,..,..,..,..,..,..,96.13759,..,..,..,..,..,..
Portugal,PRT,"Government expenditure on pre-primary education, US$ (millions)",UIS.X.US.02.FSGOV,932.37882,927.56504,829.11674,939.96847,973.9671,784.43889,..,880.5685,..,..,..,..,..,..,..
Portugal,PRT,"Government expenditure on primary education, US$ (millions)",UIS.X.US.1.FSGOV,3472.63066,3471.55918,3057.61207,3541.71773,3516.27036,2820.27105,..,3265.17274,..,..,..,..,..,..,..
Portugal,PRT,"Government expenditure on secondary education, US$ (millions)",UIS.X.US.2T3.FSGOV,5666.84605,5482.1353,4778.13056,5239.93982,4974.80104,4148.95994,..,4929.57173,..,..,..,..,..,..,..
Portugal,PRT,"Enrolment in pre-primary education, both sexes (number)",SE.PRE.ENRL,274387,276125,272547,266666,265414,264660,259850,253959,240231,..,..,..,..,..,..
Portugal,PRT,"Enrolment in secondary education, both sexes (number)",SE.SEC.ENRL,720688,725804,734003,798925,768631,778589,766052,769977,767094,..,..,..,..,..,..
Portugal,PRT,"Enrolment in primary education, both sexes (number)",SE.PRM.ENRL,733515,720740,703525,693045,674038,656727,638883,629804,621660,..,..,..,..,..,..
Post-demographic dividend,PST,"Teachers in primary education, both sexes (number)",SE.PRM.TCHR,4742739.525,4693290.601,4653079.914,4645494.978,4672784.502,4745634.706,4836351.288,4896115.307,4879190.231,4920224.819,..,..,..,..,..
Post-demographic dividend,PST,"Teachers in secondary education, both sexes (number)",SE.SEC.TCHR,6775728.423,6635955.089,6589745.327,6662661.669,6643490.733,6633218.139,6676309.576,6675134.723,6659689.578,6573178.59,..,..,..,..,..
Post-demographic dividend,PST,"Teachers in pre-primary education, both sexes (number)",SE.PRE.TCHR,1963333.316,2049670.711,2146227.483,2144204.068,2177987.67,2152042.148,2142435.084,2130755.319,2134624.659,2096166.187,..,..,..,..,..
Post-demographic dividend,PST,"Adult literacy rate, population 15+ years, both sexes (%)",SE.ADT.LITR.ZS,..,..,..,..,..,..,..,..,..,..,..,..,..,..,..
Post-demographic dividend,PST,"Government expenditure on pre-primary education, US$ (millions)",UIS.X.US.02.FSGOV,..,..,..,..,..,..,..,..,..,..,..,..,..,..,..
Post-demographic dividend,PST,"Government expenditure on primary education, US$ (millions)",UIS.X.US.1.FSGOV,..,..,..,..,..,..,..,..,..,..,..,..,..,..,..
Post-demographic dividend,PST,"Government expenditure on secondary education, US$ (millions)",UIS.X.US.2T3.FSGOV,..,..,..,..,..,..,..,..,..,..,..,..,..,..,..
Post-demographic dividend,PST,"Enrolment in pre-primary education, both sexes (number)",SE.PRE.ENRL,28004050.75,28477937.58,28909526.56,28942406.64,29276865.49,29248132.06,29550282.24,29467559.4,29240683.87,28372771.96,..,..,..,..,..
Post-demographic dividend,PST,"Enrolment in secondary education, both sexes (number)",SE.SEC.ENRL,84792718.25,83733270.69,83271134.05,85005434.01,84654033.44,83952251.98,83697198.65,83670627.25,83039836.39,82439429.18,..,..,..,..,..
Post-demographic dividend,PST,"Enrolment in primary education, both sexes (number)",SE.PRM.ENRL,67687825.11,67502894.11,67280968.91,67477767.68,67523529.38,67857109.45,68326049.66,68897369.39,68971066.73,69962821.33,..,..,..,..,..
Pre-demographic dividend,PRE,"Teachers in primary education, both sexes (number)",SE.PRM.TCHR,3005769.772,3228461.74,3243816.22,3662532.617,3838031.375,3908784.027,4030588.452,4158396.402,4305874.507,4395896.89,..,..,..,..,..
Pre-demographic dividend,PRE,"Teachers in secondary education, both sexes (number)",SE.SEC.TCHR,1705829.974,1998142.242,1920185.095,2275491.692,2332107.704,2491068.196,2455558.474,2556375.9,..,..,..,..,..,..,..
Pre-demographic dividend,PRE,"Teachers in pre-primary education, both sexes (number)",SE.PRE.TCHR,382708.9245,425928.3202,461010.4989,523603.3242,403679.289,430492.6318,604215.5198,624605.2901,638368.6187,..,..,..,..,..,..
Pre-demographic dividend,PRE,"Adult literacy rate, population 15+ years, both sexes (%)",SE.ADT.LITR.ZS,54.58862,56.30136,58.83407,59.53053,60.6,59.66225,61.96347,62.92971,62.00147,62.55918,..,..,..,..,..
Pre-demographic dividend,PRE,"Government expenditure on pre-primary education, US$ (millions)",UIS.X.US.02.FSGOV,..,..,..,..,..,..,..,..,..,..,..,..,..,..,..
Pre-demographic dividend,PRE,"Government expenditure on primary education, US$ (millions)",UIS.X.US.1.FSGOV,..,..,..,..,..,..,..,..,..,..,..,..,..,..,..
Pre-demographic dividend,PRE,"Government expenditure on secondary education, US$ (millions)",UIS.X.US.2T3.FSGOV,..,..,..,..,..,..,..,..,..,..,..,..,..,..,..
Pre-demographic dividend,PRE,"Enrolment in pre-primary education, both sexes (number)",SE.PRE.ENRL,10832158.94,12336853.34,13866359.38,15704878.21,11947453.56,13013672.26,18209266.36,18727762.74,19047200.04,19436421.61,..,..,..,..,..
Pre-demographic dividend,PRE,"Enrolment in secondary education, both sexes (number)",SE.SEC.ENRL,37804994.44,40042604.99,42506636.38,46865305.44,46810614.87,48981768.51,49793452.5,51621688.57,53588432.7,..,..,..,..,..,..
Pre-demographic dividend,PRE,"Enrolment in primary education, both sexes (number)",SE.PRM.ENRL,119336452.7,124518813,129817912.1,134086741,137235942.6,138110087,142283282.8,146602104.2,151288199.6,155353374,..,..,..,..,..
Puerto Rico,PRI,"Teachers in primary education, both sexes (number)",SE.PRM.TCHR,25708,22395,19081,20457,19266,18028,16810,..,14453,..,..,..,..,..,..
Puerto Rico,PRI,"Teachers in secondary education, both sexes (number)",SE.SEC.TCHR,26161,22900,19639,20896,15437,14749,13753,..,11825,..,..,..,..,..,..
Puerto Rico,PRI,"Teachers in pre-primary education, both sexes (number)",SE.PRE.TCHR,7392,6425,5457,2990,..,2113,1970,..,1694,..,..,..,..,..,..
Puerto Rico,PRI,"Adult literacy rate, population 15+ years, both sexes (%)",SE.ADT.LITR.ZS,91.96523,..,..,..,..,..,..,92.39,..,..,..,..,..,..,..
Puerto Rico,PRI,"Government expenditure on pre-primary education, US$ (millions)",UIS.X.US.02.FSGOV,..,..,..,474.06836,459.41327,..,..,..,..,..,..,..,..,..,..
Puerto Rico,PRI,"Government expenditure on primary education, US$ (millions)",UIS.X.US.1.FSGOV,..,..,..,1424.47968,1368.96166,..,..,..,..,..,..,..,..,..,..
Puerto Rico,PRI,"Government expenditure on secondary education, US$ (millions)",UIS.X.US.2T3.FSGOV,..,..,..,1551.10009,1530.85494,..,..,..,..,..,..,..,..,..,..
Puerto Rico,PRI,"Enrolment in pre-primary education, both sexes (number)",SE.PRE.ENRL,94875,101472,92023,74529,..,37685,34475,..,31126,..,..,..,..,..,..
Puerto Rico,PRI,"Enrolment in secondary education, both sexes (number)",SE.SEC.ENRL,290991,271651,269673,269351.5135,266077,278964,236001,..,218923,..,..,..,..,..,..
Puerto Rico,PRI,"Enrolment in primary education, both sexes (number)",SE.PRM.ENRL,299746,269885,268460,263734,258958,250579,227548,..,208544,..,..,..,..,..,..
Qatar,QAT,"Teachers in primary education, both sexes (number)",SE.PRM.TCHR,7374,8421,10566,10677,10478,11221,11971,12435,12649,13093,..,..,..,..,..
Qatar,QAT,"Teachers in secondary education, both sexes (number)",SE.SEC.TCHR,6938,7184,7899,8169,8698,8941,9582,9893,9738,9968,..,..,..,..,..
Qatar,QAT,"Teachers in pre-primary education, both sexes (number)",SE.PRE.TCHR,..,2014,..,2153,2717,3008,3159,3314,3264,3502,..,..,..,..,..
Qatar,QAT,"Adult literacy rate, population 15+ years, both sexes (%)",SE.ADT.LITR.ZS,91.77885,91.36408,90.17006,90.63299,91.32722,..,93.1453,93.46397,..,..,..,..,..,..,..
Qatar,QAT,"Government expenditure on pre-primary education, US$ (millions)",UIS.X.US.02.FSGOV,..,..,..,..,..,..,..,..,..,..,..,..,..,..,..
Qatar,QAT,"Government expenditure on primary education, US$ (millions)",UIS.X.US.1.FSGOV,..,..,..,..,..,..,..,..,..,..,..,..,..,..,..
Qatar,QAT,"Government expenditure on secondary education, US$ (millions)",UIS.X.US.2T3.FSGOV,..,..,..,..,..,..,..,..,..,..,..,..,..,..,..
Qatar,QAT,"Enrolment in pre-primary education, both sexes (number)",SE.PRE.ENRL,..,29516,..,33204,37821,42615,45945,47712,48411,49085,..,..,..,..,..
Qatar,QAT,"Enrolment in secondary education, both sexes (number)",SE.SEC.ENRL,68924,72754,76841,79006,88466,95567,98149,103042,107537,117369,..,..,..,..,..
Qatar,QAT,"Enrolment in primary education, both sexes (number)",SE.PRM.ENRL,88723,94985,101424,106801,117454,130464,139194,146418,153908,159109,..,..,..,..,..
Romania,ROU,"Teachers in primary education, both sexes (number)",SE.PRM.TCHR,52272,47560,45959,50626,50857,50098,48591,48009,48935,..,..,..,..,..,..
Romania,ROU,"Teachers in secondary education, both sexes (number)",SE.SEC.TCHR,146017,137170,134412,130244,131171,129210,125023,124376,123660,..,..,..,..,..,..
Romania,ROU,"Teachers in pre-primary education, both sexes (number)",SE.PRE.TCHR,38322,37353,37391,35071,35433,35094,34598,34322,34720,..,..,..,..,..,..
Romania,ROU,"Adult literacy rate, population 15+ years, both sexes (%)",SE.ADT.LITR.ZS,..,98.60429,..,..,..,..,..,..,98.8445,..,..,..,..,..,..
Romania,ROU,"Government expenditure on pre-primary education, US$ (millions)",UIS.X.US.02.FSGOV,581.01262,544.75169,487.96494,570.34887,671.32748,590.4581,578.1861,665.20527,..,..,..,..,..,..,..
Romania,ROU,"Government expenditure on primary education, US$ (millions)",UIS.X.US.1.FSGOV,953.34026,886.8825,804.89014,960.39094,856.20626,735.82046,700.48236,807.52551,..,..,..,..,..,..,..
Romania,ROU,"Government expenditure on secondary education, US$ (millions)",UIS.X.US.2T3.FSGOV,2077.23969,1917.1751,1818.87146,2148.24544,2550.06569,2272.27401,2191.55745,2633.67933,..,..,..,..,..,..,..
Romania,ROU,"Enrolment in pre-primary education, both sexes (number)",SE.PRE.ENRL,666123,673736,673641,581144,568659,559565,534742,521196,521161,..,..,..,..,..,..
Romania,ROU,"Enrolment in secondary education, both sexes (number)",SE.SEC.ENRL,1821782,1777771,1714307,1669005,1609259,1562960,1515238,1502438,1457948,..,..,..,..,..,..
Romania,ROU,"Enrolment in primary education, both sexes (number)",SE.PRM.ENRL,842238,825962,807047,..,..,947205,939147,928245,947931,..,..,..,..,..,..
Russian Federation,RUS,"Teachers in primary education, both sexes (number)",SE.PRM.TCHR,..,..,281503,285029,289051,296994,300639,309219,321587,..,..,..,..,..,..
Russian Federation,RUS,"Teachers in secondary education, both sexes (number)",SE.SEC.TCHR,..,..,1045810,..,..,..,..,..,..,..,..,..,..,..,..
Russian Federation,RUS,"Teachers in pre-primary education, both sexes (number)",SE.PRE.TCHR,..,..,..,..,..,..,..,..,..,..,..,..,..,..,..
Russian Federation,RUS,"Adult literacy rate, population 15+ years, both sexes (%)",SE.ADT.LITR.ZS,99.68427,..,..,..,..,..,..,..,99.73006,..,..,..,..,..,..
Russian Federation,RUS,"Government expenditure on pre-primary education, US$ (millions)",UIS.X.US.02.FSGOV,..,..,..,20428.39348,..,..,..,..,..,..,..,..,..,..,..
Russian Federation,RUS,"Government expenditure on primary education, US$ (millions)",UIS.X.US.1.FSGOV,..,..,..,..,..,..,..,..,..,..,..,..,..,..,..
Russian Federation,RUS,"Government expenditure on secondary education, US$ (millions)",UIS.X.US.2T3.FSGOV,..,..,..,..,..,..,..,..,..,..,..,..,..,..,..
Russian Federation,RUS,"Enrolment in pre-primary education, both sexes (number)",SE.PRE.ENRL,..,4494547,4727195,5030977,5397301,5776033,6096576,6252808,6386677,..,..,..,..,..,..
Russian Federation,RUS,"Enrolment in secondary education, both sexes (number)",SE.SEC.ENRL,..,9206247,9165252,9092027,9061324,9384610,9566901,9905067,10242404,..,..,..,..,..,..
Russian Federation,RUS,"Enrolment in primary education, both sexes (number)",SE.PRM.ENRL,..,5318323,5514819,5651730,5725528,5982572,6198783,6573633,6927980,..,..,..,..,..,..
Rwanda,RWA,"Teachers in primary education, both sexes (number)",SE.PRM.TCHR,35583,40299,40397,40159,41193,42005,43558,43906,42073,43878,..,..,..,..,..
Rwanda,RWA,"Teachers in secondary education, both sexes (number)",SE.SEC.TCHR,..,20522,23335,25532,27116,29558,30805,30415,..,..,..,..,..,..,..
Rwanda,RWA,"Teachers in pre-primary education, both sexes (number)",SE.PRE.TCHR,..,2941,3247,3455,4671,5386,5859,6812,6280,6931,..,..,..,..,..
Rwanda,RWA,"Adult literacy rate, population 15+ years, both sexes (%)",SE.ADT.LITR.ZS,65.85227,..,68.33103,..,70.80413,..,..,..,73.21559,..,..,..,..,..,..
Rwanda,RWA,"Government expenditure on pre-primary education, US$ (millions)",UIS.X.US.02.FSGOV,0.51707,0.31512,0.84175,0.5619,..,3.85377,22.61667,..,3.61734,..,..,..,..,..,..
Rwanda,RWA,"Government expenditure on primary education, US$ (millions)",UIS.X.US.1.FSGOV,96.54563,85.49999,110.33613,109.30028,..,98.23632,101.57121,..,81.24185,..,..,..,..,..,..
Rwanda,RWA,"Government expenditure on secondary education, US$ (millions)",UIS.X.US.2T3.FSGOV,80.63031,101.07999,111.05593,151.42096,..,128.18948,155.0231,..,108.78989,..,..,..,..,..,..
Rwanda,RWA,"Enrolment in pre-primary education, both sexes (number)",SE.PRE.ENRL,96934,111875,130403,142471,159291,183658,185666,220435,226706,282428,..,..,..,..,..
Rwanda,RWA,"Enrolment in secondary education, both sexes (number)",SE.SEC.ENRL,425587,486442,534712,581962,587069,567838,572324,610972,658285,732104,..,..,..,..,..
Rwanda,RWA,"Enrolment in primary education, both sexes (number)",SE.PRM.ENRL,2299326,2341146,2394674,2402164,2399439,2450705,2546263,2540374,2503705,2512465,..,..,..,..,..
Samoa,WSM,"Teachers in primary education, both sexes (number)",SE.PRM.TCHR,1021,..,..,..,..,..,..,..,..,..,..,..,..,..,..
Samoa,WSM,"Teachers in secondary education, both sexes (number)",SE.SEC.TCHR,1211,..,..,..,..,..,..,..,..,..,..,..,..,..,..
Samoa,WSM,"Teachers in pre-primary education, both sexes (number)",SE.PRE.TCHR,303,334,343,..,330,340,341,366,435,423,..,..,..,..,..
Samoa,WSM,"Adult literacy rate, population 15+ years, both sexes (%)",SE.ADT.LITR.ZS,..,98.97326,..,..,..,..,..,..,99.09577,..,..,..,..,..,..
Samoa,WSM,"Government expenditure on pre-primary education, US$ (millions)",UIS.X.US.02.FSGOV,..,..,..,..,..,..,0.28955,..,..,..,..,..,..,..,..
Samoa,WSM,"Government expenditure on primary education, US$ (millions)",UIS.X.US.1.FSGOV,..,..,..,..,..,..,12.15615,..,..,..,..,..,..,..,..
Samoa,WSM,"Government expenditure on secondary education, US$ (millions)",UIS.X.US.2T3.FSGOV,..,..,..,..,..,..,14.04764,..,..,..,..,..,..,..,..
Samoa,WSM,"Enrolment in pre-primary education, both sexes (number)",SE.PRE.ENRL,3514,3924,3498,..,3787,4131,4037,4836,5111,4203,..,..,..,..,..
Samoa,WSM,"Enrolment in secondary education, both sexes (number)",SE.SEC.ENRL,25998,25640,25564,..,26322,25994,25964,..,..,..,..,..,..,..,..
Samoa,WSM,"Enrolment in primary education, both sexes (number)",SE.PRM.ENRL,30871,29860,29869,..,31352,31998,32629,32950,33123,33841,..,..,..,..,..
San Marino,SMR,"Teachers in primary education, both sexes (number)",SE.PRM.TCHR,244,244,251,..,..,..,..,..,245,243,..,..,..,..,..
San Marino,SMR,"Teachers in secondary education, both sexes (number)",SE.SEC.TCHR,161,..,..,..,..,..,..,..,283,272,..,..,..,..,..
San Marino,SMR,"Teachers in pre-primary education, both sexes (number)",SE.PRE.TCHR,139,140,142,..,..,..,..,..,129,139,..,..,..,..,..
San Marino,SMR,"Adult literacy rate, population 15+ years, both sexes (%)",SE.ADT.LITR.ZS,..,..,..,..,..,..,..,..,99.91643,..,..,..,..,..,..
San Marino,SMR,"Government expenditure on pre-primary education, US$ (millions)",UIS.X.US.02.FSGOV,9.41088,9.8816,..,..,..,..,..,7.95752,11.31318,..,..,..,..,..,..
San Marino,SMR,"Government expenditure on primary education, US$ (millions)",UIS.X.US.1.FSGOV,15.6747,16.33584,..,..,..,..,..,17.74062,20.0679,..,..,..,..,..,..
San Marino,SMR,"Government expenditure on secondary education, US$ (millions)",UIS.X.US.2T3.FSGOV,19.54289,17.532,..,..,..,..,..,17.88929,18.70531,..,..,..,..,..,..
San Marino,SMR,"Enrolment in pre-primary education, both sexes (number)",SE.PRE.ENRL,1033,1056,1102,..,..,..,..,..,909,883,..,..,..,..,..
San Marino,SMR,"Enrolment in secondary education, both sexes (number)",SE.SEC.ENRL,2334,2368,2407,..,..,..,..,..,1653,1674,..,..,..,..,..
San Marino,SMR,"Enrolment in primary education, both sexes (number)",SE.PRM.ENRL,1577,1563,1574,..,..,..,..,..,1698,1653,..,..,..,..,..
Sao Tome and Principe,STP,"Teachers in primary education, both sexes (number)",SE.PRM.TCHR,..,1183,1183,1107,1054,917,1132,1193,..,..,..,..,..,..,..
Sao Tome and Principe,STP,"Teachers in secondary education, both sexes (number)",SE.SEC.TCHR,..,601,..,..,793,1066,936,..,..,..,..,..,..,..,..
Sao Tome and Principe,STP,"Teachers in pre-primary education, both sexes (number)",SE.PRE.TCHR,330,..,..,444,467,662,..,..,..,..,..,..,..,..,..
Sao Tome and Principe,STP,"Adult literacy rate, population 15+ years, both sexes (%)",SE.ADT.LITR.ZS,..,..,90.1431,..,..,..,..,..,92.81664,..,..,..,..,..,..
Sao Tome and Principe,STP,"Government expenditure on pre-primary education, US$ (millions)",UIS.X.US.02.FSGOV,..,..,1.77651,2.06591,1.56635,..,..,..,..,..,..,..,..,..,..
Sao Tome and Principe,STP,"Government expenditure on primary education, US$ (millions)",UIS.X.US.1.FSGOV,..,..,8.24956,9.58947,7.30159,..,..,..,..,..,..,..,..,..,..
Sao Tome and Principe,STP,"Government expenditure on secondary education, US$ (millions)",UIS.X.US.2T3.FSGOV,..,..,3.40316,4.85208,2.95743,..,..,..,..,..,..,..,..,..,..
Sao Tome and Principe,STP,"Enrolment in pre-primary education, both sexes (number)",SE.PRE.ENRL,6309,8591,8510,7881,7009,8610,9227,..,..,..,..,..,..,..,..
Sao Tome and Principe,STP,"Enrolment in secondary education, both sexes (number)",SE.SEC.ENRL,10097,11884,14061,16118,19386,22123,23232,25875,..,..,..,..,..,..,..
Sao Tome and Principe,STP,"Enrolment in primary education, both sexes (number)",SE.PRM.ENRL,34116,35250,33893,34733,34493,35558,36394,37172,..,..,..,..,..,..,..
Saudi Arabia,SAU,"Teachers in primary education, both sexes (number)",SE.PRM.TCHR,297737,304041,315626,344836,347349,320731,286923,264175,238784,231117,..,..,..,..,..
Saudi Arabia,SAU,"Teachers in secondary education, both sexes (number)",SE.SEC.TCHR,..,..,..,315863,311944,323406,301421,272675,269616,232900,..,..,..,..,..
Saudi Arabia,SAU,"Teachers in pre-primary education, both sexes (number)",SE.PRE.TCHR,18521,20355,22623,25585,28246,28536,35993,32986,25443,23483,..,..,..,..,..
Saudi Arabia,SAU,"Adult literacy rate, population 15+ years, both sexes (%)",SE.ADT.LITR.ZS,..,..,..,94.42634,..,..,..,95.32863,..,..,..,..,..,..,..
Saudi Arabia,SAU,"Government expenditure on pre-primary education, US$ (millions)",UIS.X.US.02.FSGOV,..,..,..,..,..,..,..,..,..,..,..,..,..,..,..
Saudi Arabia,SAU,"Government expenditure on primary education, US$ (millions)",UIS.X.US.1.FSGOV,..,..,..,..,..,..,..,..,..,..,..,..,..,..,..
Saudi Arabia,SAU,"Government expenditure on secondary education, US$ (millions)",UIS.X.US.2T3.FSGOV,..,..,..,..,..,..,..,..,..,..,..,..,..,..,..
Saudi Arabia,SAU,"Enrolment in pre-primary education, both sexes (number)",SE.PRE.ENRL,190462,209508,241831,246385,305517,373534,389556,373862,382601,390099,..,..,..,..,..
Saudi Arabia,SAU,"Enrolment in secondary education, both sexes (number)",SE.SEC.ENRL,..,..,..,..,..,3319742,3160633,3039012,3108384,3159358,..,..,..,..,..
Saudi Arabia,SAU,"Enrolment in primary education, both sexes (number)",SE.PRM.ENRL,3321066,3347680,3436259,3635779,3737083,3494490,3357365,3230001,3298788,3390589,..,..,..,..,..
Senegal,SEN,"Teachers in primary education, both sexes (number)",SE.PRM.TCHR,50369,53949,56284,57232,59780,61620,..,..,..,64577,..,..,..,..,..
Senegal,SEN,"Teachers in secondary education, both sexes (number)",SE.SEC.TCHR,..,31525,38068,39337,43661,55786,..,..,..,..,..,..,..,..,..
Senegal,SEN,"Teachers in pre-primary education, both sexes (number)",SE.PRE.TCHR,6009,7996,9948,10877,11559,12274,..,..,..,11670,..,..,..,..,..
Senegal,SEN,"Adult literacy rate, population 15+ years, both sexes (%)",SE.ADT.LITR.ZS,..,51.81455,..,43.5345,..,..,..,51.90042,..,..,..,..,..,..,..
Senegal,SEN,"Government expenditure on pre-primary education, US$ (millions)",UIS.X.US.02.FSGOV,9.33626,13.19736,22.59501,31.88888,32.77812,38.48888,4.39221,..,6.76504,..,..,..,..,..,..
Senegal,SEN,"Government expenditure on primary education, US$ (millions)",UIS.X.US.1.FSGOV,363.48871,361.13181,354.76793,382.84045,394.72065,331.31946,304.89129,..,355.69513,..,..,..,..,..,..
Senegal,SEN,"Government expenditure on secondary education, US$ (millions)",UIS.X.US.2T3.FSGOV,234.60796,248.82649,234.58165,294.75108,377.40442,284.62284,162.13128,..,188.90309,..,..,..,..,..,..
Senegal,SEN,"Enrolment in pre-primary education, both sexes (number)",SE.PRE.ENRL,146838,160687,174855,191361,199024,208520,..,..,..,252330,..,..,..,..,..
Senegal,SEN,"Enrolment in secondary education, both sexes (number)",SE.SEC.ENRL,725208,848030,945792,1025089,1094751,1136477,..,..,..,1149844,..,..,..,..,..
Senegal,SEN,"Enrolment in primary education, both sexes (number)",SE.PRM.ENRL,1695007,1797147,1839982,1845649,1926736.18,1977388,..,..,..,2171967,..,..,..,..,..
Serbia,SRB,"Teachers in primary education, both sexes (number)",SE.PRM.TCHR,17314,18648,18511,19014,18126,18318,18771,18829,18664,18754,..,..,..,..,..
Serbia,SRB,"Teachers in secondary education, both sexes (number)",SE.SEC.TCHR,61541,61702,62374,61917,63360,65494,66286,66600,67217,67097,..,..,..,..,..
Serbia,SRB,"Teachers in pre-primary education, both sexes (number)",SE.PRE.TCHR,11226,11589,12026,12351,12347,12714,13094,13511,14083,14403,..,..,..,..,..
Serbia,SRB,"Adult literacy rate, population 15+ years, both sexes (%)",SE.ADT.LITR.ZS,..,97.96241,..,..,..,..,98.84151,..,..,..,..,..,..,..,..
Serbia,SRB,"Government expenditure on pre-primary education, US$ (millions)",UIS.X.US.02.FSGOV,9.19864,23.20907,..,..,..,10.88292,..,..,30.88839,..,..,..,..,..,..
Serbia,SRB,"Government expenditure on primary education, US$ (millions)",UIS.X.US.1.FSGOV,829.92298,944.8355,..,..,..,680.78764,..,..,..,..,..,..,..,..,..
Serbia,SRB,"Government expenditure on secondary education, US$ (millions)",UIS.X.US.2T3.FSGOV,420.95025,483.05411,..,..,..,343.64019,..,..,1260.50425,..,..,..,..,..,..
Serbia,SRB,"Enrolment in pre-primary education, both sexes (number)",SE.PRE.ENRL,157693,153257,155526,156890,157355,154304,156074,160936,163931,167922,..,..,..,..,..
Serbia,SRB,"Enrolment in secondary education, both sexes (number)",SE.SEC.ENRL,590830,575948,565869,557425,548158,553448,545419,538238,534106,528758,..,..,..,..,..
Serbia,SRB,"Enrolment in primary education, both sexes (number)",SE.PRM.ENRL,283161,288690,289403,288196,284754,279220,272523,268952,266759,264194,..,..,..,..,..
Seychelles,SYC,"Teachers in primary education, both sexes (number)",SE.PRM.TCHR,691,656,693,661,662,654,644,644,639,636,..,..,..,..,..
Seychelles,SYC,"Teachers in secondary education, both sexes (number)",SE.SEC.TCHR,592,603,605,595,550,617,638,635,692,698,..,..,..,..,..
Seychelles,SYC,"Teachers in pre-primary education, both sexes (number)",SE.PRE.TCHR,232,175,172,195,183,170,186,189,168,167,..,..,..,..,..
Seychelles,SYC,"Adult literacy rate, population 15+ years, both sexes (%)",SE.ADT.LITR.ZS,93.95423,..,..,..,..,..,..,..,95.86771,..,..,..,..,..,..
Seychelles,SYC,"Government expenditure on pre-primary education, US$ (millions)",UIS.X.US.02.FSGOV,..,..,3.45126,6.00162,7.31746,..,5.66352,..,..,..,..,..,..,..,..
Seychelles,SYC,"Government expenditure on primary education, US$ (millions)",UIS.X.US.1.FSGOV,..,9.2098,10.72971,16.47544,20.53151,..,19.28181,..,..,..,..,..,..,..,..
Seychelles,SYC,"Government expenditure on secondary education, US$ (millions)",UIS.X.US.2T3.FSGOV,..,6.21396,8.76888,13.5715,17.7263,..,17.12393,..,..,..,..,..,..,..,..
Seychelles,SYC,"Enrolment in pre-primary education, both sexes (number)",SE.PRE.ENRL,2935,2916,3001,2940,3030,2986,3102,3091,3065,3066,..,..,..,..,..
Seychelles,SYC,"Enrolment in secondary education, both sexes (number)",SE.SEC.ENRL,7554,7113,7780,7355,7277,7394,7423,7362,7459,7325,..,..,..,..,..
Seychelles,SYC,"Enrolment in primary education, both sexes (number)",SE.PRM.ENRL,8670,8695,8701,8682,8812,8974,9007,9037,9258,9383,..,..,..,..,..
Sierra Leone,SLE,"Teachers in primary education, both sexes (number)",SE.PRM.TCHR,..,38125,37957,37317,..,40303,37837,37703,49768,47738,..,..,..,..,..
Sierra Leone,SLE,"Teachers in secondary education, both sexes (number)",SE.SEC.TCHR,..,17194,18482,20196,..,21874,22129,..,..,..,..,..,..,..,..
Sierra Leone,SLE,"Teachers in pre-primary education, both sexes (number)",SE.PRE.TCHR,..,2167,2318,2875,..,3091,3569,5788,6609,5566,..,..,..,..,..
Sierra Leone,SLE,"Adult literacy rate, population 15+ years, both sexes (%)",SE.ADT.LITR.ZS,..,..,..,32.42617,..,..,..,..,43.20633,..,..,..,..,..,..
Sierra Leone,SLE,"Government expenditure on pre-primary education, US$ (millions)",UIS.X.US.02.FSGOV,0,0,0,0,0,..,0,0,0,0,..,..,..,..,..
Sierra Leone,SLE,"Government expenditure on primary education, US$ (millions)",UIS.X.US.1.FSGOV,33.85044,41.27472,54.08414,57.21034,57.5524,..,40.09638,35.34274,88.58665,117.98119,..,..,..,..,..
Sierra Leone,SLE,"Government expenditure on secondary education, US$ (millions)",UIS.X.US.2T3.FSGOV,17.58911,20.64971,26.28462,25.94338,31.22627,..,13.48296,35.06294,58.45727,57.99663,..,..,..,..,..
Sierra Leone,SLE,"Enrolment in pre-primary education, both sexes (number)",SE.PRE.ENRL,..,37351,49006,54138,..,59642,80923,80119,90701,127168,..,..,..,..,..
Sierra Leone,SLE,"Enrolment in secondary education, both sexes (number)",SE.SEC.ENRL,..,352732,400800,417307,..,449320,487826,492140,..,..,..,..,..,..,..
Sierra Leone,SLE,"Enrolment in primary education, both sexes (number)",SE.PRM.ENRL,..,1194503,1252343,1299812,..,1360243,1412524,1486939,1369738,1770368,..,..,..,..,..
Singapore,SGP,"Teachers in primary education, both sexes (number)",SE.PRM.TCHR,..,..,..,..,..,..,15734,15969,16294,..,..,..,..,..,..
Singapore,SGP,"Teachers in secondary education, both sexes (number)",SE.SEC.TCHR,..,..,..,..,..,..,15384,14929,14745,..,..,..,..,..,..
Singapore,SGP,"Teachers in pre-primary education, both sexes (number)",SE.PRE.TCHR,..,..,..,..,..,..,..,..,..,..,..,..,..,..,..
Singapore,SGP,"Adult literacy rate, population 15+ years, both sexes (%)",SE.ADT.LITR.ZS,95.85733,96.18604,96.36979,96.54802,96.71669,96.82549,97.04956,97.20222,97.34486,..,..,..,..,..,..
Singapore,SGP,"Government expenditure on pre-primary education, US$ (millions)",UIS.X.US.02.FSGOV,0,0,0,..,..,..,..,58.43648,..,..,..,..,..,..,..
Singapore,SGP,"Government expenditure on primary education, US$ (millions)",UIS.X.US.1.FSGOV,1245.78893,1471.21379,1764.19145,1851.64439,..,..,2035.69246,2354.50308,2488.38337,..,..,..,..,..,..
Singapore,SGP,"Government expenditure on secondary education, US$ (millions)",UIS.X.US.2T3.FSGOV,1493.29667,1732.30656,1842.10526,1934.06418,..,..,2011.55077,2199.77343,2229.56656,..,..,..,..,..,..
Singapore,SGP,"Enrolment in pre-primary education, both sexes (number)",SE.PRE.ENRL,..,..,..,..,..,..,..,..,..,..,..,..,..,..,..
Singapore,SGP,"Enrolment in secondary education, both sexes (number)",SE.SEC.ENRL,..,..,..,..,..,..,179225,171319,166709,..,..,..,..,..,..
Singapore,SGP,"Enrolment in primary education, both sexes (number)",SE.PRM.ENRL,..,..,..,..,..,..,236943,234653,233553,..,..,..,..,..,..
Sint Maarten (Dutch part),SXM,"Teachers in primary education, both sexes (number)",SE.PRM.TCHR,..,..,318,..,..,..,..,..,..,..,..,..,..,..,..
Sint Maarten (Dutch part),SXM,"Teachers in secondary education, both sexes (number)",SE.SEC.TCHR,..,..,252,..,358,..,..,..,..,..,..,..,..,..,..
Sint Maarten (Dutch part),SXM,"Teachers in pre-primary education, both sexes (number)",SE.PRE.TCHR,..,..,..,..,..,..,..,..,..,..,..,..,..,..,..
Sint Maarten (Dutch part),SXM,"Adult literacy rate, population 15+ years, both sexes (%)",SE.ADT.LITR.ZS,..,..,..,..,..,..,..,..,..,..,..,..,..,..,..
Sint Maarten (Dutch part),SXM,"Government expenditure on pre-primary education, US$ (millions)",UIS.X.US.02.FSGOV,..,..,..,..,..,..,..,..,..,..,..,..,..,..,..
Sint Maarten (Dutch part),SXM,"Government expenditure on primary education, US$ (millions)",UIS.X.US.1.FSGOV,..,..,..,..,..,..,..,..,..,..,..,..,..,..,..
Sint Maarten (Dutch part),SXM,"Government expenditure on secondary education, US$ (millions)",UIS.X.US.2T3.FSGOV,..,..,..,..,..,..,..,..,..,..,..,..,..,..,..
Sint Maarten (Dutch part),SXM,"Enrolment in pre-primary education, both sexes (number)",SE.PRE.ENRL,..,..,2220,..,1148,..,..,..,..,..,..,..,..,..,..
Sint Maarten (Dutch part),SXM,"Enrolment in secondary education, both sexes (number)",SE.SEC.ENRL,..,..,2981,..,2713,..,..,..,..,..,..,..,..,..,..
Sint Maarten (Dutch part),SXM,"Enrolment in primary education, both sexes (number)",SE.PRM.ENRL,..,..,3585,..,3677,..,..,..,..,..,..,..,..,..,..
Slovak Republic,SVK,"Teachers in primary education, both sexes (number)",SE.PRM.TCHR,13938,13875,14011,14050,14030,14182,14447,14507,14624,..,..,..,..,..,..
Slovak Republic,SVK,"Teachers in secondary education, both sexes (number)",SE.SEC.TCHR,45689,45438,44935,42882,41839,40712,40403,39894,39593,..,..,..,..,..,..
Slovak Republic,SVK,"Teachers in pre-primary education, both sexes (number)",SE.PRE.TCHR,11493,11645,12023,12250,12590,13016,13410,13782,14144,..,..,..,..,..,..
Slovak Republic,SVK,"Adult literacy rate, population 15+ years, both sexes (%)",SE.ADT.LITR.ZS,..,..,..,..,..,..,..,..,..,..,..,..,..,..,..
Slovak Republic,SVK,"Government expenditure on pre-primary education, US$ (millions)",UIS.X.US.02.FSGOV,345.10817,395.04151,388.07485,434.64488,488.89931,428.0803,453.3398,509.02546,..,..,..,..,..,..,..
Slovak Republic,SVK,"Government expenditure on primary education, US$ (millions)",UIS.X.US.1.FSGOV,760.83205,740.92031,685.47434,791.1229,813.6451,778.11242,778.99766,842.58423,..,..,..,..,..,..,..
Slovak Republic,SVK,"Government expenditure on secondary education, US$ (millions)",UIS.X.US.2T3.FSGOV,1729.15008,1734.38561,1611.62387,1719.19562,1786.98286,1543.20878,1479.1744,1626.1686,..,..,..,..,..,..,..
Slovak Republic,SVK,"Enrolment in pre-primary education, both sexes (number)",SE.PRE.ENRL,143167,143782,149082,154680,158195,161906,163740,165009,166312,..,..,..,..,..,..
Slovak Republic,SVK,"Enrolment in secondary education, both sexes (number)",SE.SEC.ENRL,549760,530300,509791,481574,464957,454032,446922,441619,441952,..,..,..,..,..,..
Slovak Republic,SVK,"Enrolment in primary education, both sexes (number)",SE.PRM.ENRL,212421,209213,209325,211407,213766,216266,219866,225427,229456,..,..,..,..,..,..
Slovenia,SVN,"Teachers in primary education, both sexes (number)",SE.PRM.TCHR,6281,6401,6434,6468,6666,6836,8663,..,..,..,..,..,..,..,..
Slovenia,SVN,"Teachers in secondary education, both sexes (number)",SE.SEC.TCHR,15251,15047,14915,14657,14369,14036,15351,..,..,..,..,..,..,..,..
Slovenia,SVN,"Teachers in pre-primary education, both sexes (number)",SE.PRE.TCHR,5330,5699,6161,6337,6523,6648,6698,..,6626,..,..,..,..,..,..
Slovenia,SVN,"Adult literacy rate, population 15+ years, both sexes (%)",SE.ADT.LITR.ZS,..,..,..,..,99.7,..,..,..,..,..,..,..,..,..,..
Slovenia,SVN,"Government expenditure on pre-primary education, US$ (millions)",UIS.X.US.02.FSGOV,274.44357,322.00376,307.73581,290.11697,323.59016,238.24619,233.03306,254.54327,..,..,..,..,..,..,..
Slovenia,SVN,"Government expenditure on primary education, US$ (millions)",UIS.X.US.1.FSGOV,761.89188,801.84913,727.18847,730.85415,746.11884,599.46786,616.74545,663.64029,..,..,..,..,..,..,..
Slovenia,SVN,"Government expenditure on secondary education, US$ (millions)",UIS.X.US.2T3.FSGOV,990.37827,1037.78053,878.91971,885.34074,877.70688,727.50388,740.00699,800.03536,..,..,..,..,..,..,..
Slovenia,SVN,"Enrolment in pre-primary education, both sexes (number)",SE.PRE.ENRL,49234,52224,56392,58234,59733,60444,60994,60759,60664,..,..,..,..,..,..
Slovenia,SVN,"Enrolment in secondary education, both sexes (number)",SE.SEC.ENRL,138354,134861,132221,147563,145179,143247,148896,147920,147003,..,..,..,..,..,..
Slovenia,SVN,"Enrolment in primary education, both sexes (number)",SE.PRM.ENRL,106883,106946,107965,109218,111648,115560,119563,123998,129123,..,..,..,..,..,..
Small states,SST,"Teachers in primary education, both sexes (number)",SE.PRM.TCHR,194513.6307,197940.6592,202883.2308,205392.3643,206152.4758,210143.4704,214797.0008,220110.339,222085.5794,228155.8283,..,..,..,..,..
Small states,SST,"Teachers in secondary education, both sexes (number)",SE.SEC.TCHR,178253.4179,178406.0197,182177.7445,185338.063,187238.012,192030.5078,200023.9165,206847.9859,201176.6379,203169.6013,..,..,..,..,..
Small states,SST,"Teachers in pre-primary education, both sexes (number)",SE.PRE.TCHR,53424.14997,55561.83761,58415.6088,61306.59191,62953.9068,66803.35096,66821.13095,68202.79892,68449.03567,69981.07741,..,..,..,..,..
Small states,SST,"Adult literacy rate, population 15+ years, both sexes (%)",SE.ADT.LITR.ZS,83.99236,84.53432,84.70603,85.03682,85.36804,86.40521,86.35237,86.51476,86.69132,86.9055,..,..,..,..,..
Small states,SST,"Government expenditure on pre-primary education, US$ (millions)",UIS.X.US.02.FSGOV,..,..,..,..,..,..,..,..,..,..,..,..,..,..,..
Small states,SST,"Government expenditure on primary education, US$ (millions)",UIS.X.US.1.FSGOV,..,..,..,..,..,..,..,..,..,..,..,..,..,..,..
Small states,SST,"Government expenditure on secondary education, US$ (millions)",UIS.X.US.2T3.FSGOV,..,..,..,..,..,..,..,..,..,..,..,..,..,..,..
Small states,SST,"Enrolment in pre-primary education, both sexes (number)",SE.PRE.ENRL,873933.3182,905450.0327,927744.7404,948603.4358,975446.8869,1012510.757,1015951.276,1039194.111,1054568.455,1074826.936,..,..,..,..,..
Small states,SST,"Enrolment in secondary education, both sexes (number)",SE.SEC.ENRL,2737400.807,2772088.405,2783780.036,2782486.418,2807533.847,2819721.823,2852601.949,2877905.128,2906971.895,2948585.657,..,..,..,..,..
Small states,SST,"Enrolment in primary education, both sexes (number)",SE.PRM.ENRL,4614614.06,4652131.551,4637530.096,4665585.023,4710923.476,4775459.662,4831735.393,4898704.368,4971615.565,5043675.508,..,..,..,..,..
Solomon Islands,SLB,"Teachers in primary education, both sexes (number)",SE.PRM.TCHR,4789,5022,5097,4880,5019,4051,4262,4205,4149,..,..,..,..,..,..
Solomon Islands,SLB,"Teachers in secondary education, both sexes (number)",SE.SEC.TCHR,1415,1680,1607,..,..,2202,..,..,..,..,..,..,..,..,..
Solomon Islands,SLB,"Teachers in pre-primary education, both sexes (number)",SE.PRE.TCHR,1200,1111,1216,1330,1424,2002,..,2119,2084,..,..,..,..,..,..
Solomon Islands,SLB,"Adult literacy rate, population 15+ years, both sexes (%)",SE.ADT.LITR.ZS,..,..,..,..,..,..,..,..,..,..,..,..,..,..,..
Solomon Islands,SLB,"Government expenditure on pre-primary education, US$ (millions)",UIS.X.US.02.FSGOV,..,..,..,..,..,..,..,..,..,..,..,..,..,..,..
Solomon Islands,SLB,"Government expenditure on primary education, US$ (millions)",UIS.X.US.1.FSGOV,..,..,..,..,..,..,..,..,..,..,..,..,..,..,..
Solomon Islands,SLB,"Government expenditure on secondary education, US$ (millions)",UIS.X.US.2T3.FSGOV,..,..,..,..,..,..,..,..,..,..,..,..,..,..,..
Solomon Islands,SLB,"Enrolment in pre-primary education, both sexes (number)",SE.PRE.ENRL,46516,46983,44438,45009,47309,48509,52358,55163,48661,..,..,..,..,..,..
Solomon Islands,SLB,"Enrolment in secondary education, both sexes (number)",SE.SEC.ENRL,39706,40124,41660,..,..,..,..,..,..,..,..,..,..,..,..
Solomon Islands,SLB,"Enrolment in primary education, both sexes (number)",SE.PRM.ENRL,95379,98066,97547,100517,101981,104236,107203,108396,105428,..,..,..,..,..,..
Somalia,SOM,"Teachers in primary education, both sexes (number)",SE.PRM.TCHR,..,..,..,..,..,..,..,..,..,..,..,..,..,..,..
Somalia,SOM,"Teachers in secondary education, both sexes (number)",SE.SEC.TCHR,..,..,..,..,..,..,..,..,..,..,..,..,..,..,..
Somalia,SOM,"Teachers in pre-primary education, both sexes (number)",SE.PRE.TCHR,..,..,..,..,..,..,..,..,..,..,..,..,..,..,..
Somalia,SOM,"Adult literacy rate, population 15+ years, both sexes (%)",SE.ADT.LITR.ZS,..,..,..,..,..,..,..,..,..,..,..,..,..,..,..
Somalia,SOM,"Government expenditure on pre-primary education, US$ (millions)",UIS.X.US.02.FSGOV,..,..,..,..,..,..,..,..,..,..,..,..,..,..,..
Somalia,SOM,"Government expenditure on primary education, US$ (millions)",UIS.X.US.1.FSGOV,..,..,..,..,..,..,..,..,..,..,..,..,..,..,..
Somalia,SOM,"Government expenditure on secondary education, US$ (millions)",UIS.X.US.2T3.FSGOV,..,..,..,..,..,..,..,..,..,..,..,..,..,..,..
Somalia,SOM,"Enrolment in pre-primary education, both sexes (number)",SE.PRE.ENRL,..,..,..,..,..,..,..,..,..,..,..,..,..,..,..
Somalia,SOM,"Enrolment in secondary education, both sexes (number)",SE.SEC.ENRL,..,..,..,..,..,..,..,..,..,..,..,..,..,..,..
Somalia,SOM,"Enrolment in primary education, both sexes (number)",SE.PRM.ENRL,..,..,..,..,..,..,..,..,..,..,..,..,..,..,..
South Africa,ZAF,"Teachers in primary education, both sexes (number)",SE.PRM.TCHR,238032,213440,212657,220544,219579,249103,..,..,..,..,..,..,..,..,..
South Africa,ZAF,"Teachers in secondary education, both sexes (number)",SE.SEC.TCHR,..,..,..,..,..,190022,192359,182937,182981.5934,..,..,..,..,..,..
South Africa,ZAF,"Teachers in pre-primary education, both sexes (number)",SE.PRE.TCHR,..,23104,24772,25687,28902,..,..,..,..,..,..,..,..,..,..
South Africa,ZAF,"Adult literacy rate, population 15+ years, both sexes (%)",SE.ADT.LITR.ZS,92.87732,93.10214,93.72947,..,94.1399,94.36792,..,87.04667,..,..,..,..,..,..,..
South Africa,ZAF,"Government expenditure on pre-primary education, US$ (millions)",UIS.X.US.02.FSGOV,182.63686,287.02685,359.79549,..,340.11243,..,..,282.98379,313.49315,340.03415,..,..,..,..,..
South Africa,ZAF,"Government expenditure on primary education, US$ (millions)",UIS.X.US.1.FSGOV,7190.12179,9063.06753,10590.80553,..,8605.13243,..,..,7044.82106,8342.15151,8982.7059,..,..,..,..,..
South Africa,ZAF,"Government expenditure on secondary education, US$ (millions)",UIS.X.US.2T3.FSGOV,5325.23809,7367.12096,8027.75557,..,6813.94075,6409.84853,..,5328.1104,6622.48512,7132.32926,..,..,..,..,..
South Africa,ZAF,"Enrolment in pre-primary education, both sexes (number)",SE.PRE.ENRL,756822,753131,815935,822731,856764,862553,847064,862195,824169,..,..,..,..,..,..
South Africa,ZAF,"Enrolment in secondary education, both sexes (number)",SE.SEC.ENRL,4689600,4756111,4843800,..,5220975,5279196,5164481,5052180,4878960,..,..,..,..,..,..
South Africa,ZAF,"Enrolment in primary education, both sexes (number)",SE.PRM.ENRL,7024368,6957432,7004482,7063849,7195183,7555842,7569924,7582154,7568387,..,..,..,..,..,..
South Asia,SAS,"Teachers in primary education, both sexes (number)",SE.PRM.TCHR,5012080.219,5198444,5274501.055,5677293.973,5736617.302,5768593,5554832,5845187,5567338.508,5849035.587,..,..,..,..,..
South Asia,SAS,"Teachers in secondary education, both sexes (number)",SE.SEC.TCHR,5271924.917,5457347.233,5789808.518,5085338.832,5343663.011,5424556.384,6023033.29,6194014.677,6152475.154,7573379.845,..,..,..,..,..
South Asia,SAS,"Teachers in pre-primary education, both sexes (number)",SE.PRE.TCHR,1276314.412,1387611.876,1465959.14,1584519.226,1654023.507,1018030.204,1850175.34,2007615.382,2069044.302,2135841.362,..,..,..,..,..
South Asia,SAS,"Adult literacy rate, population 15+ years, both sexes (%)",SE.ADT.LITR.ZS,66.01901,66.51319,67.26778,68.01311,68.73479,69.65735,70.99917,71.69515,72.24388,72.95145,..,..,..,..,..
South Asia,SAS,"Government expenditure on pre-primary education, US$ (millions)",UIS.X.US.02.FSGOV,..,..,..,..,..,..,..,..,..,..,..,..,..,..,..
South Asia,SAS,"Government expenditure on primary education, US$ (millions)",UIS.X.US.1.FSGOV,..,..,..,..,..,..,..,..,..,..,..,..,..,..,..
South Asia,SAS,"Government expenditure on secondary education, US$ (millions)",UIS.X.US.2T3.FSGOV,..,..,..,..,..,..,..,..,..,..,..,..,..,..,..
South Asia,SAS,"Enrolment in pre-primary education, both sexes (number)",SE.PRE.ENRL,41221375.59,44615620.35,46542409.38,49152780.41,50588542.16,52459285.85,54375686.71,57077235.38,56940244.73,57469478.75,..,..,..,..,..
South Asia,SAS,"Enrolment in secondary education, both sexes (number)",SE.SEC.ENRL,136026970.3,142933459,149841801.2,151858469.9,163148314.2,164729071.3,169266036.4,166656497.8,170274520.8,169935334.1,..,..,..,..,..
South Asia,SAS,"Enrolment in primary education, both sexes (number)",SE.PRM.ENRL,186210608,186360473,188740962.3,189900764.2,187683056.4,188484679.5,197232625.3,194537238,175117140.8,173283916.1,..,..,..,..,..
South Asia (IDA & IBRD),TSA,"Teachers in primary education, both sexes (number)",SE.PRM.TCHR,5012080.219,5198444,5274501.055,5677293.973,5736617.302,5768593,5554832,5845187,5567338.508,5849035.587,..,..,..,..,..
South Asia (IDA & IBRD),TSA,"Teachers in secondary education, both sexes (number)",SE.SEC.TCHR,5271924.917,5457347.233,5789808.518,5085338.832,5343663.011,5424556.384,6023033.29,6194014.677,6152475.154,7573379.845,..,..,..,..,..
South Asia (IDA & IBRD),TSA,"Teachers in pre-primary education, both sexes (number)",SE.PRE.TCHR,1276314.412,1387611.876,1465959.14,1584519.226,1654023.507,1018030.204,1850175.34,2007615.382,2069044.302,2135841.362,..,..,..,..,..
South Asia (IDA & IBRD),TSA,"Adult literacy rate, population 15+ years, both sexes (%)",SE.ADT.LITR.ZS,66.01901,66.51319,67.26778,68.01311,68.73479,69.65735,70.99917,71.69515,72.24388,72.95145,..,..,..,..,..
South Asia (IDA & IBRD),TSA,"Government expenditure on pre-primary education, US$ (millions)",UIS.X.US.02.FSGOV,..,..,..,..,..,..,..,..,..,..,..,..,..,..,..
South Asia (IDA & IBRD),TSA,"Government expenditure on primary education, US$ (millions)",UIS.X.US.1.FSGOV,..,..,..,..,..,..,..,..,..,..,..,..,..,..,..
South Asia (IDA & IBRD),TSA,"Government expenditure on secondary education, US$ (millions)",UIS.X.US.2T3.FSGOV,..,..,..,..,..,..,..,..,..,..,..,..,..,..,..
South Asia (IDA & IBRD),TSA,"Enrolment in pre-primary education, both sexes (number)",SE.PRE.ENRL,41221375.59,44615620.35,46542409.38,49152780.41,50588542.16,52459285.85,54375686.71,57077235.38,56940244.73,57469478.75,..,..,..,..,..
South Asia (IDA & IBRD),TSA,"Enrolment in secondary education, both sexes (number)",SE.SEC.ENRL,136026970.3,142933459,149841801.2,151858469.9,163148314.2,164729071.3,169266036.4,166656497.8,170274520.8,169935334.1,..,..,..,..,..
South Asia (IDA & IBRD),TSA,"Enrolment in primary education, both sexes (number)",SE.PRM.ENRL,186210608,186360473,188740962.3,189900764.2,187683056.4,188484679.5,197232625.3,194537238,175117140.8,173283916.1,..,..,..,..,..
South Sudan,SSD,"Teachers in primary education, both sexes (number)",SE.PRM.TCHR,..,29073,..,..,..,27248,..,..,..,..,..,..,..,..,..
South Sudan,SSD,"Teachers in secondary education, both sexes (number)",SE.SEC.TCHR,..,..,..,..,..,5974,..,..,..,..,..,..,..,..,..
South Sudan,SSD,"Teachers in pre-primary education, both sexes (number)",SE.PRE.TCHR,..,1551,..,..,..,3197,..,..,..,..,..,..,..,..,..
South Sudan,SSD,"Adult literacy rate, population 15+ years, both sexes (%)",SE.ADT.LITR.ZS,..,..,..,..,..,..,..,..,34.52276,..,..,..,..,..,..
South Sudan,SSD,"Government expenditure on pre-primary education, US$ (millions)",UIS.X.US.02.FSGOV,..,0.42508,..,..,1.27796,1.23853,0.49287,..,..,..,..,..,..,..,..
South Sudan,SSD,"Government expenditure on primary education, US$ (millions)",UIS.X.US.1.FSGOV,..,89.79562,..,76.31015,130.66259,110.02814,67.34999,..,..,..,..,..,..,..,..
South Sudan,SSD,"Government expenditure on secondary education, US$ (millions)",UIS.X.US.2T3.FSGOV,..,16.9509,..,13.02092,37.7074,36.81839,22.64654,..,..,..,..,..,..,..,..
South Sudan,SSD,"Enrolment in pre-primary education, both sexes (number)",SE.PRE.ENRL,..,55857,..,..,..,110824,..,..,..,..,..,..,..,..,..
South Sudan,SSD,"Enrolment in secondary education, both sexes (number)",SE.SEC.ENRL,..,133999,..,..,..,164135,..,..,..,..,..,..,..,..,..
South Sudan,SSD,"Enrolment in primary education, both sexes (number)",SE.PRM.ENRL,..,1450738,..,..,..,1273852,..,..,..,..,..,..,..,..,..
Spain,ESP,"Teachers in primary education, both sexes (number)",SE.PRM.TCHR,219409,223644,223517,220323,226066,228299,233065,231683,233424,..,..,..,..,..,..
Spain,ESP,"Teachers in secondary education, both sexes (number)",SE.SEC.TCHR,294775,293861,290401,274393,276116,276487,286786,288074,294148,..,..,..,..,..,..
Spain,ESP,"Teachers in pre-primary education, both sexes (number)",SE.PRE.TCHR,..,..,..,105304,101906,99581,100424,98270,97784,..,..,..,..,..,..
Spain,ESP,"Adult literacy rate, population 15+ years, both sexes (%)",SE.ADT.LITR.ZS,97.7489,97.78375,97.89454,98.07913,98.09372,98.14326,98.25051,..,98.4365,..,..,..,..,..,..
Spain,ESP,"Government expenditure on pre-primary education, US$ (millions)",UIS.X.US.02.FSGOV,9694.0864,10175.0435,6593.92161,6601.14637,6643.98141,5654.74777,5661.33974,5830.47095,..,..,..,..,..,..,..
Spain,ESP,"Government expenditure on primary education, US$ (millions)",UIS.X.US.1.FSGOV,17623.61163,18497.97987,15364.51408,15396.80625,15515.04858,13648.69149,14030.18892,14861.66797,..,..,..,..,..,..,..
Spain,ESP,"Government expenditure on secondary education, US$ (millions)",UIS.X.US.2T3.FSGOV,25506.75817,26772.23653,22103.72406,21754.29762,21650.97853,18854.46574,19437.59867,20509.80233,..,..,..,..,..,..,..
Spain,ESP,"Enrolment in pre-primary education, both sexes (number)",SE.PRE.ENRL,..,..,..,1465571,1443001,1398107,1365360,1321027,1296004,..,..,..,..,..,..
Spain,ESP,"Enrolment in secondary education, both sexes (number)",SE.SEC.ENRL,3185008,3248018,3296129,3296359,3288424,3313127,3329389,3332678,3371069,..,..,..,..,..,..
Spain,ESP,"Enrolment in primary education, both sexes (number)",SE.PRM.ENRL,2720989,2772909,2816584,2934648,2960626,3010404,3027751,3042396,3043396,..,..,..,..,..,..
Sri Lanka,LKA,"Teachers in primary education, both sexes (number)",SE.PRM.TCHR,71957,72114,71721,74415,75143,76803,76426,76173,78389,..,..,..,..,..,..
Sri Lanka,LKA,"Teachers in secondary education, both sexes (number)",SE.SEC.TCHR,..,149153,149886,..,..,..,150320,151803,155543,..,..,..,..,..,..
Sri Lanka,LKA,"Teachers in pre-primary education, both sexes (number)",SE.PRE.TCHR,26904,27667,29341,29292,31417,33277,34312,35017,35455,..,..,..,..,..,..
Sri Lanka,LKA,"Adult literacy rate, population 15+ years, both sexes (%)",SE.ADT.LITR.ZS,91.18136,..,..,..,..,..,92.3869,91.89575,91.70982,..,..,..,..,..,..
Sri Lanka,LKA,"Government expenditure on pre-primary education, US$ (millions)",UIS.X.US.02.FSGOV,0,0,0,..,0,0,0,0,0,..,..,..,..,..,..
Sri Lanka,LKA,"Government expenditure on primary education, US$ (millions)",UIS.X.US.1.FSGOV,244.05532,285.92779,244.67211,276.98913,439.75858,508.48785,991.82534,816.87804,560.79385,..,..,..,..,..,..
Sri Lanka,LKA,"Government expenditure on secondary education, US$ (millions)",UIS.X.US.2T3.FSGOV,518.61755,607.59655,519.92823,591.35877,722.55236,846.33087,1432.74595,1252.51564,859.19337,..,..,..,..,..,..
Sri Lanka,LKA,"Enrolment in pre-primary education, both sexes (number)",SE.PRE.ENRL,420241,431819,441392,453390,465489,492625,506522,484225,464189,..,..,..,..,..,..
Sri Lanka,LKA,"Enrolment in secondary education, both sexes (number)",SE.SEC.ENRL,2524673,2573842,2590357,2605597,..,..,2618895,2648660,2727965,..,..,..,..,..,..
Sri Lanka,LKA,"Enrolment in primary education, both sexes (number)",SE.PRM.ENRL,1720806,1735475,1752137,1767322,1777822,1778176,1770517,1746843,1725424,..,..,..,..,..,..
St. Kitts and Nevis,KNA,"Teachers in primary education, both sexes (number)",SE.PRM.TCHR,443,459,385,385,401,362,393,..,..,..,..,..,..,..,..
St. Kitts and Nevis,KNA,"Teachers in secondary education, both sexes (number)",SE.SEC.TCHR,465,468,448,386,515,519,527,..,..,..,..,..,..,..,..
St. Kitts and Nevis,KNA,"Teachers in pre-primary education, both sexes (number)",SE.PRE.TCHR,84,89,..,103,145,156,..,..,..,..,..,..,..,..,..
St. Kitts and Nevis,KNA,"Adult literacy rate, population 15+ years, both sexes (%)",SE.ADT.LITR.ZS,..,..,..,..,..,..,..,..,..,..,..,..,..,..,..
St. Kitts and Nevis,KNA,"Government expenditure on pre-primary education, US$ (millions)",UIS.X.US.02.FSGOV,..,..,..,..,..,3.7965,..,..,..,..,..,..,..,..,..
St. Kitts and Nevis,KNA,"Government expenditure on primary education, US$ (millions)",UIS.X.US.1.FSGOV,..,..,..,..,..,5.21787,..,..,..,..,..,..,..,..,..
St. Kitts and Nevis,KNA,"Government expenditure on secondary education, US$ (millions)",UIS.X.US.2T3.FSGOV,..,..,..,..,..,9.82037,13.61259,..,..,..,..,..,..,..,..
St. Kitts and Nevis,KNA,"Enrolment in pre-primary education, both sexes (number)",SE.PRE.ENRL,1685,1796,..,1557,1807,1650,1275,..,..,..,..,..,..,..,..
St. Kitts and Nevis,KNA,"Enrolment in secondary education, both sexes (number)",SE.SEC.ENRL,4309,4297,3673,4792,4370,4318,4175,..,..,..,..,..,..,..,..
St. Kitts and Nevis,KNA,"Enrolment in primary education, both sexes (number)",SE.PRM.ENRL,6255,5993,5812,5589,5533,5466,5452,..,..,..,..,..,..,..,..
St. Lucia,LCA,"Teachers in primary education, both sexes (number)",SE.PRM.TCHR,1051,1071,1054,1065,1216,1088,1087,1054,1077,1081,..,..,..,..,..
St. Lucia,LCA,"Teachers in secondary education, both sexes (number)",SE.SEC.TCHR,1020,1019,1027,1154,1063,1126,1077,1070,1058,1046,..,..,..,..,..
St. Lucia,LCA,"Teachers in pre-primary education, both sexes (number)",SE.PRE.TCHR,338,330,340,345,354,..,576,..,..,..,..,..,..,..,..
St. Lucia,LCA,"Adult literacy rate, population 15+ years, both sexes (%)",SE.ADT.LITR.ZS,..,..,..,..,..,..,..,..,..,..,..,..,..,..,..
St. Lucia,LCA,"Government expenditure on pre-primary education, US$ (millions)",UIS.X.US.02.FSGOV,0.86448,0.8248,0.81644,..,..,0.95903,..,..,0,..,..,..,..,..,..
St. Lucia,LCA,"Government expenditure on primary education, US$ (millions)",UIS.X.US.1.FSGOV,20.63769,22.56884,20.78543,22.97168,22.9638,23.20157,24.84142,23.95577,23.35802,..,..,..,..,..,..
St. Lucia,LCA,"Government expenditure on secondary education, US$ (millions)",UIS.X.US.2T3.FSGOV,22.25116,24.0471,23.59519,24.09173,26.06243,29.74357,29.00246,..,26.82507,..,..,..,..,..,..
St. Lucia,LCA,"Enrolment in pre-primary education, both sexes (number)",SE.PRE.ENRL,3421,3423,3483,3382,3621,3183,3421,3458,3259,3236,..,..,..,..,..
St. Lucia,LCA,"Enrolment in secondary education, both sexes (number)",SE.SEC.ENRL,16017,15608,14721,14055,13566,13215,12694,12217,11792,11394,..,..,..,..,..
St. Lucia,LCA,"Enrolment in primary education, both sexes (number)",SE.PRM.ENRL,19483,18894,18172,17748,17286,16822,16445,16054,15874,15693,..,..,..,..,..
St. Martin (French part),MAF,"Teachers in primary education, both sexes (number)",SE.PRM.TCHR,..,..,..,..,..,..,..,..,..,..,..,..,..,..,..
St. Martin (French part),MAF,"Teachers in secondary education, both sexes (number)",SE.SEC.TCHR,..,..,..,..,..,..,..,..,..,..,..,..,..,..,..
St. Martin (French part),MAF,"Teachers in pre-primary education, both sexes (number)",SE.PRE.TCHR,..,..,..,..,..,..,..,..,..,..,..,..,..,..,..
St. Martin (French part),MAF,"Adult literacy rate, population 15+ years, both sexes (%)",SE.ADT.LITR.ZS,..,..,..,..,..,..,..,..,..,..,..,..,..,..,..
St. Martin (French part),MAF,"Government expenditure on pre-primary education, US$ (millions)",UIS.X.US.02.FSGOV,..,..,..,..,..,..,..,..,..,..,..,..,..,..,..
St. Martin (French part),MAF,"Government expenditure on primary education, US$ (millions)",UIS.X.US.1.FSGOV,..,..,..,..,..,..,..,..,..,..,..,..,..,..,..
St. Martin (French part),MAF,"Government expenditure on secondary education, US$ (millions)",UIS.X.US.2T3.FSGOV,..,..,..,..,..,..,..,..,..,..,..,..,..,..,..
St. Martin (French part),MAF,"Enrolment in pre-primary education, both sexes (number)",SE.PRE.ENRL,..,..,..,..,..,..,..,..,..,..,..,..,..,..,..
St. Martin (French part),MAF,"Enrolment in secondary education, both sexes (number)",SE.SEC.ENRL,..,..,..,..,..,..,..,..,..,..,..,..,..,..,..
St. Martin (French part),MAF,"Enrolment in primary education, both sexes (number)",SE.PRM.ENRL,..,..,..,..,..,..,..,..,..,..,..,..,..,..,..
St. Vincent and the Grenadines,VCT,"Teachers in primary education, both sexes (number)",SE.PRM.TCHR,887,..,877,890,856,897,908,905,917,..,..,..,..,..,..
St. Vincent and the Grenadines,VCT,"Teachers in secondary education, both sexes (number)",SE.SEC.TCHR,680,650,680,706,670,685,706,704,707,..,..,..,..,..,..
St. Vincent and the Grenadines,VCT,"Teachers in pre-primary education, both sexes (number)",SE.PRE.TCHR,..,..,..,405,..,319,472,452,450,..,..,..,..,..,..
St. Vincent and the Grenadines,VCT,"Adult literacy rate, population 15+ years, both sexes (%)",SE.ADT.LITR.ZS,..,..,..,..,..,..,..,..,..,..,..,..,..,..,..
St. Vincent and the Grenadines,VCT,"Government expenditure on pre-primary education, US$ (millions)",UIS.X.US.02.FSGOV,0.68402,0.62681,..,..,0.71972,0.73871,..,..,..,..,..,..,..,..,..
St. Vincent and the Grenadines,VCT,"Government expenditure on primary education, US$ (millions)",UIS.X.US.1.FSGOV,14.33576,14.61748,..,15.71177,16.37578,15.46987,16.65636,16.61821,17.04489,..,..,..,..,..,..
St. Vincent and the Grenadines,VCT,"Government expenditure on secondary education, US$ (millions)",UIS.X.US.2T3.FSGOV,12.56401,12.72807,..,14.90286,15.154,15.02211,14.51189,14.43656,14.5728,..,..,..,..,..,..
St. Vincent and the Grenadines,VCT,"Enrolment in pre-primary education, both sexes (number)",SE.PRE.ENRL,..,..,..,2871,2537,3342,3487,3564,3655,..,..,..,..,..,..
St. Vincent and the Grenadines,VCT,"Enrolment in secondary education, both sexes (number)",SE.SEC.ENRL,11426,10927,10419,10394,10342,10286,10117,10113,9808,..,..,..,..,..,..
St. Vincent and the Grenadines,VCT,"Enrolment in primary education, both sexes (number)",SE.PRM.ENRL,14435,13363,13811,13609,13427,13362,13179,13026,13198,..,..,..,..,..,..
Sub-Saharan Africa,SSF,"Teachers in primary education, both sexes (number)",SE.PRM.TCHR,3360968.508,3569031.119,3575633.005,4012096.543,4193490.708,4297306.992,4427512.238,4583344.384,4727631.523,4828698.41,..,..,..,..,..
Sub-Saharan Africa,SSF,"Teachers in secondary education, both sexes (number)",SE.SEC.TCHR,1974838.074,2279265.974,2213123.775,2579033.804,2644842.664,2804106.362,2774109.697,2879092.817,2937927.399,..,..,..,..,..,..
Sub-Saharan Africa,SSF,"Teachers in pre-primary education, both sexes (number)",SE.PRE.TCHR,478032.5729,527138.3771,594501.5777,672858.0672,574737.2702,619392.8597,796478.317,756112.3091,842763.4276,..,..,..,..,..,..
Sub-Saharan Africa,SSF,"Adult literacy rate, population 15+ years, both sexes (%)",SE.ADT.LITR.ZS,58.73373,60.30552,61.43905,62.30361,62.95409,63.54936,64.25766,64.51749,65.03898,65.46861,..,..,..,..,..
Sub-Saharan Africa,SSF,"Government expenditure on pre-primary education, US$ (millions)",UIS.X.US.02.FSGOV,..,..,..,..,..,..,..,..,..,..,..,..,..,..,..
Sub-Saharan Africa,SSF,"Government expenditure on primary education, US$ (millions)",UIS.X.US.1.FSGOV,..,..,..,..,..,..,..,..,..,..,..,..,..,..,..
Sub-Saharan Africa,SSF,"Government expenditure on secondary education, US$ (millions)",UIS.X.US.2T3.FSGOV,..,..,..,..,..,..,..,..,..,..,..,..,..,..,..
Sub-Saharan Africa,SSF,"Enrolment in pre-primary education, both sexes (number)",SE.PRE.ENRL,13987089.81,15522750.77,18216102.91,20479879.35,17147813.2,18819553.24,24053084.67,24683280.25,25036389.64,25612798.25,..,..,..,..,..
Sub-Saharan Africa,SSF,"Enrolment in secondary education, both sexes (number)",SE.SEC.ENRL,46552790.82,49204631.92,52016705.77,56624027.47,56586076.3,58880343.43,59652280.43,61341294.16,63206173.67,..,..,..,..,..,..
Sub-Saharan Africa,SSF,"Enrolment in primary education, both sexes (number)",SE.PRM.ENRL,139859774,145696505.2,150989485.3,155651552.9,159277392.1,161259260.3,165660137.5,170124595.9,174770065,179271725.3,..,..,..,..,..
Sub-Saharan Africa (excluding high income),SSA,"Teachers in primary education, both sexes (number)",SE.PRM.TCHR,3354805.508,3562674.119,3569513.005,4005923.543,4187199.708,4291252.992,4421400.238,4577516.384,4721458.523,4822423.41,..,..,..,..,..
Sub-Saharan Africa (excluding high income),SSA,"Teachers in secondary education, both sexes (number)",SE.SEC.TCHR,1965923.074,2270155.974,2203875.775,2568593.804,2634266.664,2793469.362,2761047.471,2868556.817,2926094.399,..,..,..,..,..,..
Sub-Saharan Africa (excluding high income),SSA,"Teachers in pre-primary education, both sexes (number)",SE.PRE.TCHR,475262.5729,524413.3771,591788.5777,670375.0672,572303.2702,617094.8597,794036.317,753704.3091,840480.4276,..,..,..,..,..,..
Sub-Saharan Africa (excluding high income),SSA,"Adult literacy rate, population 15+ years, both sexes (%)",SE.ADT.LITR.ZS,58.66814,60.24391,61.37616,62.24434,62.89559,63.49286,64.20291,64.46804,64.99101,65.42197,..,..,..,..,..
Sub-Saharan Africa (excluding high income),SSA,"Government expenditure on pre-primary education, US$ (millions)",UIS.X.US.02.FSGOV,..,..,..,..,..,..,..,..,..,..,..,..,..,..,..
Sub-Saharan Africa (excluding high income),SSA,"Government expenditure on primary education, US$ (millions)",UIS.X.US.1.FSGOV,..,..,..,..,..,..,..,..,..,..,..,..,..,..,..
Sub-Saharan Africa (excluding high income),SSA,"Government expenditure on secondary education, US$ (millions)",UIS.X.US.2T3.FSGOV,..,..,..,..,..,..,..,..,..,..,..,..,..,..,..
Sub-Saharan Africa (excluding high income),SSA,"Enrolment in pre-primary education, both sexes (number)",SE.PRE.ENRL,13947437.81,15484243.77,18179583.91,20445520.35,17114641.2,18786735.24,24021116.67,24652913.25,25007141.64,25584253.25,..,..,..,..,..
Sub-Saharan Africa (excluding high income),SSA,"Enrolment in secondary education, both sexes (number)",SE.SEC.ENRL,46418234.82,49070654.92,51881802.77,56487493.47,56445798.3,58743941.43,59516096.43,61208662.16,63076290.67,..,..,..,..,..,..
Sub-Saharan Africa (excluding high income),SSA,"Enrolment in primary education, both sexes (number)",SE.PRM.ENRL,139733672,145571742.2,150867150.3,155533773.9,159163133.1,161148653.3,165553830.5,170022569.9,174671165,179176612.3,..,..,..,..,..
Sub-Saharan Africa (IDA & IBRD countries),TSS,"Teachers in primary education, both sexes (number)",SE.PRM.TCHR,3360968.508,3569031.119,3575633.005,4012096.543,4193490.708,4297306.992,4427512.238,4583344.384,4727631.523,4828698.41,..,..,..,..,..
Sub-Saharan Africa (IDA & IBRD countries),TSS,"Teachers in secondary education, both sexes (number)",SE.SEC.TCHR,1974838.074,2279265.974,2213123.775,2579033.804,2644842.664,2804106.362,2774109.697,2879092.817,2937927.399,..,..,..,..,..,..
Sub-Saharan Africa (IDA & IBRD countries),TSS,"Teachers in pre-primary education, both sexes (number)",SE.PRE.TCHR,478032.5729,527138.3771,594501.5777,672858.0672,574737.2702,619392.8597,796478.317,756112.3091,842763.4276,..,..,..,..,..,..
Sub-Saharan Africa (IDA & IBRD countries),TSS,"Adult literacy rate, population 15+ years, both sexes (%)",SE.ADT.LITR.ZS,58.73373,60.30552,61.43905,62.30361,62.95409,63.54936,64.25766,64.51749,65.03898,65.46861,..,..,..,..,..
Sub-Saharan Africa (IDA & IBRD countries),TSS,"Government expenditure on pre-primary education, US$ (millions)",UIS.X.US.02.FSGOV,..,..,..,..,..,..,..,..,..,..,..,..,..,..,..
Sub-Saharan Africa (IDA & IBRD countries),TSS,"Government expenditure on primary education, US$ (millions)",UIS.X.US.1.FSGOV,..,..,..,..,..,..,..,..,..,..,..,..,..,..,..
Sub-Saharan Africa (IDA & IBRD countries),TSS,"Government expenditure on secondary education, US$ (millions)",UIS.X.US.2T3.FSGOV,..,..,..,..,..,..,..,..,..,..,..,..,..,..,..
Sub-Saharan Africa (IDA & IBRD countries),TSS,"Enrolment in pre-primary education, both sexes (number)",SE.PRE.ENRL,13987089.81,15522750.77,18216102.91,20479879.35,17147813.2,18819553.24,24053084.67,24683280.25,25036389.64,25612798.25,..,..,..,..,..
Sub-Saharan Africa (IDA & IBRD countries),TSS,"Enrolment in secondary education, both sexes (number)",SE.SEC.ENRL,46552790.82,49204631.92,52016705.77,56624027.47,56586076.3,58880343.43,59652280.43,61341294.16,63206173.67,..,..,..,..,..,..
Sub-Saharan Africa (IDA & IBRD countries),TSS,"Enrolment in primary education, both sexes (number)",SE.PRM.ENRL,139859774,145696505.2,150989485.3,155651552.9,159277392.1,161259260.3,165660137.5,170124595.9,174770065,179271725.3,..,..,..,..,..
Sudan,SDN,"Teachers in primary education, both sexes (number)",SE.PRM.TCHR,..,..,..,..,..,..,..,..,..,..,..,..,..,..,..
Sudan,SDN,"Teachers in secondary education, both sexes (number)",SE.SEC.TCHR,..,..,..,..,..,..,..,..,..,..,..,..,..,..,..
Sudan,SDN,"Teachers in pre-primary education, both sexes (number)",SE.PRE.TCHR,29289,32218,26518,28625,36111,..,40081,41270,..,..,..,..,..,..,..
Sudan,SDN,"Adult literacy rate, population 15+ years, both sexes (%)",SE.ADT.LITR.ZS,..,..,..,..,..,..,..,..,60.69718,..,..,..,..,..,..
Sudan,SDN,"Government expenditure on pre-primary education, US$ (millions)",UIS.X.US.02.FSGOV,..,..,..,..,..,..,..,..,..,..,..,..,..,..,..
Sudan,SDN,"Government expenditure on primary education, US$ (millions)",UIS.X.US.1.FSGOV,..,..,..,..,..,..,..,..,..,..,..,..,..,..,..
Sudan,SDN,"Government expenditure on secondary education, US$ (millions)",UIS.X.US.2T3.FSGOV,..,..,..,..,..,..,..,..,..,..,..,..,..,..,..
Sudan,SDN,"Enrolment in pre-primary education, both sexes (number)",SE.PRE.ENRL,659038,749981,816074,927379,949573,996765,1016269,1066381,..,..,..,..,..,..,..
Sudan,SDN,"Enrolment in secondary education, both sexes (number)",SE.SEC.ENRL,1687356,1530820,1723688,1870767,1974312,2059715,2041258,2205034,..,..,..,..,..,..,..
Sudan,SDN,"Enrolment in primary education, both sexes (number)",SE.PRM.ENRL,4024296,3981129,4142967,4291916,4387973,4518417,4762222,4899664,..,..,..,..,..,..,..
Suriname,SUR,"Teachers in primary education, both sexes (number)",SE.PRM.TCHR,4749,4880,5019,5114,5263,5395,5367,5309,5054,5257,..,..,..,..,..
Suriname,SUR,"Teachers in secondary education, both sexes (number)",SE.SEC.TCHR,3622,3692,4076,4086,4203,4569,..,..,..,..,..,..,..,..,..
Suriname,SUR,"Teachers in pre-primary education, both sexes (number)",SE.PRE.TCHR,619,658,622,668,690,697,840,683,927,828,..,..,..,..,..
Suriname,SUR,"Adult literacy rate, population 15+ years, both sexes (%)",SE.ADT.LITR.ZS,94.67575,..,92.86866,..,..,..,..,..,94.38327,..,..,..,..,..,..
Suriname,SUR,"Government expenditure on pre-primary education, US$ (millions)",UIS.X.US.02.FSGOV,..,..,..,..,..,..,..,..,..,..,..,..,..,..,..
Suriname,SUR,"Government expenditure on primary education, US$ (millions)",UIS.X.US.1.FSGOV,..,..,..,..,..,..,..,..,..,..,..,..,..,..,..
Suriname,SUR,"Government expenditure on secondary education, US$ (millions)",UIS.X.US.2T3.FSGOV,..,..,..,..,..,..,..,..,..,..,..,..,..,..,..
Suriname,SUR,"Enrolment in pre-primary education, both sexes (number)",SE.PRE.ENRL,15657,15842,17462,18470,18283,18162,18710,18943,18150,19924,..,..,..,..,..
Suriname,SUR,"Enrolment in secondary education, both sexes (number)",SE.SEC.ENRL,50164,49563,50868,52109,51784,54721,..,..,58408,..,..,..,..,..,..
Suriname,SUR,"Enrolment in primary education, both sexes (number)",SE.PRM.ENRL,70981,69857,70193,70254,70492,71921,71653,68612,67690,68147,..,..,..,..,..
Sweden,SWE,"Teachers in primary education, both sexes (number)",SE.PRM.TCHR,60396,62429,62442,62105,63467,65459,66918,70389,69249,..,..,..,..,..,..
Sweden,SWE,"Teachers in secondary education, both sexes (number)",SE.SEC.TCHR,75305,73492,70957,68188,65512,65570,66363,70099,74439,..,..,..,..,..,..
Sweden,SWE,"Teachers in pre-primary education, both sexes (number)",SE.PRE.TCHR,..,..,..,71615,79978,78603,81282,83663,82797,..,..,..,..,..,..
Sweden,SWE,"Adult literacy rate, population 15+ years, both sexes (%)",SE.ADT.LITR.ZS,..,..,..,..,..,..,..,..,..,..,..,..,..,..,..
Sweden,SWE,"Government expenditure on pre-primary education, US$ (millions)",UIS.X.US.02.FSGOV,3290.46417,3833.83905,6750.85256,7473.6194,7439.66616,6386.49716,6602.27833,6542.51408,..,..,..,..,..,..,..
Sweden,SWE,"Government expenditure on primary education, US$ (millions)",UIS.X.US.1.FSGOV,7854.36145,8867.33129,9154.25875,9996.17781,10040.68908,8777.1463,9470.18628,10232.06847,..,..,..,..,..,..,..
Sweden,SWE,"Government expenditure on secondary education, US$ (millions)",UIS.X.US.2T3.FSGOV,11509.06998,12947.53814,12002.28487,12458.73442,12112.11254,10192.81522,10760.93082,11482.56732,..,..,..,..,..,..,..
Sweden,SWE,"Enrolment in pre-primary education, both sexes (number)",SE.PRE.ENRL,398980,408994,419238,429668,441084,442926,451539,461746,462982,..,..,..,..,..,..
Sweden,SWE,"Enrolment in secondary education, both sexes (number)",SE.SEC.ENRL,731273,698968,675782,838671,826694,844112,856094,916224,934541,..,..,..,..,..,..
Sweden,SWE,"Enrolment in primary education, both sexes (number)",SE.PRM.ENRL,576110,578486,602295,733412,757164,791893,826685,861086,893495,..,..,..,..,..,..
Switzerland,CHE,"Teachers in primary education, both sexes (number)",SE.PRM.TCHR,..,..,44956,46306,47889,..,49167,51133,51655,..,..,..,..,..,..
Switzerland,CHE,"Teachers in secondary education, both sexes (number)",SE.SEC.TCHR,..,..,64975,66533,64403,..,62387,61941,62546,..,..,..,..,..,..
Switzerland,CHE,"Teachers in pre-primary education, both sexes (number)",SE.PRE.TCHR,..,..,12523,13259,14149,..,14697,14801,14817,..,..,..,..,..,..
Switzerland,CHE,"Adult literacy rate, population 15+ years, both sexes (%)",SE.ADT.LITR.ZS,..,..,..,..,..,..,..,..,..,..,..,..,..,..,..
Switzerland,CHE,"Government expenditure on pre-primary education, US$ (millions)",UIS.X.US.02.FSGOV,1069.21424,1227.40069,1202.16279,1239.90794,1677.88956,2745.76934,2737.36112,2806.15869,..,..,..,..,..,..,..
Switzerland,CHE,"Government expenditure on primary education, US$ (millions)",UIS.X.US.1.FSGOV,8043.43037,10051.86563,9863.12761,10305.83315,10594.65622,9890.69184,9920.10844,10167.0321,..,..,..,..,..,..,..
Switzerland,CHE,"Government expenditure on secondary education, US$ (millions)",UIS.X.US.2T3.FSGOV,11868.04526,13849.72196,13154.76612,13467.79335,13476.13586,12334.3713,..,..,..,..,..,..,..,..,..
Switzerland,CHE,"Enrolment in pre-primary education, both sexes (number)",SE.PRE.ENRL,147200,148573,149660,157798,165659,168860,172439,172688,173911,..,..,..,..,..,..
Switzerland,CHE,"Enrolment in secondary education, both sexes (number)",SE.SEC.ENRL,605184,605000,606162,617000,..,614470,609783,608845,608878,..,..,..,..,..,..
Switzerland,CHE,"Enrolment in primary education, both sexes (number)",SE.PRM.ENRL,492508,487436,483466,483707,483900,490469,498338,507686,514664,..,..,..,..,..,..
Syrian Arab Republic,SYR,"Teachers in primary education, both sexes (number)",SE.PRM.TCHR,..,..,..,..,..,..,..,..,..,..,..,..,..,..,..
Syrian Arab Republic,SYR,"Teachers in secondary education, both sexes (number)",SE.SEC.TCHR,..,..,..,..,..,..,..,..,..,..,..,..,..,..,..
Syrian Arab Republic,SYR,"Teachers in pre-primary education, both sexes (number)",SE.PRE.TCHR,7591,9189,..,5445,..,..,..,..,..,..,..,..,..,..,..
Syrian Arab Republic,SYR,"Adult literacy rate, population 15+ years, both sexes (%)",SE.ADT.LITR.ZS,..,..,..,..,..,..,..,..,..,..,..,..,..,..,..
Syrian Arab Republic,SYR,"Government expenditure on pre-primary education, US$ (millions)",UIS.X.US.02.FSGOV,0,..,0,..,..,0,..,..,..,..,..,..,..,..,..
Syrian Arab Republic,SYR,"Government expenditure on primary education, US$ (millions)",UIS.X.US.1.FSGOV,..,..,..,..,..,..,..,..,..,..,..,..,..,..,..
Syrian Arab Republic,SYR,"Government expenditure on secondary education, US$ (millions)",UIS.X.US.2T3.FSGOV,..,..,..,..,..,..,..,..,..,..,..,..,..,..,..
Syrian Arab Republic,SYR,"Enrolment in pre-primary education, both sexes (number)",SE.PRE.ENRL,149110,171506,168248,86657,..,..,..,..,..,..,..,..,..,..,..
Syrian Arab Republic,SYR,"Enrolment in secondary education, both sexes (number)",SE.SEC.ENRL,2731825,2820911,2875612,1857140,..,..,..,..,..,..,..,..,..,..,..
Syrian Arab Republic,SYR,"Enrolment in primary education, both sexes (number)",SE.PRM.ENRL,2429450,2507400,2552874,1547316,..,..,..,..,..,..,..,..,..,..,..
Tajikistan,TJK,"Teachers in primary education, both sexes (number)",SE.PRM.TCHR,27087,28730,28799,29300,29627,30649,32377,34575,..,..,..,..,..,..,..
Tajikistan,TJK,"Teachers in secondary education, both sexes (number)",SE.SEC.TCHR,60334,67698,..,..,..,..,..,..,..,..,..,..,..,..,..
Tajikistan,TJK,"Teachers in pre-primary education, both sexes (number)",SE.PRE.TCHR,4659,4789,5366,5522,5781,5969,7117,7964,..,..,..,..,..,..,..
Tajikistan,TJK,"Adult literacy rate, population 15+ years, both sexes (%)",SE.ADT.LITR.ZS,..,..,..,..,99.8,..,..,..,..,..,..,..,..,..,..
Tajikistan,TJK,"Government expenditure on pre-primary education, US$ (millions)",UIS.X.US.02.FSGOV,11.23818,12.76602,16.01043,..,..,21.93036,..,..,..,..,..,..,..,..,..
Tajikistan,TJK,"Government expenditure on primary education, US$ (millions)",UIS.X.US.1.FSGOV,..,..,..,..,..,..,..,..,..,..,..,..,..,..,..
Tajikistan,TJK,"Government expenditure on secondary education, US$ (millions)",UIS.X.US.2T3.FSGOV,..,..,..,..,..,..,..,..,..,..,..,..,..,..,..
Tajikistan,TJK,"Enrolment in pre-primary education, both sexes (number)",SE.PRE.ENRL,58075,62451,67864,74448,80442,85777,92024,91081,..,..,..,..,..,..,..
Tajikistan,TJK,"Enrolment in secondary education, both sexes (number)",SE.SEC.ENRL,1031723,1045185,1054808,1062975,..,..,..,..,..,..,..,..,..,..,..
Tajikistan,TJK,"Enrolment in primary education, both sexes (number)",SE.PRM.ENRL,682090,668678,662513,664930,662427,683162,718497,771040,..,..,..,..,..,..,..
Tanzania,TZA,"Teachers in primary education, both sexes (number)",SE.PRM.TCHR,165856,..,180987,189487,190957,..,206829,197563,199705,196437,..,..,..,..,..
Tanzania,TZA,"Teachers in secondary education, both sexes (number)",SE.SEC.TCHR,..,..,..,..,82810,..,113409,112223,102982,105802,..,..,..,..,..
Tanzania,TZA,"Teachers in pre-primary education, both sexes (number)",SE.PRE.TCHR,16349,..,9352,..,13600,..,14958,13313,..,12333,..,..,..,..,..
Tanzania,TZA,"Adult literacy rate, population 15+ years, both sexes (%)",SE.ADT.LITR.ZS,67.8007,..,78.10059,..,..,77.88723,..,..,..,..,..,..,..,..,..
Tanzania,TZA,"Government expenditure on pre-primary education, US$ (millions)",UIS.X.US.02.FSGOV,..,..,..,..,93.19613,..,..,..,..,..,..,..,..,..,..
Tanzania,TZA,"Government expenditure on primary education, US$ (millions)",UIS.X.US.1.FSGOV,..,..,..,..,759.97693,..,..,..,..,..,..,..,..,..,..
Tanzania,TZA,"Government expenditure on secondary education, US$ (millions)",UIS.X.US.2T3.FSGOV,149.57091,..,..,..,282.4715,..,..,..,..,..,..,..,..,..,..
Tanzania,TZA,"Enrolment in pre-primary education, both sexes (number)",SE.PRE.ENRL,925465,1034729,1059391,1026466,1046369,1069823,1560983,1517220,1422868,1429169,..,..,..,..,..
Tanzania,TZA,"Enrolment in secondary education, both sexes (number)",SE.SEC.ENRL,1825956,..,..,..,1947349,1774383,1807674,1920524,2148466,2338457,..,..,..,..,..
Tanzania,TZA,"Enrolment in primary education, both sexes (number)",SE.PRM.ENRL,8419305,8247172,8294957,8231913,8222667,8298282,8638572,9315656,10111671,10605430,..,..,..,..,..
Thailand,THA,"Teachers in primary education, both sexes (number)",SE.PRM.TCHR,316552,319568,307446,..,336676,300968,303969,293265,..,378131,..,..,..,..,..
Thailand,THA,"Teachers in secondary education, both sexes (number)",SE.SEC.TCHR,..,..,..,..,229937,240005,246711,240251,241484,229313,..,..,..,..,..
Thailand,THA,"Teachers in pre-primary education, both sexes (number)",SE.PRE.TCHR,..,..,..,..,..,..,..,..,..,..,..,..,..,..,..
Thailand,THA,"Adult literacy rate, population 15+ years, both sexes (%)",SE.ADT.LITR.ZS,96.43091,..,..,93.70207,..,92.86831,..,..,93.76776,..,..,..,..,..,..
Thailand,THA,"Government expenditure on pre-primary education, US$ (millions)",UIS.X.US.02.FSGOV,685.35017,994.0738,1183.64642,938.9799,..,..,..,..,..,..,..,..,..,..,..
Thailand,THA,"Government expenditure on primary education, US$ (millions)",UIS.X.US.1.FSGOV,4797.15411,8989.59061,8076.77806,7125.57898,..,..,..,..,..,..,..,..,..,..,..
Thailand,THA,"Government expenditure on secondary education, US$ (millions)",UIS.X.US.2T3.FSGOV,3424.10365,3822.87639,5163.3846,5168.32217,..,..,..,..,..,..,..,..,..,..,..
Thailand,THA,"Enrolment in pre-primary education, both sexes (number)",SE.PRE.ENRL,..,..,..,..,1737040,1636244,1714140,1727076,1824392,1786826,..,..,..,..,..
Thailand,THA,"Enrolment in secondary education, both sexes (number)",SE.SEC.ENRL,4807093,4892517,4785810,4655351,6791615,6757174,6570988,6335213,6265551,6019229,..,..,..,..,..
Thailand,THA,"Enrolment in primary education, both sexes (number)",SE.PRM.ENRL,5146535,5044242,5005432,4954620,5182351,5081079,5063489,4952685,4900785,4899076,..,..,..,..,..
Timor-Leste,TLS,"Teachers in primary education, both sexes (number)",SE.PRM.TCHR,7622,7714,..,..,..,..,..,8057.72393,7898.25763,7749.49118,..,..,..,..,..
Timor-Leste,TLS,"Teachers in secondary education, both sexes (number)",SE.SEC.TCHR,4415,4441,..,..,..,..,..,5492.27607,5869.74237,5940.50882,..,..,..,..,..
Timor-Leste,TLS,"Teachers in pre-primary education, both sexes (number)",SE.PRE.TCHR,..,..,..,..,..,615,621,658,673,675,..,..,..,..,..
Timor-Leste,TLS,"Adult literacy rate, population 15+ years, both sexes (%)",SE.ADT.LITR.ZS,58.30898,..,..,..,..,..,..,..,68.06683,..,..,..,..,..,..
Timor-Leste,TLS,"Government expenditure on pre-primary education, US$ (millions)",UIS.X.US.02.FSGOV,..,0,0.15247,0.91844,1.28181,..,..,..,..,..,..,..,..,..,..
Timor-Leste,TLS,"Government expenditure on primary education, US$ (millions)",UIS.X.US.1.FSGOV,..,77.321,54.48971,51.2002,70.58376,..,..,..,..,..,..,..,..,..,..
Timor-Leste,TLS,"Government expenditure on secondary education, US$ (millions)",UIS.X.US.2T3.FSGOV,..,7.918,16.64115,23.86446,32.43474,..,..,..,..,..,..,..,..,..,..
Timor-Leste,TLS,"Enrolment in pre-primary education, both sexes (number)",SE.PRE.ENRL,..,..,..,13056,16206,18983,19867,21832,21399,24006,..,..,..,..,..
Timor-Leste,TLS,"Enrolment in secondary education, both sexes (number)",SE.SEC.ENRL,101501,107859,111422,112021,118935,129314,140462,149883,155832,161660,..,..,..,..,..
Timor-Leste,TLS,"Enrolment in primary education, both sexes (number)",SE.PRM.ENRL,230175,241871,245038,246531,245847,243559,236190,222835,212849,206512,..,..,..,..,..
Togo,TGO,"Teachers in primary education, both sexes (number)",SE.PRM.TCHR,31712,31743,32825,34375,34354,33891,36194,37985,38582,40626,..,..,..,..,..
Togo,TGO,"Teachers in secondary education, both sexes (number)",SE.SEC.TCHR,..,20798,..,..,..,..,..,..,..,..,..,..,..,..,..
Togo,TGO,"Teachers in pre-primary education, both sexes (number)",SE.PRE.TCHR,1646,1805,2020,2964,3231,3752,4056,4929,5477,6316,..,..,..,..,..
Togo,TGO,"Adult literacy rate, population 15+ years, both sexes (%)",SE.ADT.LITR.ZS,..,60.40994,..,..,..,63.74562,..,..,..,..,..,..,..,..,..
Togo,TGO,"Government expenditure on pre-primary education, US$ (millions)",UIS.X.US.02.FSGOV,3.69851,3.3528,6.1215,5.89461,3.17363,3.38947,3.5151,..,..,..,..,..,..,..,..
Togo,TGO,"Government expenditure on primary education, US$ (millions)",UIS.X.US.1.FSGOV,72.59582,81.44321,116.30858,111.99763,129.03111,137.70296,142.44802,..,..,..,..,..,..,..,..
Togo,TGO,"Government expenditure on secondary education, US$ (millions)",UIS.X.US.2T3.FSGOV,35.93412,48.91261,26.21366,30.29286,38.29855,34.73929,35.61668,..,..,..,..,..,..,..,..
Togo,TGO,"Enrolment in pre-primary education, both sexes (number)",SE.PRE.ENRL,42890,55120,66018,86680,96957,115105,..,143897,155739,172225,..,..,..,..,..
Togo,TGO,"Enrolment in secondary education, both sexes (number)",SE.SEC.ENRL,..,545861,..,..,..,..,..,727949,..,..,..,..,..,..,..
Togo,TGO,"Enrolment in primary education, both sexes (number)",SE.PRM.ENRL,1286653,1299802,1368074,1412356,1413208,1498312,1498314.46,1524191,1548876,1584376,..,..,..,..,..
Tokelau,TKL,"Teachers in primary education, both sexes (number)",SE.PRM.TCHR,..,..,..,..,..,..,15,..,..,..,..,..,..,..,..
Tokelau,TKL,"Teachers in secondary education, both sexes (number)",SE.SEC.TCHR,..,..,..,..,..,..,..,..,..,..,..,..,..,..,..
Tokelau,TKL,"Teachers in pre-primary education, both sexes (number)",SE.PRE.TCHR,..,..,..,..,..,..,12,..,..,..,..,..,..,..,..
Tokelau,TKL,"Adult literacy rate, population 15+ years, both sexes (%)",SE.ADT.LITR.ZS,..,..,..,..,..,..,..,..,..,..,..,..,..,..,..
Tokelau,TKL,"Government expenditure on pre-primary education, US$ (millions)",UIS.X.US.02.FSGOV,..,..,..,..,..,..,..,..,..,..,..,..,..,..,..
Tokelau,TKL,"Government expenditure on primary education, US$ (millions)",UIS.X.US.1.FSGOV,..,..,..,..,..,..,..,..,..,..,..,..,..,..,..
Tokelau,TKL,"Government expenditure on secondary education, US$ (millions)",UIS.X.US.2T3.FSGOV,..,..,..,..,..,..,..,..,..,..,..,..,..,..,..
Tokelau,TKL,"Enrolment in pre-primary education, both sexes (number)",SE.PRE.ENRL,..,..,..,..,..,..,52,..,..,..,..,..,..,..,..
Tokelau,TKL,"Enrolment in secondary education, both sexes (number)",SE.SEC.ENRL,..,..,..,..,..,..,141,..,..,..,..,..,..,..,..
Tokelau,TKL,"Enrolment in primary education, both sexes (number)",SE.PRM.ENRL,..,..,..,..,..,..,178,..,..,..,..,..,..,..,..
Tonga,TON,"Teachers in primary education, both sexes (number)",SE.PRM.TCHR,677,706,816,670,782,785,..,..,..,..,..,..,..,..,..
Tonga,TON,"Teachers in secondary education, both sexes (number)",SE.SEC.TCHR,993,1021,..,1116,1116,1086,..,..,..,..,..,..,..,..,..
Tonga,TON,"Teachers in pre-primary education, both sexes (number)",SE.PRE.TCHR,..,..,169,..,167,214,..,..,..,..,..,..,..,..,..
Tonga,TON,"Adult literacy rate, population 15+ years, both sexes (%)",SE.ADT.LITR.ZS,..,99.38553,..,..,..,..,..,..,99.41437,..,..,..,..,..,..
Tonga,TON,"Government expenditure on pre-primary education, US$ (millions)",UIS.X.US.02.FSGOV,..,..,..,..,..,..,..,..,..,..,..,..,..,..,..
Tonga,TON,"Government expenditure on primary education, US$ (millions)",UIS.X.US.1.FSGOV,..,..,..,..,..,..,..,..,..,..,..,..,..,..,..
Tonga,TON,"Government expenditure on secondary education, US$ (millions)",UIS.X.US.2T3.FSGOV,..,..,..,..,..,..,..,..,..,..,..,..,..,..,..
Tonga,TON,"Enrolment in pre-primary education, both sexes (number)",SE.PRE.ENRL,..,..,1921,..,2066,2254,..,..,..,..,..,..,..,..,..
Tonga,TON,"Enrolment in secondary education, both sexes (number)",SE.SEC.ENRL,14777,14874,14784,14840,14961,15800,..,..,..,..,..,..,..,..,..
Tonga,TON,"Enrolment in primary education, both sexes (number)",SE.PRM.ENRL,16848,17033,17222,17251,17093,16982,..,..,..,..,..,..,..,..,..
Trinidad and Tobago,TTO,"Teachers in primary education, both sexes (number)",SE.PRM.TCHR,..,..,..,..,..,..,..,..,..,..,..,..,..,..,..
Trinidad and Tobago,TTO,"Teachers in secondary education, both sexes (number)",SE.SEC.TCHR,..,..,..,..,..,..,..,..,..,..,..,..,..,..,..
Trinidad and Tobago,TTO,"Teachers in pre-primary education, both sexes (number)",SE.PRE.TCHR,..,..,..,..,..,..,..,..,..,2394,..,..,..,..,..
Trinidad and Tobago,TTO,"Adult literacy rate, population 15+ years, both sexes (%)",SE.ADT.LITR.ZS,98.7,..,..,..,..,..,..,..,..,..,..,..,..,..,..
Trinidad and Tobago,TTO,"Government expenditure on pre-primary education, US$ (millions)",UIS.X.US.02.FSGOV,..,..,..,..,..,..,..,..,..,..,..,..,..,..,..
Trinidad and Tobago,TTO,"Government expenditure on primary education, US$ (millions)",UIS.X.US.1.FSGOV,..,..,..,..,..,..,..,..,..,..,..,..,..,..,..
Trinidad and Tobago,TTO,"Government expenditure on secondary education, US$ (millions)",UIS.X.US.2T3.FSGOV,..,..,..,..,..,..,..,..,..,..,..,..,..,..,..
Trinidad and Tobago,TTO,"Enrolment in pre-primary education, both sexes (number)",SE.PRE.ENRL,..,..,..,..,..,..,..,..,..,32236,..,..,..,..,..
Trinidad and Tobago,TTO,"Enrolment in secondary education, both sexes (number)",SE.SEC.ENRL,..,..,..,..,..,..,..,..,..,..,..,..,..,..,..
Trinidad and Tobago,TTO,"Enrolment in primary education, both sexes (number)",SE.PRM.ENRL,131350,..,..,..,..,..,..,..,..,..,..,..,..,..,..
Tunisia,TUN,"Teachers in primary education, both sexes (number)",SE.PRM.TCHR,60186,59242,61031,61002,65835,70577,70399,70630,71228,..,..,..,..,..,..
Tunisia,TUN,"Teachers in secondary education, both sexes (number)",SE.SEC.TCHR,87585,84562,..,..,..,..,..,87483,87280,..,..,..,..,..,..
Tunisia,TUN,"Teachers in pre-primary education, both sexes (number)",SE.PRE.TCHR,..,..,..,..,13414,15096,16458,..,..,..,..,..,..,..,..
Tunisia,TUN,"Adult literacy rate, population 15+ years, both sexes (%)",SE.ADT.LITR.ZS,79.13058,79.65391,80.21875,..,79.03643,..,..,..,..,..,..,..,..,..,..
Tunisia,TUN,"Government expenditure on pre-primary education, US$ (millions)",UIS.X.US.02.FSGOV,0,..,..,..,..,..,..,..,..,..,..,..,..,..,..
Tunisia,TUN,"Government expenditure on primary education, US$ (millions)",UIS.X.US.1.FSGOV,..,..,..,..,..,..,..,..,..,..,..,..,..,..,..
Tunisia,TUN,"Government expenditure on secondary education, US$ (millions)",UIS.X.US.2T3.FSGOV,..,..,..,..,..,2038.59451,..,..,..,..,..,..,..,..,..
Tunisia,TUN,"Enrolment in pre-primary education, both sexes (number)",SE.PRE.ENRL,..,..,..,211934,225967,238208,250813,..,..,..,..,..,..,..,..
Tunisia,TUN,"Enrolment in secondary education, both sexes (number)",SE.SEC.ENRL,1163833,1152153,..,1071729,1019908,1007951,1047035,..,..,..,..,..,..,..,..
Tunisia,TUN,"Enrolment in primary education, both sexes (number)",SE.PRM.ENRL,1030109,1027970,1046671,1063291,1089220,1114883,1139314,1170470,1201736,..,..,..,..,..,..
Turkiye,TUR,"Teachers in primary education, both sexes (number)",SE.PRM.TCHR,..,..,319369,282043,288444,295252,..,292878,297176,..,..,..,..,..,..
Turkiye,TUR,"Teachers in secondary education, both sexes (number)",SE.SEC.TCHR,..,..,432297,524654,559445,594443,..,657390,687819,..,..,..,..,..,..
Turkiye,TUR,"Teachers in pre-primary education, both sexes (number)",SE.PRE.TCHR,42716,48330,55883,62933,63327,68038,..,77109,84257,..,..,..,..,..,..
Turkiye,TUR,"Adult literacy rate, population 15+ years, both sexes (%)",SE.ADT.LITR.ZS,92.6606,94.10609,94.91975,95.25666,95.43963,95.60142,96.16733,96.15053,..,..,..,..,..,..,..
Turkiye,TUR,"Government expenditure on pre-primary education, US$ (millions)",UIS.X.US.02.FSGOV,..,..,..,..,..,..,..,..,..,..,..,..,..,..,..
Turkiye,TUR,"Government expenditure on primary education, US$ (millions)",UIS.X.US.1.FSGOV,..,..,..,..,..,..,..,..,..,..,..,..,..,..,..
Turkiye,TUR,"Government expenditure on secondary education, US$ (millions)",UIS.X.US.2T3.FSGOV,..,..,..,..,..,..,..,..,..,..,..,..,..,..,..
Turkiye,TUR,"Enrolment in pre-primary education, both sexes (number)",SE.PRE.ENRL,980654,1115818,1169556,1077933,1059495,1156661,1209106,1326123,1501088,..,..,..,..,..,..
Turkiye,TUR,"Enrolment in secondary education, both sexes (number)",SE.SEC.ENRL,7530640,7965619,7757880,10562609,10898577,10969178,11019149,11404385,11279561,..,..,..,..,..,..
Turkiye,TUR,"Enrolment in primary education, both sexes (number)",SE.PRM.ENRL,6635156,6580999,6429549,5593910,5574916,5434150,5360703,4972430,5104599,..,..,..,..,..,..
Turkmenistan,TKM,"Teachers in primary education, both sexes (number)",SE.PRM.TCHR,..,..,..,..,..,..,..,..,..,21699,..,..,..,..,..
Turkmenistan,TKM,"Teachers in secondary education, both sexes (number)",SE.SEC.TCHR,..,..,..,..,..,..,..,..,..,76149,..,..,..,..,..
Turkmenistan,TKM,"Teachers in pre-primary education, both sexes (number)",SE.PRE.TCHR,..,..,..,..,..,..,..,..,..,..,..,..,..,..,..
Turkmenistan,TKM,"Adult literacy rate, population 15+ years, both sexes (%)",SE.ADT.LITR.ZS,..,..,..,..,99.7,..,..,..,..,..,..,..,..,..,..
Turkmenistan,TKM,"Government expenditure on pre-primary education, US$ (millions)",UIS.X.US.02.FSGOV,..,..,301.22807,..,..,..,..,..,..,..,..,..,..,..,..
Turkmenistan,TKM,"Government expenditure on primary education, US$ (millions)",UIS.X.US.1.FSGOV,..,..,..,..,..,..,..,..,..,..,..,..,..,..,..
Turkmenistan,TKM,"Government expenditure on secondary education, US$ (millions)",UIS.X.US.2T3.FSGOV,..,..,..,..,..,..,..,..,..,..,..,..,..,..,..
Turkmenistan,TKM,"Enrolment in pre-primary education, both sexes (number)",SE.PRE.ENRL,..,..,..,..,..,..,..,..,..,..,..,..,..,..,..
Turkmenistan,TKM,"Enrolment in secondary education, both sexes (number)",SE.SEC.ENRL,..,..,..,..,..,..,..,..,..,706547,..,..,..,..,..
Turkmenistan,TKM,"Enrolment in primary education, both sexes (number)",SE.PRM.ENRL,..,..,..,..,..,..,..,..,..,557184,..,..,..,..,..
Turks and Caicos Islands,TCA,"Teachers in primary education, both sexes (number)",SE.PRM.TCHR,..,..,..,..,285,..,..,..,208,..,..,..,..,..,..
Turks and Caicos Islands,TCA,"Teachers in secondary education, both sexes (number)",SE.SEC.TCHR,..,..,..,..,205,210,..,..,230,..,..,..,..,..,..
Turks and Caicos Islands,TCA,"Teachers in pre-primary education, both sexes (number)",SE.PRE.TCHR,..,..,..,..,..,..,..,..,25,..,..,..,..,..,..
Turks and Caicos Islands,TCA,"Adult literacy rate, population 15+ years, both sexes (%)",SE.ADT.LITR.ZS,..,..,..,..,..,..,..,..,..,..,..,..,..,..,..
Turks and Caicos Islands,TCA,"Government expenditure on pre-primary education, US$ (millions)",UIS.X.US.02.FSGOV,..,..,..,..,..,..,..,..,4.6861,..,..,..,..,..,..
Turks and Caicos Islands,TCA,"Government expenditure on primary education, US$ (millions)",UIS.X.US.1.FSGOV,..,..,..,..,..,9.39255,..,..,5.44393,..,..,..,..,..,..
Turks and Caicos Islands,TCA,"Government expenditure on secondary education, US$ (millions)",UIS.X.US.2T3.FSGOV,..,..,..,..,..,10.78985,..,..,11.06596,..,..,..,..,..,..
Turks and Caicos Islands,TCA,"Enrolment in pre-primary education, both sexes (number)",SE.PRE.ENRL,..,..,..,..,1056,1151,..,..,1077,..,..,..,..,..,..
Turks and Caicos Islands,TCA,"Enrolment in secondary education, both sexes (number)",SE.SEC.ENRL,..,..,..,..,1811,2013,..,..,2316,..,..,..,..,..,..
Turks and Caicos Islands,TCA,"Enrolment in primary education, both sexes (number)",SE.PRM.ENRL,..,..,..,..,2647,2577,..,..,3680,..,..,..,..,..,..
Tuvalu,TUV,"Teachers in primary education, both sexes (number)",SE.PRM.TCHR,..,..,..,..,..,117,77,..,85,106,..,..,..,..,..
Tuvalu,TUV,"Teachers in secondary education, both sexes (number)",SE.SEC.TCHR,..,..,..,..,..,209,134,..,126,84,..,..,..,..,..
Tuvalu,TUV,"Teachers in pre-primary education, both sexes (number)",SE.PRE.TCHR,..,..,..,..,59,71,66,..,80,55,..,..,..,..,..
Tuvalu,TUV,"Adult literacy rate, population 15+ years, both sexes (%)",SE.ADT.LITR.ZS,..,..,..,..,..,..,..,..,..,..,..,..,..,..,..
Tuvalu,TUV,"Government expenditure on pre-primary education, US$ (millions)",UIS.X.US.02.FSGOV,..,..,..,..,..,..,..,..,..,..,..,..,..,..,..
Tuvalu,TUV,"Government expenditure on primary education, US$ (millions)",UIS.X.US.1.FSGOV,..,..,..,..,..,..,..,..,..,..,..,..,..,..,..
Tuvalu,TUV,"Government expenditure on secondary education, US$ (millions)",UIS.X.US.2T3.FSGOV,..,..,..,..,..,..,..,..,..,..,..,..,..,..,..
Tuvalu,TUV,"Enrolment in pre-primary education, both sexes (number)",SE.PRE.ENRL,..,..,..,..,748,758,701,..,675,676,..,..,..,..,..
Tuvalu,TUV,"Enrolment in secondary education, both sexes (number)",SE.SEC.ENRL,..,..,..,..,1201,1289,1123,..,1089,682,..,..,..,..,..
Tuvalu,TUV,"Enrolment in primary education, both sexes (number)",SE.PRM.ENRL,..,..,..,..,1421,1488,1324,..,1324,1688,..,..,..,..,..
Uganda,UGA,"Teachers in primary education, both sexes (number)",SE.PRM.TCHR,172403,169503,170652,185548,191217,192566,202617,207238,..,..,..,..,..,..,..
Uganda,UGA,"Teachers in secondary education, both sexes (number)",SE.SEC.TCHR,66091,49322,41467,66666,63957,..,..,..,..,..,..,..,..,..,..
Uganda,UGA,"Teachers in pre-primary education, both sexes (number)",SE.PRE.TCHR,19844,..,11575,14731,15332,21310,26363,27641,..,..,..,..,..,..,..
Uganda,UGA,"Adult literacy rate, population 15+ years, both sexes (%)",SE.ADT.LITR.ZS,73.21188,..,70.19822,..,..,..,..,..,76.5275,..,..,..,..,..,..
Uganda,UGA,"Government expenditure on pre-primary education, US$ (millions)",UIS.X.US.02.FSGOV,0,0,0,0,0,..,..,..,..,..,..,..,..,..,..
Uganda,UGA,"Government expenditure on primary education, US$ (millions)",UIS.X.US.1.FSGOV,205.17346,348.64164,290.47271,292.42517,327.51559,..,..,..,..,..,..,..,..,..,..
Uganda,UGA,"Government expenditure on secondary education, US$ (millions)",UIS.X.US.2T3.FSGOV,171.15227,199.77647,141.87818,135.9645,135.92237,..,..,..,..,..,..,..,..,..,..
Uganda,UGA,"Enrolment in pre-primary education, both sexes (number)",SE.PRE.ENRL,498644,..,356903,430425,433258,477123,564033,608973,..,..,..,..,..,..,..
Uganda,UGA,"Enrolment in secondary education, both sexes (number)",SE.SEC.ENRL,..,..,..,..,..,..,..,..,..,..,..,..,..,..,..
Uganda,UGA,"Enrolment in primary education, both sexes (number)",SE.PRM.ENRL,8374648,8098177,8328643,8459336,..,8264317,8655924,8840589,..,..,..,..,..,..,..
Ukraine,UKR,"Teachers in primary education, both sexes (number)",SE.PRM.TCHR,98371,98740,98491,99376,..,124073,125349,126535,129163,108283,..,..,..,..,..
Ukraine,UKR,"Teachers in secondary education, both sexes (number)",SE.SEC.TCHR,..,..,..,..,..,340062,330532,324041,323949,312000,..,..,..,..,..
Ukraine,UKR,"Teachers in pre-primary education, both sexes (number)",SE.PRE.TCHR,138613,141222,144920,..,..,..,..,..,..,..,..,..,..,..,..
Ukraine,UKR,"Adult literacy rate, population 15+ years, both sexes (%)",SE.ADT.LITR.ZS,..,..,99.97435,..,..,..,..,..,..,..,..,..,..,..,..
Ukraine,UKR,"Government expenditure on pre-primary education, US$ (millions)",UIS.X.US.02.FSGOV,..,1484.95871,1830.52622,1959.51463,1277.59347,..,787.25886,1060.6639,..,..,..,..,..,..,..
Ukraine,UKR,"Government expenditure on primary education, US$ (millions)",UIS.X.US.1.FSGOV,..,1569.99197,1978.47804,2135.89735,1414.41152,..,918.52605,1316.29536,..,..,..,..,..,..,..
Ukraine,UKR,"Government expenditure on secondary education, US$ (millions)",UIS.X.US.2T3.FSGOV,..,2872.78515,3385.04993,3439.74251,2183.18271,..,1304.37656,1866.11433,..,..,..,..,..,..,..
Ukraine,UKR,"Enrolment in pre-primary education, both sexes (number)",SE.PRE.ENRL,1213890,1272745,1354394,1198572,..,1093943,1097579,1106167,1116970,1093991,..,..,..,..,..
Ukraine,UKR,"Enrolment in secondary education, both sexes (number)",SE.SEC.ENRL,3132972,2925709,2899116,2803364,2713646,2370298,2325864,2334978,2376848,2444548,..,..,..,..,..
Ukraine,UKR,"Enrolment in primary education, both sexes (number)",SE.PRM.ENRL,1540282,1563396,1584382,1638497,1685030,1536578,1599250,1644263,1676550,1724664,..,..,..,..,..
United Arab Emirates,ARE,"Teachers in primary education, both sexes (number)",SE.PRM.TCHR,19401,19664,20019,23440,21644,19518,19073,..,..,..,..,..,..,..,..
United Arab Emirates,ARE,"Teachers in secondary education, both sexes (number)",SE.SEC.TCHR,..,..,..,..,..,..,46237,..,..,..,..,..,..,..,..
United Arab Emirates,ARE,"Teachers in pre-primary education, both sexes (number)",SE.PRE.TCHR,6729,7349,8046,9238,8819,6656,5274,..,..,..,..,..,..,..,..
United Arab Emirates,ARE,"Adult literacy rate, population 15+ years, both sexes (%)",SE.ADT.LITR.ZS,..,..,..,..,..,93.22714,..,..,..,..,..,..,..,..,..
United Arab Emirates,ARE,"Government expenditure on pre-primary education, US$ (millions)",UIS.X.US.02.FSGOV,..,..,..,..,..,..,..,..,..,..,..,..,..,..,..
United Arab Emirates,ARE,"Government expenditure on primary education, US$ (millions)",UIS.X.US.1.FSGOV,..,..,..,..,..,..,..,..,..,..,..,..,..,..,..
United Arab Emirates,ARE,"Government expenditure on secondary education, US$ (millions)",UIS.X.US.2T3.FSGOV,..,..,..,..,..,..,..,..,..,..,..,..,..,..,..
United Arab Emirates,ARE,"Enrolment in pre-primary education, both sexes (number)",SE.PRE.ENRL,124699,130575,135051,145401,165533,155483,154387,155999,..,..,..,..,..,..,..
United Arab Emirates,ARE,"Enrolment in secondary education, both sexes (number)",SE.SEC.ENRL,..,..,..,..,..,..,441510,528480,..,..,..,..,..,..,..
United Arab Emirates,ARE,"Enrolment in primary education, both sexes (number)",SE.PRM.ENRL,326588,334956,364017,376649,409776,460975,467723,486086,..,..,..,..,..,..,..
United Kingdom,GBR,"Teachers in primary education, both sexes (number)",SE.PRM.TCHR,252290,255994,247079,250692.9915,272430,..,313648.9338,318533.1617,279097.1081,..,..,..,..,..,..
United Kingdom,GBR,"Teachers in secondary education, both sexes (number)",SE.SEC.TCHR,..,..,..,409477.9868,414227,412358.73,392953.25,384284.2037,369139.89,..,..,..,..,..,..
United Kingdom,GBR,"Teachers in pre-primary education, both sexes (number)",SE.PRE.TCHR,64282,68637,68080,..,73852,..,..,28524.08907,27849.57358,..,..,..,..,..,..
United Kingdom,GBR,"Adult literacy rate, population 15+ years, both sexes (%)",SE.ADT.LITR.ZS,..,..,..,..,..,..,..,..,..,..,..,..,..,..,..
United Kingdom,GBR,"Government expenditure on pre-primary education, US$ (millions)",UIS.X.US.02.FSGOV,7143.0285,7700.78398,..,8092.34558,8108.42372,5882.66861,5730.40854,5986.0744,..,..,..,..,..,..,..
United Kingdom,GBR,"Government expenditure on primary education, US$ (millions)",UIS.X.US.1.FSGOV,41376.99835,42617.97757,..,44556.12537,45104.95567,54757.10666,51375.5042,46647.87381,..,..,..,..,..,..,..
United Kingdom,GBR,"Government expenditure on secondary education, US$ (millions)",UIS.X.US.2T3.FSGOV,66437.33564,57573.49371,..,60037.32846,64161.74677,69855.20883,60133.33109,54039.47826,..,..,..,..,..,..,..
United Kingdom,GBR,"Enrolment in pre-primary education, both sexes (number)",SE.PRE.ENRL,1175407,1248282,1281727,1258174.253,1429852,1667614,1830312,1763125,1764604,..,..,..,..,..,..
United Kingdom,GBR,"Enrolment in secondary education, both sexes (number)",SE.SEC.ENRL,5538230,5000332,4849275,6496973,6556991.659,6374674.8,..,6386316.623,6173690.588,..,..,..,..,..,..
United Kingdom,GBR,"Enrolment in primary education, both sexes (number)",SE.PRM.ENRL,4421903,4419840,4523583,4622158,4509479,4621192,4721647,4820283,4892502,..,..,..,..,..,..
United States,USA,"Teachers in primary education, both sexes (number)",SE.PRM.TCHR,..,..,..,..,1687937.049,1714415,..,1769451,..,..,..,..,..,..,..
United States,USA,"Teachers in secondary education, both sexes (number)",SE.SEC.TCHR,..,..,..,..,1638605.69,1661375,..,1694959,..,..,..,..,..,..,..
United States,USA,"Teachers in pre-primary education, both sexes (number)",SE.PRE.TCHR,..,..,..,..,634028.7436,629148.4672,..,612929,..,..,..,..,..,..,..
United States,USA,"Adult literacy rate, population 15+ years, both sexes (%)",SE.ADT.LITR.ZS,..,..,..,..,..,..,..,..,..,..,..,..,..,..,..
United States,USA,"Government expenditure on pre-primary education, US$ (millions)",UIS.X.US.02.FSGOV,..,..,..,51882.23686,54589.00945,56450.28147,58891.20855,61662.52576,..,..,..,..,..,..,..
United States,USA,"Government expenditure on primary education, US$ (millions)",UIS.X.US.1.FSGOV,..,..,..,248462.4331,257879.1552,269541.0859,282231.0414,293636.197,..,..,..,..,..,..,..
United States,USA,"Government expenditure on secondary education, US$ (millions)",UIS.X.US.2T3.FSGOV,..,..,..,280878.756,287780.0004,299450.9854,310660.8496,325625.5928,..,..,..,..,..,..,..
United States,USA,"Enrolment in pre-primary education, both sexes (number)",SE.PRE.ENRL,..,..,..,..,8762260,8654969.353,8656832.582,8752326.152,8668764.025,..,..,..,..,..,..
United States,USA,"Enrolment in secondary education, both sexes (number)",SE.SEC.ENRL,..,..,..,..,24229777,24417186,24707907.27,24787964.41,24871356.56,..,..,..,..,..,..
United States,USA,"Enrolment in primary education, both sexes (number)",SE.PRM.ENRL,..,..,..,..,24538371,24785697.04,25019051.11,25123677.23,24957955.89,..,..,..,..,..,..
Upper middle income,UMC,"Teachers in primary education, both sexes (number)",SE.PRM.TCHR,12492593.96,12455121.61,12480008.25,12771944.83,12738798.03,12932266.61,13146357.07,12980004.97,13104540.97,13467220.08,..,..,..,..,..
Upper middle income,UMC,"Teachers in secondary education, both sexes (number)",SE.SEC.TCHR,14863343.27,14676795.24,14686408.16,14626775.7,14865855.85,15111084.95,15277477.59,15323551.15,15547980.18,15685124.84,..,..,..,..,..
Upper middle income,UMC,"Teachers in pre-primary education, both sexes (number)",SE.PRE.TCHR,3221596.984,3474439.84,3776711.813,3927294.726,4286502.921,4572380.783,4847189.036,5127741.586,5373595.028,5585985.423,..,..,..,..,..
Upper middle income,UMC,"Adult literacy rate, population 15+ years, both sexes (%)",SE.ADT.LITR.ZS,94.14792,94.37333,94.78501,94.84182,95.25861,95.09962,95.62376,95.67085,95.45145,95.64834,..,..,..,..,..
Upper middle income,UMC,"Government expenditure on pre-primary education, US$ (millions)",UIS.X.US.02.FSGOV,..,..,..,..,..,..,..,..,..,..,..,..,..,..,..
Upper middle income,UMC,"Government expenditure on primary education, US$ (millions)",UIS.X.US.1.FSGOV,..,..,..,..,..,..,..,..,..,..,..,..,..,..,..
Upper middle income,UMC,"Government expenditure on secondary education, US$ (millions)",UIS.X.US.2T3.FSGOV,..,..,..,..,..,..,..,..,..,..,..,..,..,..,..
Upper middle income,UMC,"Enrolment in pre-primary education, both sexes (number)",SE.PRE.ENRL,58542898.92,62363549.05,68130593.9,72119746.46,75422115.26,77995422.43,81011905.53,83540841.57,86022777.54,87433092.47,..,..,..,..,..
Upper middle income,UMC,"Enrolment in secondary education, both sexes (number)",SE.SEC.ENRL,222380834.6,221866876.7,219746896,223969961.6,221207123.1,219894439.9,217972067,218378075.3,219759333.2,222181427.6,..,..,..,..,..
Upper middle income,UMC,"Enrolment in primary education, both sexes (number)",SE.PRM.ENRL,234202601.3,232695713.2,231957522.5,232641867.4,228307294.9,229155051.2,231338034.7,233486783.1,235779806.8,240286221,..,..,..,..,..
Uruguay,URY,"Teachers in primary education, both sexes (number)",SE.PRM.TCHR,24785,..,..,27343,28060,26943,27832,27616,27762,..,..,..,..,..,..
Uruguay,URY,"Teachers in secondary education, both sexes (number)",SE.SEC.TCHR,25390,..,..,..,..,..,..,..,..,..,..,..,..,..,..
Uruguay,URY,"Teachers in pre-primary education, both sexes (number)",SE.PRE.TCHR,5007,..,..,..,..,..,..,..,..,..,..,..,..,..,..
Uruguay,URY,"Adult literacy rate, population 15+ years, both sexes (%)",SE.ADT.LITR.ZS,98.07271,98.3359,98.39594,98.36387,98.43593,98.52387,98.56147,98.61572,98.70386,..,..,..,..,..,..
Uruguay,URY,"Government expenditure on pre-primary education, US$ (millions)",UIS.X.US.02.FSGOV,..,212.2887,..,..,..,..,270.0275,318.57714,346.27492,..,..,..,..,..,..
Uruguay,URY,"Government expenditure on primary education, US$ (millions)",UIS.X.US.1.FSGOV,..,582.30702,..,..,..,..,590.67466,666.30796,687.99908,..,..,..,..,..,..
Uruguay,URY,"Government expenditure on secondary education, US$ (millions)",UIS.X.US.2T3.FSGOV,..,692.98834,..,..,..,..,852.69335,999.14468,987.3757,..,..,..,..,..,..
Uruguay,URY,"Enrolment in pre-primary education, both sexes (number)",SE.PRE.ENRL,131734,127784,128977,129203,129248,131266,132437,132580,136085,..,..,..,..,..,..
Uruguay,URY,"Enrolment in secondary education, both sexes (number)",SE.SEC.ENRL,321397,331659,335126,337609,339221,339740,347841,356952,355851,..,..,..,..,..,..
Uruguay,URY,"Enrolment in primary education, both sexes (number)",SE.PRM.ENRL,341885,339783,332212,327137,321779,316864,309806,304309,296791,..,..,..,..,..,..
Uruguay,URY,"Enrolment in primary education, both sexes (number)",SE.PRM.ENRL,341885,339783,332212,327137,321779,316864,309806,304309,296791,..,..,..,..,..,..
Uzbekistan,UZB,"Teachers in primary education, both sexes (number)",SE.PRM.TCHR,110962,124685,130630,126651,112240,112159,110677,113072,115554,118835,..,..,..,..,..
Uzbekistan,UZB,"Teachers in secondary education, both sexes (number)",SE.SEC.TCHR,342064,329168,337652,358956,374549,370507,374585,376861,373767,375124,..,..,..,..,..
Uzbekistan,UZB,"Teachers in pre-primary education, both sexes (number)",SE.PRE.TCHR,60579,56476,55281,55513,57707,57641,58349,59688,63259,81051,..,..,..,..,..
Uzbekistan,UZB,"Adult literacy rate, population 15+ years, both sexes (%)",SE.ADT.LITR.ZS,..,..,..,99.99486,99.98055,99.98383,99.98657,..,99.99289,..,..,..,..,..,..
Uzbekistan,UZB,"Government expenditure on pre-primary education, US$ (millions)",UIS.X.US.02.FSGOV,..,..,..,..,..,..,..,..,..,..,..,..,..,..,..
Uzbekistan,UZB,"Government expenditure on primary education, US$ (millions)",UIS.X.US.1.FSGOV,..,..,..,..,..,..,..,..,..,..,..,..,..,..,..
Uzbekistan,UZB,"Government expenditure on secondary education, US$ (millions)",UIS.X.US.2T3.FSGOV,..,..,..,..,..,..,..,..,..,..,..,..,..,..,..
Uzbekistan,UZB,"Enrolment in pre-primary education, both sexes (number)",SE.PRE.ENRL,526850,522945,533677,549762,575805,620769,634052,690975,732852,874385,..,..,..,..,..
Uzbekistan,UZB,"Enrolment in secondary education, both sexes (number)",SE.SEC.ENRL,4448978,4370300,4335596,4195583,4082709,3964383,3908744,3892888,3949245,4073028,..,..,..,..,..
Uzbekistan,UZB,"Enrolment in primary education, both sexes (number)",SE.PRM.ENRL,1970922,1948128,1955692,1981330,2033877,2134601,2260515,2391489,2485178,2505930,..,..,..,..,..
Vanuatu,VUT,"Teachers in primary education, both sexes (number)",SE.PRM.TCHR,1931,..,..,1936,..,1729,..,..,..,..,..,..,..,..,..
Vanuatu,VUT,"Teachers in secondary education, both sexes (number)",SE.SEC.TCHR,..,..,..,..,..,1000,..,..,..,..,..,..,..,..,..
Vanuatu,VUT,"Teachers in pre-primary education, both sexes (number)",SE.PRE.TCHR,822,..,..,869,..,922,..,..,..,..,..,..,..,..,..
Vanuatu,VUT,"Adult literacy rate, population 15+ years, both sexes (%)",SE.ADT.LITR.ZS,..,..,..,..,84.7,..,..,..,87.50631,..,..,..,..,..,..
Vanuatu,VUT,"Government expenditure on pre-primary education, US$ (millions)",UIS.X.US.02.FSGOV,..,..,..,..,0.04121,0.0367,..,0.0369,..,..,..,..,..,..,..
Vanuatu,VUT,"Government expenditure on primary education, US$ (millions)",UIS.X.US.1.FSGOV,..,..,..,..,18.85133,16.91176,..,17.80856,..,..,..,..,..,..,..
Vanuatu,VUT,"Government expenditure on secondary education, US$ (millions)",UIS.X.US.2T3.FSGOV,..,..,..,..,13.02449,11.76723,..,13.1251,..,..,..,..,..,..,..
Vanuatu,VUT,"Enrolment in pre-primary education, both sexes (number)",SE.PRE.ENRL,11264,..,..,13343,..,14301,..,..,..,..,..,..,..,..,..
Vanuatu,VUT,"Enrolment in secondary education, both sexes (number)",SE.SEC.ENRL,20256,..,..,..,..,20568,..,..,..,..,..,..,..,..,..
Vanuatu,VUT,"Enrolment in primary education, both sexes (number)",SE.PRM.ENRL,41834,..,..,44181,..,45931,..,..,..,..,..,..,..,..,..
"Venezuela, RB",VEN,"Teachers in primary education, both sexes (number)",SE.PRM.TCHR,..,..,..,..,..,..,..,..,..,..,..,..,..,..,..
"Venezuela, RB",VEN,"Teachers in secondary education, both sexes (number)",SE.SEC.TCHR,..,..,..,..,..,..,..,..,..,..,..,..,..,..,..
"Venezuela, RB",VEN,"Teachers in pre-primary education, both sexes (number)",SE.PRE.TCHR,..,..,..,..,..,..,..,..,..,..,..,..,..,..,..
"Venezuela, RB",VEN,"Adult literacy rate, population 15+ years, both sexes (%)",SE.ADT.LITR.ZS,..,94.77022,..,..,..,96.60522,97.12709,..,..,..,..,..,..,..,..
"Venezuela, RB",VEN,"Government expenditure on pre-primary education, US$ (millions)",UIS.X.US.02.FSGOV,..,..,..,..,..,..,..,..,..,..,..,..,..,..,..
"Venezuela, RB",VEN,"Government expenditure on primary education, US$ (millions)",UIS.X.US.1.FSGOV,..,..,..,..,..,..,..,..,..,..,..,..,..,..,..
"Venezuela, RB",VEN,"Government expenditure on secondary education, US$ (millions)",UIS.X.US.2T3.FSGOV,..,..,..,..,..,..,..,..,..,..,..,..,..,..,..
"Venezuela, RB",VEN,"Enrolment in pre-primary education, both sexes (number)",SE.PRE.ENRL,1269144,1287156,1270218,1329086,1288344,1330694,1223602,1190349,..,..,..,..,..,..,..
"Venezuela, RB",VEN,"Enrolment in secondary education, both sexes (number)",SE.SEC.ENRL,2254935,2287393,2354412,2574580,2567278,2522661,2427635,2391174,..,..,..,..,..,..,..
"Venezuela, RB",VEN,"Enrolment in primary education, both sexes (number)",SE.PRM.ENRL,3457754,3466230,3486365,3519519,3493044,3476473,3383277,3285299,..,..,..,..,..,..,..
Viet Nam,VNM,"Teachers in primary education, both sexes (number)",SE.PRM.TCHR,347840,359039,366045,381432,386953,392403,396843,397098,396600,390754,..,..,..,..,..
Viet Nam,VNM,"Teachers in secondary education, both sexes (number)",SE.SEC.TCHR,..,..,..,..,..,..,..,..,..,..,..,..,..,..,..
Viet Nam,VNM,"Teachers in pre-primary education, both sexes (number)",SE.PRE.TCHR,..,158981,174009,188176,204944,215518,232178,250791,266346,262101,..,..,..,..,..
Viet Nam,VNM,"Adult literacy rate, population 15+ years, both sexes (%)",SE.ADT.LITR.ZS,..,..,..,..,..,..,..,..,95.00038,..,..,..,..,..,..
Viet Nam,VNM,"Government expenditure on pre-primary education, US$ (millions)",UIS.X.US.02.FSGOV,791.92371,920.4432,1320.60775,1522.45501,..,..,..,..,..,..,..,..,..,..,..
Viet Nam,VNM,"Government expenditure on primary education, US$ (millions)",UIS.X.US.1.FSGOV,1787.62348,1890.62334,2569.83596,2873.16959,..,..,..,..,..,..,..,..,..,..,..
Viet Nam,VNM,"Government expenditure on secondary education, US$ (millions)",UIS.X.US.2T3.FSGOV,2513.71456,2686.80102,3453.30143,3829.35561,..,..,..,..,..,..,..,..,..,..,..
Viet Nam,VNM,"Enrolment in pre-primary education, both sexes (number)",SE.PRE.ENRL,2901633,3070794,3320328,3551082,3614066,3754975,3978521,4409576,4599841,4415233,..,..,..,..,..
Viet Nam,VNM,"Enrolment in secondary education, both sexes (number)",SE.SEC.ENRL,..,..,..,..,..,..,..,..,..,..,..,..,..,..,..
Viet Nam,VNM,"Enrolment in primary education, both sexes (number)",SE.PRM.ENRL,6922624,7048493,7100950,7202767,7434848,7543632,7790009,7801560,8041842,8506562,..,..,..,..,..
Virgin Islands (U.S.),VIR,"Teachers in primary education, both sexes (number)",SE.PRM.TCHR,..,..,..,..,..,..,..,..,..,..,..,..,..,..,..
Virgin Islands (U.S.),VIR,"Teachers in secondary education, both sexes (number)",SE.SEC.TCHR,..,..,..,..,..,..,..,..,..,..,..,..,..,..,..
Virgin Islands (U.S.),VIR,"Teachers in pre-primary education, both sexes (number)",SE.PRE.TCHR,..,..,..,..,..,..,..,..,..,..,..,..,..,..,..
Virgin Islands (U.S.),VIR,"Adult literacy rate, population 15+ years, both sexes (%)",SE.ADT.LITR.ZS,..,..,..,..,..,..,..,..,..,..,..,..,..,..,..
Virgin Islands (U.S.),VIR,"Government expenditure on pre-primary education, US$ (millions)",UIS.X.US.02.FSGOV,..,..,..,..,..,..,..,..,..,..,..,..,..,..,..
Virgin Islands (U.S.),VIR,"Government expenditure on primary education, US$ (millions)",UIS.X.US.1.FSGOV,..,..,..,..,..,..,..,..,..,..,..,..,..,..,..
Virgin Islands (U.S.),VIR,"Government expenditure on secondary education, US$ (millions)",UIS.X.US.2T3.FSGOV,..,..,..,..,..,..,..,..,..,..,..,..,..,..,..
Virgin Islands (U.S.),VIR,"Enrolment in pre-primary education, both sexes (number)",SE.PRE.ENRL,..,..,..,..,..,..,..,..,..,..,..,..,..,..,..
Virgin Islands (U.S.),VIR,"Enrolment in secondary education, both sexes (number)",SE.SEC.ENRL,..,..,..,..,..,..,..,..,..,..,..,..,..,..,..
Virgin Islands (U.S.),VIR,"Enrolment in primary education, both sexes (number)",SE.PRM.ENRL,..,..,..,..,..,..,..,..,..,..,..,..,..,..,..
West Bank and Gaza,PSE,"Teachers in primary education, both sexes (number)",SE.PRM.TCHR,14491,16042,17375,18242,18620,18759,19267,19298,19964,21621,..,..,..,..,..
West Bank and Gaza,PSE,"Teachers in secondary education, both sexes (number)",SE.SEC.TCHR,31586,34423,34955,35564,35968,36168,37333,37466,44132,47789,..,..,..,..,..
West Bank and Gaza,PSE,"Teachers in pre-primary education, both sexes (number)",SE.PRE.TCHR,4665,5088,5281,6243,6590,5888,6127,8713,9033,9400,..,..,..,..,..
West Bank and Gaza,PSE,"Adult literacy rate, population 15+ years, both sexes (%)",SE.ADT.LITR.ZS,94.93201,95.26724,95.90622,96.2849,96.42839,96.69073,96.93023,..,97.21861,..,..,..,..,..,..
West Bank and Gaza,PSE,"Government expenditure on pre-primary education, US$ (millions)",UIS.X.US.02.FSGOV,..,..,..,..,..,..,..,..,..,..,..,..,..,..,..
West Bank and Gaza,PSE,"Government expenditure on primary education, US$ (millions)",UIS.X.US.1.FSGOV,..,..,..,..,..,..,..,..,..,..,..,..,..,..,..
West Bank and Gaza,PSE,"Government expenditure on secondary education, US$ (millions)",UIS.X.US.2T3.FSGOV,..,..,..,..,..,..,..,..,..,..,..,..,..,..,..
West Bank and Gaza,PSE,"Enrolment in pre-primary education, both sexes (number)",SE.PRE.ENRL,90918,95725,96772,111582,127440,134876,141677,146833,150851,148253,..,..,..,..,..
West Bank and Gaza,PSE,"Enrolment in secondary education, both sexes (number)",SE.SEC.ENRL,710936,705627,705443,706330,709226,721414,733345,752552,764986,787188,..,..,..,..,..
West Bank and Gaza,PSE,"Enrolment in primary education, both sexes (number)",SE.PRM.ENRL,402866,411368,424095,430409,442476,450182,459463,477204,488184,497002,..,..,..,..,..
World,WLD,"Teachers in primary education, both sexes (number)",SE.PRM.TCHR,28678644.29,29103535.6,29347337.25,30496804.8,30779888.82,31187943.79,31448427.09,31760389.02,31805227.46,32645600.04,..,..,..,..,..
World,WLD,"Teachers in secondary education, both sexes (number)",SE.SEC.TCHR,32196533.93,32489470.06,32762103.62,32432215.61,32949211.2,33474407.89,34322148.31,34679066.15,34992759.84,36525591.83,..,..,..,..,..
World,WLD,"Teachers in pre-primary education, both sexes (number)",SE.PRE.TCHR,7541948.681,8081472.478,8685362.055,9067381.367,9476917.509,9164660.706,10455520.14,10884663.23,11309819.84,11578914.56,..,..,..,..,..
World,WLD,"Adult literacy rate, population 15+ years, both sexes (%)",SE.ADT.LITR.ZS,84.02163,84.28377,84.72968,84.93172,85.3606,85.54232,85.98551,86.22016,86.24694,86.4783,..,..,..,..,..
World,WLD,"Government expenditure on pre-primary education, US$ (millions)",UIS.X.US.02.FSGOV,..,..,..,..,..,..,..,..,..,..,..,..,..,..,..
World,WLD,"Government expenditure on primary education, US$ (millions)",UIS.X.US.1.FSGOV,..,..,..,..,..,..,..,..,..,..,..,..,..,..,..
World,WLD,"Government expenditure on secondary education, US$ (millions)",UIS.X.US.2T3.FSGOV,..,..,..,..,..,..,..,..,..,..,..,..,..,..,..
World,WLD,"Enrolment in pre-primary education, both sexes (number)",SE.PRE.ENRL,153926280.8,163688387.5,175707030.9,185163423.8,187747993.2,194351998.8,205084582.1,211690329.5,214710043.4,216526576.4,..,..,..,..,..
World,WLD,"Enrolment in secondary education, both sexes (number)",SE.SEC.ENRL,546240714.4,555097772.2,562075343.9,573754374.8,580855018.8,583000161.2,586593275.5,588153361.3,597114748.8,601263005.3,..,..,..,..,..
World,WLD,"Enrolment in primary education, both sexes (number)",SE.PRM.ENRL,697088757.2,701971013.5,710216344.5,717102487.7,715773811.1,719916451.2,736371348.6,741509244.9,729573396.2,739442984,..,..,..,..,..
"Yemen, Rep.",YEM,"Teachers in primary education, both sexes (number)",SE.PRM.TCHR,111227,120339,121805.2285,..,..,..,144824,..,..,..,..,..,..,..,..
"Yemen, Rep.",YEM,"Teachers in secondary education, both sexes (number)",SE.SEC.TCHR,..,..,..,..,..,..,..,..,..,..,..,..,..,..,..
"Yemen, Rep.",YEM,"Teachers in pre-primary education, both sexes (number)",SE.PRE.TCHR,1683,1999,..,..,..,..,1375,..,..,..,..,..,..,..,..
"Yemen, Rep.",YEM,"Adult literacy rate, population 15+ years, both sexes (%)",SE.ADT.LITR.ZS,..,..,..,..,..,..,..,..,..,..,..,..,..,..,..
"Yemen, Rep.",YEM,"Government expenditure on pre-primary education, US$ (millions)",UIS.X.US.02.FSGOV,..,15.34144,..,..,..,..,..,..,..,..,..,..,..,..,..
"Yemen, Rep.",YEM,"Government expenditure on primary education, US$ (millions)",UIS.X.US.1.FSGOV,..,903.77923,..,..,..,..,..,..,..,..,..,..,..,..,..
"Yemen, Rep.",YEM,"Government expenditure on secondary education, US$ (millions)",UIS.X.US.2T3.FSGOV,..,265.76239,..,..,..,..,..,..,..,..,..,..,..,..,..
"Yemen, Rep.",YEM,"Enrolment in pre-primary education, both sexes (number)",SE.PRE.ENRL,25781,30137,..,29459,..,..,36320,..,..,..,..,..,..,..,..
"Yemen, Rep.",YEM,"Enrolment in secondary education, both sexes (number)",SE.SEC.ENRL,1561337,1643116,1674950,1768102,..,..,1915871,..,..,..,..,..,..,..,..
"Yemen, Rep.",YEM,"Enrolment in primary education, both sexes (number)",SE.PRM.ENRL,3426991,3640590,3684948,3874741,..,..,3900134,..,..,..,..,..,..,..,..
Zambia,ZMB,"Teachers in primary education, both sexes (number)",SE.PRM.TCHR,54716,54243,63697,64139,78395,75236,73949,78099,..,..,..,..,..,..,..
Zambia,ZMB,"Teachers in secondary education, both sexes (number)",SE.SEC.TCHR,..,..,..,..,..,..,..,..,..,..,..,..,..,..,..
Zambia,ZMB,"Teachers in pre-primary education, both sexes (number)",SE.PRE.TCHR,..,..,..,..,..,..,..,..,..,..,..,..,..,..,..
Zambia,ZMB,"Adult literacy rate, population 15+ years, both sexes (%)",SE.ADT.LITR.ZS,83.00767,..,..,..,..,..,..,..,86.74796,..,..,..,..,..,..
Zambia,ZMB,"Government expenditure on pre-primary education, US$ (millions)",UIS.X.US.02.FSGOV,..,..,..,..,..,5.39676,3.85424,3.88676,..,..,..,..,..,..,..
Zambia,ZMB,"Government expenditure on primary education, US$ (millions)",UIS.X.US.1.FSGOV,..,..,..,..,..,616.07472,529.72266,649.79694,..,..,..,..,..,..,..
Zambia,ZMB,"Government expenditure on secondary education, US$ (millions)",UIS.X.US.2T3.FSGOV,..,..,..,..,..,244.624,154.91508,225.08537,..,..,..,..,..,..,..
Zambia,ZMB,"Enrolment in pre-primary education, both sexes (number)",SE.PRE.ENRL,..,..,..,..,131394,142873,160295,..,..,..,..,..,..,..,..
Zambia,ZMB,"Enrolment in secondary education, both sexes (number)",SE.SEC.ENRL,..,..,..,..,..,..,..,..,..,..,..,..,..,..,..
Zambia,ZMB,"Enrolment in primary education, both sexes (number)",SE.PRM.ENRL,2899131,3030120,3135442,3075161,3217872,3215723,3203220,3284841,..,..,..,..,..,..,..
Zimbabwe,ZWE,"Teachers in secondary education, both sexes (number)",SE.SEC.TCHR,..,..,41759,42585,..,..,..,..,..,..,..,..,..,..,..
Zimbabwe,ZWE,"Teachers in primary education, both sexes (number)",SE.PRM.TCHR,..,..,74355,73148,..,..,..,..,..,..,..,..,..,..,..
Zimbabwe,ZWE,"Teachers in secondary education, both sexes (number)",SE.SEC.TCHR,..,..,41759,42585,..,..,..,..,..,..,..,..,..,..,..
Zimbabwe,ZWE,"Teachers in pre-primary education, both sexes (number)",SE.PRE.TCHR,..,..,10173,9992,..,..,..,..,..,..,..,..,..,..,..
Zimbabwe,ZWE,"Adult literacy rate, population 15+ years, both sexes (%)",SE.ADT.LITR.ZS,..,83.58271,..,..,88.69342,..,..,..,..,..,..,..,..,..,..
Zimbabwe,ZWE,"Government expenditure on pre-primary education, US$ (millions)",UIS.X.US.02.FSGOV,..,..,20.51026,22.80031,24.20267,..,..,..,..,..,..,..,..,..,..
Zimbabwe,ZWE,"Government expenditure on primary education, US$ (millions)",UIS.X.US.1.FSGOV,95.9028,..,487.56874,533.17369,571.64733,..,..,..,..,..,..,..,..,..,..
Zimbabwe,ZWE,"Government expenditure on secondary education, US$ (millions)",UIS.X.US.2T3.FSGOV,47.60715,..,270.944,304.562,321.511,..,..,..,..,..,..,..,..,..,..
Zimbabwe,ZWE,"Enrolment in pre-primary education, both sexes (number)",SE.PRE.ENRL,..,..,352946,374125,..,..,..,..,..,..,..,..,..,..,..
Zimbabwe,ZWE,"Enrolment in secondary education, both sexes (number)",SE.SEC.ENRL,..,..,936734,957461,..,..,..,..,..,..,..,..,..,..,..
Zimbabwe,ZWE,"Enrolment in primary education, both sexes (number)",SE.PRM.ENRL,..,..,2666451,2663187,..,..,..,..,..,..,..,..,..,..,..
